"lake_id","visit","ch4_ebullition_lake","ch4_ebullition_units_lake","ch4_diffusion_lake","ch4_diffusion_units_lake","ch4_total_lake","ch4_total_units_lake","co2_ebullition_lake","co2_ebullition_units_lake","co2_diffusion_lake","co2_diffusion_units_lake","co2_total_lake","co2_total_units_lake","ch4_ebullition_std_error_lake","ch4_diffusion_std_error_lake","ch4_total_std_error_lake","co2_ebullition_std_error_lake","co2_diffusion_std_error_lake","co2_total_std_error_lake","ch4_ebullition_margin_of_error_lake","ch4_diffusion_margin_of_error_lake","ch4_total_margin_of_error_lake","co2_ebullition_margin_of_error_lake","co2_diffusion_margin_of_error_lake","co2_total_margin_of_error_lake","ch4_ebullition_lcb95pct_lake","ch4_diffusion_lcb95pct_lake","ch4_total_lcb95pct_lake","co2_ebullition_lcb95pct_lake","co2_diffusion_lcb95pct_lake","co2_total_lcb95pct_lake","ch4_ebullition_ucb95pct_lake","ch4_diffusion_ucb95pct_lake","ch4_total_ucb95pct_lake","co2_ebullition_ucb95pct_lake","co2_diffusion_ucb95pct_lake","co2_total_ucb95pct_lake"
1,1,11.0073237931316,"mg_ch4_m2_h",0.564995683900412,"mg_ch4_m2_h",11.1847644181407,"mg_ch4_m2_h",0.183249579922104,"mg_co2_m2_h",53.2121674901645,"mg_co2_m2_h",53.3969245219852,"mg_co2_m2_h",3.95252243978523,0.0589832145959089,4.22402041198849,0.0884584949825978,28.5634825759246,28.5511002149954,7.74680163006543,0.115604976300379,8.27892787745948,0.173375464292509,55.9833971218496,55.9591281403848,3.26052216306618,0.449390707600033,2.90583654068125,0.00987411562959545,-2.77122963168508,-2.56220361839966,18.754125423197,0.68060066020079,19.4636922956002,0.356625044214613,109.195564612014,109.35605266237
10,1,0.67288014166288,"mg_ch4_m2_h",1.80679108871233,"mg_ch4_m2_h",2.47967123037521,"mg_ch4_m2_h",0.0167732596997982,"mg_co2_m2_h",72.2067082670017,"mg_co2_m2_h",72.2230357302347,"mg_co2_m2_h",0.24699574770981,0.213276601770633,0.311072230235844,0.00775874194933744,9.28897176548165,9.28431617467592,0.48410276984577,0.418014458215532,0.609690367852805,0.0152068547860415,18.2060501137535,18.1969253234475,0.18877737181711,1.38877663049679,1.8699808625224,0.00156640491375672,54.0006581532482,54.0261104067872,1.15698291150865,2.22480554692786,3.08936159822801,0.0319801144858397,90.4127583807552,90.4199610536822
100,1,0.154589918502341,"mg_ch4_m2_h",1.02333800122577,"mg_ch4_m2_h",1.188970056764,"mg_ch4_m2_h",0.00370551289788159,"mg_co2_m2_h",38.9272330539258,"mg_co2_m2_h",38.9314747184971,"mg_co2_m2_h",0.0794146335196507,0.0896143035845353,0.162879173677644,0.00194020683660659,3.34314083994351,3.3444839923286,0.155649821543963,0.175640807525328,0.319237314239826,0.0038027355223073,6.55243564153426,6.55506817183478,-0.00105990304162215,0.847697193700447,0.86973274252417,-9.72226244257092e-05,32.3747974123916,32.3764065466623,0.310239740046303,1.1989788087511,1.50820737100382,0.00750824842018889,45.4796686954601,45.4865428903319
1000,1,7.37153318447982,"mg_ch4_m2_h",2.35078158372538,"mg_ch4_m2_h",9.10872648611792,"mg_ch4_m2_h",0.193903382138355,"mg_co2_m2_h",239.845703921902,"mg_co2_m2_h",240.019467188361,"mg_co2_m2_h",0.990130461746025,0.582449128684461,0.984148142741832,0.0243471250263712,30.6825852308537,30.6860925287206,1.94062004501822,1.14157931504828,1.92889491522597,0.0477194881787813,60.1367620050538,60.1436361825561,5.4309131394616,1.2092022686771,7.17983157089194,0.146183893959574,179.708941916848,179.875831005805,9.31215322949804,3.49236089877366,11.0376214013439,0.241622870317136,299.982465926956,300.163103370917
1001,1,3.50170830760351,"mg_ch4_m2_h",1.69908915271004,"mg_ch4_m2_h",5.08752485013288,"mg_ch4_m2_h",0.0778384598341738,"mg_co2_m2_h",-42.3587839373404,"mg_co2_m2_h",-42.2821370625273,"mg_co2_m2_h",0.737240290051452,0.16349708852985,0.759071197111491,0.00732587159144441,10.7527558192605,10.7522314854624,1.44496441645271,0.320448405095663,1.48775220804023,0.0143584444745962,21.075014140304,21.0739864649439,2.0567438911508,1.37864074761438,3.59977264209265,0.0634800153595777,-63.4337980776444,-63.3561235274713,4.94667272405622,2.0195375578057,6.5752770581731,0.09219690430877,-21.2837697970364,-21.2081505975834
1002,1,0.156958347333471,"mg_ch4_m2_h",1.28582521269234,"mg_ch4_m2_h",1.44278356002582,"mg_ch4_m2_h",0.0103162246254039,"mg_co2_m2_h",193.090627285273,"mg_co2_m2_h",193.100943509898,"mg_co2_m2_h",0.0711570340723236,0.173033991112669,0.177066924885745,0.00485737770057203,16.4004340650458,16.4017920582634,0.139465224028444,0.339140390682056,0.347044795629319,0.00952028535242916,32.1442600983136,32.1469217161113,0.0174931233050276,0.946684822010289,1.0957387643965,0.000795939272974715,160.946367186959,160.954021793787,0.296423571361915,1.6249656033744,1.78982835565514,0.019836509977833,225.234887383586,225.24786522601
1003,1,3.36237488529153,"mg_ch4_m2_h",1.89140322904812,"mg_ch4_m2_h",5.25377811433965,"mg_ch4_m2_h",0.0531587028970209,"mg_co2_m2_h",-51.8560164973699,"mg_co2_m2_h",-51.8028577944729,"mg_co2_m2_h",1.32557030284171,0.249172024055189,1.32498584404906,0.0196710913985456,7.16550814062054,7.16030183651122,2.59807005254561,0.488368193103118,2.59692453436156,0.038554630677745,14.0441378865448,14.033933717998,0.764304832745928,1.403035035945,2.65685357997809,0.0146040722192759,-65.9001543839148,-65.8367915124709,5.96044493783714,2.37977142215124,7.85070264870121,0.0917133335747658,-37.8118786108251,-37.7689240764749
1004,1,0.384132666961192,"mg_ch4_m2_h",0.944975854223265,"mg_ch4_m2_h",1.32910852118446,"mg_ch4_m2_h",0.0188746852487201,"mg_co2_m2_h",-50.7886348950965,"mg_co2_m2_h",-50.7697602098478,"mg_co2_m2_h",0.230066453090841,0.0817649948988892,0.223234449902723,0.0113562533788365,10.3762473407035,10.3851223817652,0.450921962108921,0.160256445197924,0.437531481917948,0.0222578476218308,20.3370710824584,20.3544658433006,-0.06678929514773,0.784719409025341,0.891577039266509,-0.00338316237311066,-71.1257059775549,-71.1242260531484,0.835054629070113,1.10523229942119,1.7666400031024,0.0411325328705509,-30.4515638126381,-30.4152943665472
1005,1,5.29218839024423,"mg_ch4_m2_h",0.419222170685932,"mg_ch4_m2_h",5.67806160327337,"mg_ch4_m2_h",0.0577752807619145,"mg_co2_m2_h",13.1769386479306,"mg_co2_m2_h",12.1200020696504,"mg_co2_m2_h",2.9026794613902,0.0480324059053505,2.893058778606,0.0203816554750309,4.45514669612987,4.92528762673005,5.68914720298891,0.094141785665296,5.67029101122519,0.0399473106763641,8.73192707025716,9.65338636189165,-0.396958812744672,0.325080385020636,0.00777059204817743,0.0178279700855504,4.44501157767347,2.46661570775879,10.9813355932331,0.513363956351228,11.3483526144986,0.0977225914382786,21.9088657181878,21.7733884315421
1006,1,16.9044384768889,"mg_ch4_m2_h",1.7365568750941,"mg_ch4_m2_h",18.429220123313,"mg_ch4_m2_h",0.110243095512068,"mg_co2_m2_h",3.47886871097439,"mg_co2_m2_h",3.68089082477744,"mg_co2_m2_h",8.92892792740266,0.334790930151348,9.08076062040648,0.0688787381282814,3.52244071773709,3.53017929832348,17.5003771582631,0.656178165447307,17.7979637682263,0.134999846031997,6.90385694444211,6.91902428368291,-0.5959386813742,1.08037870964679,0.63125635508667,-0.0247567505199298,-3.42498823346772,-3.23813345890547,34.404815635152,2.39273504054141,36.2271838915393,0.245242941544065,10.3827256554165,10.5999151084603
1007,1,0.465147833009296,"mg_ch4_m2_h",2.33568566077495,"mg_ch4_m2_h",2.80083349378425,"mg_ch4_m2_h",0.0219874234527951,"mg_co2_m2_h",-85.9039019074285,"mg_co2_m2_h",-85.8819144839757,"mg_co2_m2_h",0.115018666610488,0.239442559434096,0.270806906562748,0.00967584137038067,8.79378355557385,8.79784731817365,0.225432444106375,0.46929879285692,0.530771783627689,0.0189643006060688,17.2354990567653,17.2434638851026,0.239715388902921,1.86638686791803,2.27006171015656,0.00302312284672633,-103.139400964194,-103.125378369078,0.690580277115671,2.80498445363187,3.33160527741194,0.0409517240588639,-68.6684028506632,-68.6384505988731
1008,1,1.69529724913565,"mg_ch4_m2_h",2.64176390873768,"mg_ch4_m2_h",4.47409543371679,"mg_ch4_m2_h",0.124943759108634,"mg_co2_m2_h",41.491646804577,"mg_co2_m2_h",43.3291206191566,"mg_co2_m2_h",0.569622511823614,0.360564266229442,0.648648404494513,0.0867584975562382,6.00018714704386,6.61146705633446,1.11643960795752,0.706692975921817,1.27132751143861,0.170043530563033,11.7601507087061,12.9582373153886,0.578857641178122,1.93507093281587,3.20276792227818,-0.0450997714543992,29.7314960958709,30.370883303768,2.81173685709317,3.3484568846595,5.74542294515541,0.294987289671667,53.2517975132831,56.2873579345451
1009,1,0.0959522183801751,"mg_ch4_m2_h",0.81461441577941,"mg_ch4_m2_h",0.879385221115397,"mg_ch4_m2_h",0.00249400103337212,"mg_co2_m2_h",41.253319034477,"mg_co2_m2_h",41.2558130355104,"mg_co2_m2_h",0.0469715078857904,0.128556785411382,0.13236774375327,0.00113694213299195,3.43396854755663,3.43387306850263,0.0920624637556882,0.251966669374553,0.259436010471236,0.00222836563317038,6.73045467725432,6.73026754174719,0.0038897546244869,0.562647746404857,0.619949210644162,0.000265635400201743,34.5228643572227,34.5255454937632,0.188014682135863,1.06658108515396,1.13882123158663,0.0047223666665425,47.9837737117313,47.9860805772576
101,1,0.11108579077666,"mg_ch4_m2_h",0.744922726631542,"mg_ch4_m2_h",0.856008517408202,"mg_ch4_m2_h",0.00381263179564838,"mg_co2_m2_h",70.7283173437366,"mg_co2_m2_h",70.7323499423751,"mg_co2_m2_h",0.0636283548142006,0.0858982370731153,0.116380644202049,0.00218382105373992,9.50031355182854,9.50011910452739,0.124709283831369,0.168357450998789,0.228101871133586,0.00428021061401056,18.6202724034217,18.6198912937146,-0.0136234930547092,0.576565275632753,0.627906646274616,-0.000467578818362182,52.1080449403149,52.1124586486605,0.235795074608029,0.913280177630332,1.08411038854179,0.00809284240965893,89.3485897471583,89.3522412360896
1010,1,2.85568272306798,"mg_ch4_m2_h",1.22573533071583,"mg_ch4_m2_h",4.08990047961912,"mg_ch4_m2_h",0.0768283142004025,"mg_co2_m2_h",-28.8347945222651,"mg_co2_m2_h",-28.7476460192693,"mg_co2_m2_h",0.617356376185355,0.136570348730664,0.670836772853117,0.0218461272705099,7.77229112501567,7.77431400933893,1.20999626294946,0.267672964868177,1.31481591429719,0.0428176226518777,15.233410682391,15.2373754628095,1.64568646011852,0.95806236584765,2.77508456532193,0.0340106915485248,-44.0682052046561,-43.9850214820788,4.06567898601744,1.493408295584,5.4047163939163,0.11964593685228,-13.6013838398741,-13.5102705564598
1011,1,2.4207365369678,"mg_ch4_m2_h",1.93818135768559,"mg_ch4_m2_h",4.22379413986921,"mg_ch4_m2_h",0.0566307308243559,"mg_co2_m2_h",158.899217372919,"mg_co2_m2_h",158.955032170074,"mg_co2_m2_h",0.93627830396685,0.252682142347508,0.869399962856834,0.0166042388391017,26.6177351556007,26.6166387717787,1.83507175528127,0.495247898537539,1.70399261535986,0.0325437101153404,52.1698022550029,52.1676533821987,0.585664781686526,1.44293345914805,2.51980152450935,0.0240870207090155,106.729415117916,106.787378787875,4.25580829224907,2.43342925622313,5.92778675522906,0.0891744409396963,211.069019627922,211.122685552273
1012,1,0.45087389018322,"mg_ch4_m2_h",0.617206009931955,"mg_ch4_m2_h",0.666033576733973,"mg_ch4_m2_h",0.0661297626098425,"mg_co2_m2_h",-23.7345223131885,"mg_co2_m2_h",-23.6622520946125,"mg_co2_m2_h",0.0738836935388591,0.150525324315771,0.0994444899536209,0.00981409038922469,0.695248884067977,0.6637869656179,0.144809378380958,0.295024214420121,0.194907618770052,0.0192352637039011,1.3626627730649,1.30099854601821,0.306064511802261,0.322181795511833,0.471125957963921,0.0468944989059414,-25.0971850862534,-24.9632506406307,0.595683268564178,0.912230224352076,0.860941195504025,0.0853650263137436,-22.3718595401236,-22.3612535485943
1013,1,3.39148758897791,"mg_ch4_m2_h",1.51198787779779,"mg_ch4_m2_h",4.7667387111063,"mg_ch4_m2_h",0.0565542138402246,"mg_co2_m2_h",44.5549643530681,"mg_co2_m2_h",44.8246646740687,"mg_co2_m2_h",0.895020061883219,0.152361608718342,0.960274662573887,0.0191457370945987,10.4560584514462,11.4203077989444,1.75420708673192,0.298623265714534,1.88210375391117,0.037524955162886,20.4934979850801,22.3833919782929,1.63728050224599,1.21336461208325,2.88463495719513,0.0190292586773386,24.061466367988,22.4412726957758,5.14569467570983,1.81061114351232,6.64884246501747,0.0940791690031106,65.0484623381482,67.2080566523616
1014,1,13.649665565525,"mg_ch4_m2_h",1.62510669189688,"mg_ch4_m2_h",15.0305395022149,"mg_ch4_m2_h",0.164388091426432,"mg_co2_m2_h",-60.697761466638,"mg_co2_m2_h",-60.5333733752115,"mg_co2_m2_h",2.79169629068543,0.456877175700615,2.92025088549627,0.0720898277140829,10.8012001554614,10.7888334991495,5.47162418551749,0.895462809731583,5.72358656139388,0.1412934659713,21.1699632945128,21.1457250935322,8.17804138000752,0.729643882165297,9.30695294082099,0.0230946254551324,-81.8677247611508,-81.6790984687437,19.1212897510425,2.52056950162846,20.7541260636087,0.305681557397732,-39.5277981721252,-39.3876482816794
1015,1,2.20678923322209,"mg_ch4_m2_h",2.84759589356684,"mg_ch4_m2_h",5.05438512678893,"mg_ch4_m2_h",0.0332697297044124,"mg_co2_m2_h",-92.8199745411451,"mg_co2_m2_h",-92.7867048114407,"mg_co2_m2_h",0.60146075005273,0.186923443723966,0.506579066222844,0.0148001220027304,5.39418545683693,5.40296564298168,1.1788414082178,0.366363217565173,0.992876725118704,0.0290077060921503,10.5724092213301,10.5896180699514,1.02794782500429,2.48123267600167,4.06150840167023,0.00426202361226204,-103.392383762475,-103.376322881392,3.38563064143989,3.21395911113202,6.04726185190764,0.0622774357965627,-82.247565319815,-82.1970867414893
1016,1,11.7525164234583,"mg_ch4_m2_h",4.31788796849751,"mg_ch4_m2_h",15.2068267982564,"mg_ch4_m2_h",0.560240470162967,"mg_co2_m2_h",48.3159341718634,"mg_co2_m2_h",48.8761746420264,"mg_co2_m2_h",3.64706677752201,0.89233638986389,4.02993294629841,0.212657187857687,3.45132503661132,3.53816131633489,7.14811953315569,1.74894718622772,7.89852343485627,0.416800429254635,6.76447277069956,6.93466875150921,4.60439689030266,2.56894078226979,7.30830336340009,0.143440040908332,41.5514614011639,41.9415058905172,18.900635956614,6.06683515472523,23.1053502331126,0.977040899417602,55.080406942563,55.8108433935356
1017,1,1.91620009570953,"mg_ch4_m2_h",0.824351719161705,"mg_ch4_m2_h",2.70324538670479,"mg_ch4_m2_h",0.0120675346095698,"mg_co2_m2_h",-59.4954676917985,"mg_co2_m2_h",-59.4834001571889,"mg_co2_m2_h",0.449897032944605,0.143080207594849,0.453008821880765,0.00471504942278111,5.49263217405854,5.49416690068642,0.881781981322855,0.280432053786418,0.887880975565219,0.00924132705397734,10.7653612414807,10.7683692503974,1.03441811438668,0.543919665375286,1.81536441113957,0.00282620755559251,-70.2608289332791,-70.2517694075863,2.79798207703239,1.10478377294812,3.59112636227001,0.0213088616635472,-48.7301064503178,-48.7150309067915
1018,1,5.20882727950341,"mg_ch4_m2_h",0.403878453405101,"mg_ch4_m2_h",5.58452816639187,"mg_ch4_m2_h",0.0700066750856399,"mg_co2_m2_h",-50.895159820371,"mg_co2_m2_h",-50.8374675175763,"mg_co2_m2_h",1.45967271596322,0.0863759799675135,1.49353683918527,0.0116379653260582,4.74553784481605,4.74550869525572,2.86090595250368,0.16929380986568,2.92727841438692,0.0228099928924,9.30108326311128,9.30102613102287,2.34792132699973,0.234584643539422,2.65724975200496,0.0471966821932399,-60.1962430834823,-60.1384936485992,8.06973323200709,0.573172263270781,8.51180658077879,0.0928166679780399,-41.5940765572598,-41.5364413865534
1019,1,12.2297055752487,"mg_ch4_m2_h",0.114338205904142,"mg_ch4_m2_h",12.3071142471862,"mg_ch4_m2_h",0.809641995173873,"mg_co2_m2_h",-9.68244692201361,"mg_co2_m2_h",-8.64907382587948,"mg_co2_m2_h",4.15132407055395,0.0237419054342983,4.14891540601186,0.432114974257083,4.85822132435084,5.15987378666713,8.13644566643996,0.0465332795755804,8.13172477068661,0.846929786724334,9.52193882465213,10.1131667866399,4.09325990880874,0.0678049263285619,4.17538947649958,-0.0372877915504619,-19.2043857466657,-18.7622406125193,20.3661512416887,0.160871485479723,20.4388390178728,1.65657178189821,-0.160508097361483,1.4640929607604
102,1,1.0725363385245,"mg_ch4_m2_h",1.11192881487636,"mg_ch4_m2_h",2.04709998980682,"mg_ch4_m2_h",0.00889951611049236,"mg_co2_m2_h",44.6055996763026,"mg_co2_m2_h",41.1104866791785,"mg_co2_m2_h",0.393988929697844,0.167322431808106,0.422799146999459,0.00288854542855284,7.09256704751407,6.93237272953699,0.772204112515258,0.327945940149547,0.828671100813195,0.00566144500767138,13.9011759710632,13.5872008773001,0.300332226009246,0.783982874726815,1.21842888899363,0.00323807110282098,30.7044237052394,27.5232858018784,1.84474045103976,1.43987475502591,2.87577109062002,0.0145609611181637,58.5067756473657,54.6976875564786
1020,1,3.47476239562895,"mg_ch4_m2_h",0.634706886547492,"mg_ch4_m2_h",4.10946928217644,"mg_ch4_m2_h",0.0160640255357077,"mg_co2_m2_h",-77.6583575997151,"mg_co2_m2_h",-77.6422935741794,"mg_co2_m2_h",1.23518525412512,0.0748878791879565,1.25203664767183,0.00466592306224056,12.9645216517849,12.9656735636478,2.42091861232019,0.146777546086981,2.45394673676105,0.00914504115662635,25.4099955142882,25.4122532200527,1.05384378330876,0.487929340460511,1.65552254541539,0.00691898437908131,-103.068353114003,-103.054546794232,5.89568100794914,0.781484432634473,6.56341601893749,0.025209066692334,-52.2483620854269,-52.2300403541267
1021,1,3.22982675312754,"mg_ch4_m2_h",1.71008570117409,"mg_ch4_m2_h",4.78782500048573,"mg_ch4_m2_h",0.0948201668829691,"mg_co2_m2_h",-60.4313160982356,"mg_co2_m2_h",-60.3364959313527,"mg_co2_m2_h",0.975668241885886,0.101514561927137,1.00999279546456,0.0392747577655768,8.73135857839502,8.72549646892358,1.91227461495585,0.19896488528355,1.97954950375547,0.0769771107220653,17.1131483497591,17.1016588263216,1.31755213817169,1.51112081589054,2.80827549673026,0.0178430561609038,-77.5444644479947,-77.4381547576743,5.14210136808339,1.90905058645764,6.7673745042412,0.171797277605034,-43.3181677484766,-43.234837105031
1022,1,3.07970954895685,"mg_ch4_m2_h",2.11237974664276,"mg_ch4_m2_h",5.02263465658321,"mg_ch4_m2_h",0.0444607291925076,"mg_co2_m2_h",-86.7978658858126,"mg_co2_m2_h",-86.7534051566201,"mg_co2_m2_h",0.774752017394486,0.342119793960171,0.883475981755082,0.0119918078460996,8.51227294910263,8.50956583868198,1.51848605104294,0.670542474560199,1.73158110544613,0.02350351148788,16.6837484068157,16.6784425678891,1.56122349791391,1.44183727208256,3.29105355113709,0.0209572177046276,-103.481614292628,-103.431847724509,4.59819559999979,2.78292222120296,6.75421576202934,0.0679642406803875,-70.1141174789969,-70.074962588731
1023,1,1.52219033594027,"mg_ch4_m2_h",1.22844268982014,"mg_ch4_m2_h",2.75063302576041,"mg_ch4_m2_h",0.167364441657466,"mg_co2_m2_h",17.1531360441078,"mg_co2_m2_h",17.3644640931524,"mg_co2_m2_h",0.942979746574296,0.114611555160501,0.893153255054233,0.108495850283187,5.14272251923993,5.17355197909562,1.84820634143633,0.224634520326707,1.75054821258101,0.212647959027096,10.0795509201934,10.1399755511733,-0.326016005496056,1.00380816949343,1.0000848131794,-0.0452835173696299,7.07358512391441,7.22448854197906,3.3703966773766,1.45307721014685,4.50118123834142,0.380012400684561,27.2326869643011,27.5044396443257
1024,1,1.57818802829901,"mg_ch4_m2_h",0.887118125653945,"mg_ch4_m2_h",2.46530615395296,"mg_ch4_m2_h",0.0226105118982564,"mg_co2_m2_h",-12.9569839789879,"mg_co2_m2_h",-12.9343734670896,"mg_co2_m2_h",0.42848132989483,0.141420573383028,0.417888618579073,0.0063060876240899,6.39641098160336,6.39821810721867,0.839807974641693,0.277179230503739,0.819046641964179,0.01235970462657,12.5367351542591,12.5402770553806,0.73838005365732,0.609938895150207,1.64625951198878,0.0102508072716865,-25.493719133247,-25.4746505224703,2.41799600294071,1.16429735615768,3.28435279591714,0.0349702165248264,-0.420248824728823,-0.394096411709013
1025,1,22.7751968932153,"mg_ch4_m2_h",2.24437164202122,"mg_ch4_m2_h",24.5706942068323,"mg_ch4_m2_h",0.309610390613532,"mg_co2_m2_h",-54.2338234316138,"mg_co2_m2_h",-53.9240758494288,"mg_co2_m2_h",3.64317029475399,0.437161040803394,3.79297765887631,0.0622911182076036,8.7099780518325,8.66453839759803,7.14048256726399,0.856819895418697,7.43409960556261,0.12208834824363,17.071243287726,16.9821832019565,15.6347143259514,1.38755174660253,17.1365946012697,0.187522042369901,-71.3050667193399,-70.9062590513853,29.9156794604793,3.10119153743992,32.0047938123949,0.431698738857162,-37.1625801438878,-36.9418926474722
1026,1,0.275949259215164,"mg_ch4_m2_h",0.23498913119736,"mg_ch4_m2_h",0.510938390412523,"mg_ch4_m2_h",0.0121514059636889,"mg_co2_m2_h",94.9366498249396,"mg_co2_m2_h",94.9467687773259,"mg_co2_m2_h",0.0626485182233663,0.0220220125299156,0.061372301768507,0.00275872303524508,6.71100401502298,6.71129865511308,0.122788839402599,0.0431623514257244,0.120287501114598,0.00540699779240137,13.1533261695487,13.1539036535137,0.153160419812565,0.191826779771635,0.390650889297926,0.00674440817128754,81.7833236553909,81.7928651238122,0.398738098617763,0.278151482623084,0.631225891527121,0.0175584037560903,108.089975994488,108.10067243084
1027,1,4.17556708027588,"mg_ch4_m2_h",1.49181359091039,"mg_ch4_m2_h",5.49149909024561,"mg_ch4_m2_h",0.288598310589251,"mg_co2_m2_h",-34.9249672487494,"mg_co2_m2_h",-33.5434834020475,"mg_co2_m2_h",1.90275915611386,0.238012464247752,2.01753444566257,0.14543129145346,10.017139643969,11.2856382263776,3.72933941723698,0.466495857797221,3.95429485106762,0.28504009347393,19.6332329302877,22.1194444662485,0.446227663038893,1.02531773311317,1.53720423917799,0.00355821711532062,-54.5582001790371,-55.662927868296,7.90490649751286,1.95830944870762,9.44579394131322,0.57363840406318,-15.2917343184617,-11.424038935799
1028,1,2.32661685883955,"mg_ch4_m2_h",0.95169438297613,"mg_ch4_m2_h",3.18696266326457,"mg_ch4_m2_h",0.0447357684298865,"mg_co2_m2_h",24.1062396789109,"mg_co2_m2_h",24.1997018765093,"mg_co2_m2_h",0.541495966865116,0.1765800109563,0.521750501770496,0.0107718727790292,8.44542957999898,8.47322132753057,1.06131259282932,0.346090461864036,1.02261219238587,0.0211124826929446,16.5527378107672,16.6072086349966,1.26530426601023,0.605603921112094,2.16435047087869,0.0236232857369419,7.55350186814362,7.59249324151271,3.38792945166887,1.29778484484017,4.20957485565044,0.0658482511228311,40.6589774896781,40.8069105115059
1029,1,2.66589324330552,"mg_ch4_m2_h",0.727544807735901,"mg_ch4_m2_h",3.39343805104142,"mg_ch4_m2_h",0.0237355775778432,"mg_co2_m2_h",-85.1342198976458,"mg_co2_m2_h",-85.110484320068,"mg_co2_m2_h",0.543294483432653,0.0680670296871914,0.572242874359843,0.00435839783498323,7.62390973529921,7.62495075011299,1.06483762052729,0.133408926721514,1.12157542415497,0.00854230278686448,14.9425885025707,14.9446288541131,1.60105562277823,0.594135881014387,2.27186262688645,0.0151932747909787,-100.076808400217,-100.055113174181,3.73073086383282,0.860953734457415,4.5150134751964,0.0322778803647077,-70.1916313950751,-70.1658554659548
103,1,0.135404115923089,"mg_ch4_m2_h",3.3919652387625,"mg_ch4_m2_h",3.52736935468559,"mg_ch4_m2_h",0.0099789797891339,"mg_co2_m2_h",38.2756908717597,"mg_co2_m2_h",38.2863175223721,"mg_co2_m2_h",0.0554736052744079,0.289212837459319,0.278224412911631,0.00307590169174465,28.2220864251914,28.220346856771,0.108726268430431,0.566846745286902,0.545309828926598,0.00602865653580534,55.314272961952,55.3108634704992,0.0266778474926586,2.8251184934756,2.98205952575899,0.00395032325332856,-17.0385820901922,-17.024545948127,0.24413038435352,3.9588119840494,4.07267918361219,0.0160076363249392,93.5899638337117,93.5971809928713
1030,1,0.0954192435691516,"mg_ch4_m2_h",0.591706775852651,"mg_ch4_m2_h",0.687126019421802,"mg_ch4_m2_h",0.00542455581161775,"mg_co2_m2_h",-47.9311985989504,"mg_co2_m2_h",-47.926322121806,"mg_co2_m2_h",0.039738245905363,0.0714394224504959,0.0602013410510939,0.00251162962504082,8.424343021397,8.42486925043873,0.0778855307833078,0.140018695079314,0.117992460281157,0.00492270360758385,16.5114089153495,16.5124403053189,0.0175337127858438,0.451688080773336,0.569133559140645,0.000501852204033898,-64.4426075142998,-64.4387624271248,0.173304774352459,0.731725470931964,0.805118479702959,0.0103472594192016,-31.4197896836009,-31.4138818164871
1031,1,9.75880748497371,"mg_ch4_m2_h",0.541036654909413,"mg_ch4_m2_h",10.1256868619585,"mg_ch4_m2_h",0.85857617361822,"mg_co2_m2_h",-47.0733387999941,"mg_co2_m2_h",-46.2697354519775,"mg_co2_m2_h",2.54465842803494,0.0975342112785078,2.52668918344147,0.336089786712141,3.63062165534585,3.58081980069407,4.98743887190479,0.191163541366396,4.9522197996722,0.658723877527544,7.11588768596905,7.01827784448827,4.77136861306892,0.349873113543018,5.17346706228629,0.199852296090676,-54.1892264859632,-53.2880132964657,14.7462463568785,0.732200196275809,15.0779066616307,1.51730005114576,-39.9574511140251,-39.2514576074892
1032,1,14.0481559219231,"mg_ch4_m2_h",4.95258789382655,"mg_ch4_m2_h",17.6800537107293,"mg_ch4_m2_h",0.317016607044212,"mg_co2_m2_h",-54.18367721959,"mg_co2_m2_h",-53.869164191158,"mg_co2_m2_h",1.89275829698108,1.76499480460998,2.78361904731579,0.0617516848101023,4.58791640828018,4.61216634478203,3.70973809352229,3.45932624993587,5.45579307941864,0.12103107821247,8.99215092430952,9.03967992648053,10.3384178284009,1.49326164389069,12.2242606313106,0.195985528831742,-63.1758281438995,-62.9088441176385,17.7578940154454,8.41191414376242,23.1358467901479,0.438047685256681,-45.1915262952804,-44.8294842646774
11,1,1.23763879266038,"mg_ch4_m2_h",1.4540487904004,"mg_ch4_m2_h",2.76970783739892,"mg_ch4_m2_h",0.018868208664018,"mg_co2_m2_h",109.731413979944,"mg_co2_m2_h",109.751488924195,"mg_co2_m2_h",0.807078956470978,0.18143684221207,0.819156626991315,0.013122618783095,9.37941503728867,9.37862399747427,1.58184568736329,0.355609676204333,1.60551748660029,0.0257198601977149,18.3833156691392,18.3817652595926,-0.344206894702907,1.09843911419607,1.16419035079863,-0.00685165153369691,91.3480983108047,91.3697236646025,2.81948448002366,1.80965846660473,4.37522532399921,0.044588068861733,128.114729649083,128.133254183788
116,1,3.18005838651887,"mg_ch4_m2_h",3.48625833803763,"mg_ch4_m2_h",6.66631672455651,"mg_ch4_m2_h",0.0393202241230281,"mg_co2_m2_h",-89.8548751571056,"mg_co2_m2_h",-89.8155549329826,"mg_co2_m2_h",0.726843869170093,0.380838494275786,0.963378322393278,0.00792854213933123,8.04414472210164,8.04133272967281,1.42458780595712,0.746429732707003,1.88818681537744,0.0155396570429974,15.7662339417472,15.7607225378619,1.75547058056175,2.73982860533063,4.77812990917907,0.0237805670800307,-105.621109098853,-105.576277470844,4.604646192476,4.23268807074464,8.55450353993395,0.0548598811660254,-74.0886412153585,-74.0548323951207
117,1,5.15857416618583,"mg_ch4_m2_h",0.860157075099633,"mg_ch4_m2_h",6.01873124128546,"mg_ch4_m2_h",0.441344095580413,"mg_co2_m2_h",-59.0448206952678,"mg_co2_m2_h",-58.6034765996874,"mg_co2_m2_h",2.43379186626191,0.22575392895179,2.61318532657486,0.235678428393337,9.34353340364601,9.44638480888916,4.77014440373987,0.442469570113923,5.12174912501526,0.461921231583942,18.3129889594931,18.514574009529,0.388429762445956,0.41768750498571,0.896982116270198,-0.0205771360035293,-77.3578096547609,-77.1180506092164,9.9287185699257,1.30262664521356,11.1404803663007,0.903265327164355,-40.7318317357747,-40.0889025901584
119,1,6.01311540724966,"mg_ch4_m2_h",2.60889080384157,"mg_ch4_m2_h",8.75957431067028,"mg_ch4_m2_h",0.393324587406582,"mg_co2_m2_h",177.863804186171,"mg_co2_m2_h",177.767541432506,"mg_co2_m2_h",0.904481806322193,0.490591473000159,0.720184525794937,0.052882605004944,28.3965815212362,29.2779095313301,1.77275176506323,0.961541618202766,1.41153573278113,0.103648001218348,55.6562770656785,57.3836482240289,4.24036364218643,1.6473491856388,7.34803857788914,0.289676586188234,122.207527120492,120.383893208477,7.78586717231289,3.57043242204434,10.1711100434514,0.49697258862493,233.520081251849,235.151189656535
13,1,2.32534331243675,"mg_ch4_m2_h",3.70983702098415,"mg_ch4_m2_h",6.20363625693591,"mg_ch4_m2_h",0.179596674360171,"mg_co2_m2_h",618.794670875719,"mg_co2_m2_h",618.988781080038,"mg_co2_m2_h",0.797215873576602,0.324063346781485,1.00929650008352,0.0553083877174785,57.7442058154495,57.7545865697784,1.56251440011378,0.635152488401224,1.97818478988602,0.108402447969235,113.176563714149,113.196909618766,0.762828912322978,3.07468453258293,4.22545146704989,0.0711942263909359,505.61810716157,505.791871461272,3.88785771255053,4.34498950938537,8.18182104682193,0.287999122329407,731.971234589868,732.185690698805
136,1,6.88215553698703,"mg_ch4_m2_h",1.75630192944016,"mg_ch4_m2_h",4.53337423270445,"mg_ch4_m2_h",0.783769372908175,"mg_co2_m2_h",-50.7563234894951,"mg_co2_m2_h",-50.6870003077924,"mg_co2_m2_h",2.52838405399122,0.802308441198312,1.85089341039165,0.533526473643513,2.21237073965494,2.19712670704307,4.95554168490817,1.57249564924116,3.62768442359014,1.04569267313994,4.33616697017392,4.30628921527549,1.92661385207885,0.183806280199,0.90568980911431,-0.261923300231769,-55.092490459669,-54.9932895230679,11.8376972218952,3.32879757868133,8.16105865629459,1.82946204604812,-46.4201565193212,-46.3807110925169
137,1,4.6357915928785,"mg_ch4_m2_h",1.61629598476002,"mg_ch4_m2_h",6.25208757763853,"mg_ch4_m2_h",0.622807442261717,"mg_co2_m2_h",-49.8348478659844,"mg_co2_m2_h",-49.2120404237226,"mg_co2_m2_h",0.394077228934447,0.181198708834785,0.470311664685549,0.0687849286665599,2.89522545895825,2.88932388748639,0.772377175838862,0.355142943361339,0.921793924292754,0.134815982865614,5.67453762668162,5.66297075914458,3.86341441703964,1.26115304139868,5.33029365334577,0.487991459396103,-55.509385492666,-54.8750111828672,5.40816876871737,1.97143892812136,7.17388150193128,0.757623425127331,-44.1603102393027,-43.5490696645781
138,1,0.514871080764825,"mg_ch4_m2_h",0.500719462646997,"mg_ch4_m2_h",0.884452192519413,"mg_ch4_m2_h",0.00867316884057808,"mg_co2_m2_h",28.806207794635,"mg_co2_m2_h",28.8113413251711,"mg_co2_m2_h",0.158450877626033,0.0629913578849607,0.148196154195577,0.00330705628016887,13.6429491145682,13.6427177389773,0.310558013465788,0.123460792791796,0.290459124870675,0.00648171120397799,26.7396889074663,26.7392354196413,0.204313067299036,0.377258669855201,0.593993067648737,0.00219145763660009,2.0665188871687,2.07210590552974,0.825429094230613,0.624180255438793,1.17491131739009,0.0151548800445561,55.5458967021014,55.5505767448124
14,1,1.494332059855,"mg_ch4_m2_h",1.13434930013946,"mg_ch4_m2_h",2.72772158491236,"mg_ch4_m2_h",0.113475201656993,"mg_co2_m2_h",-56.4378460885919,"mg_co2_m2_h",-56.3166717196711,"mg_co2_m2_h",0.908127700394733,0.0745679008969351,0.983783524690296,0.0848519896538923,2.80130522344414,2.76815649986617,1.77989758613686,0.146150400160745,1.92818027697685,0.166306843738194,5.49045734765444,5.42548704330815,-0.285565526281862,0.98819889997872,0.799541307935507,-0.0528316420812013,-61.9283034362464,-61.7421587629792,3.27422964599185,1.28049970030021,4.65590186188921,0.279782045395187,-50.9473887409375,-50.8911846763629
146,1,0.129639694549104,"mg_ch4_m2_h",0.488864014560065,"mg_ch4_m2_h",0.629311548710562,"mg_ch4_m2_h",0.00816458442133934,"mg_co2_m2_h",31.6883642931403,"mg_co2_m2_h",31.6954351978556,"mg_co2_m2_h",0.0960216256366427,0.089792915204882,0.200348665059757,0.00331016066039177,2.47108135016964,2.47033077690872,0.188198927984808,0.175990879868428,0.392676167867802,0.00648779567740919,4.8432304492011,4.84175935264194,-0.0585592334357035,0.312873134691637,0.23663538084276,0.00167678874393015,26.8451338439392,26.8536758452137,0.317838622533912,0.664854894428492,1.02198771657836,0.0146523800987485,36.5315947423414,36.5371945504975
147,1,4.87226881619594,"mg_ch4_m2_h",1.49880943617004,"mg_ch4_m2_h",2.99909558487007,"mg_ch4_m2_h",0.302043963033355,"mg_co2_m2_h",-17.5857656484487,"mg_co2_m2_h",-17.5267258422863,"mg_co2_m2_h",3.07839994381812,0.183123238671676,0.579039158894459,0.21038528801733,3.02663276065812,3.03377364564481,6.03355301989363,0.358914952528818,1.1348958970715,0.412347587391053,5.93209120531894,5.9460870827106,-1.16128420369769,1.13989448364123,1.86419968779857,-0.110303624357698,-23.5178568537676,-23.4728129249969,10.9058218360896,1.85772438869886,4.13399148194158,0.714391550424409,-11.6536744431297,-11.5806387595757
147,2,2.55919114203953,"mg_ch4_m2_h",2.16298677328707,"mg_ch4_m2_h",4.88736273797535,"mg_ch4_m2_h",0.0636814648618168,"mg_co2_m2_h",57.1698089202952,"mg_co2_m2_h",57.2383477747349,"mg_co2_m2_h",0.706674266545043,0.428885932306307,1.06327779851799,0.0365200271280231,15.5859574102552,15.5903877164655,1.38505611122954,0.840600980796246,2.08398619065629,0.071577937885351,30.5479151886753,30.556598429288,1.17413503080998,1.32238579249082,2.80337654731906,-0.00789647302353411,26.62189373162,26.6817493454469,3.94424725326907,3.00358775408331,6.97134892863164,0.135259402747168,87.7177241089705,87.7949462040229
148,1,13.3247284357514,"mg_ch4_m2_h",0.6468508480585,"mg_ch4_m2_h",2.24970268173179,"mg_ch4_m2_h",0.161807612177526,"mg_co2_m2_h",142.868412978228,"mg_co2_m2_h",142.903867049996,"mg_co2_m2_h",3.82849094502899,0.146508710256307,0.910151588328813,0.0422503435854415,46.0900013201755,46.0944147906193,7.50370436739453,0.287151795523776,1.7838643335964,0.0828091517619082,90.3347426349475,90.3433928780643,5.82102406835682,0.359699052534724,0.465838348135387,0.0789984604156174,52.5336703432806,52.5604741719319,20.8284328031459,0.934002643582277,4.03356701532818,0.244616763939434,233.203155613176,233.24725992806
148,2,7.97796457238951,"mg_ch4_m2_h",1.13351469223995,"mg_ch4_m2_h",4.10526837522771,"mg_ch4_m2_h",0.0382035384103595,"mg_co2_m2_h",-61.6067866573636,"mg_co2_m2_h",-61.5883753747874,"mg_co2_m2_h",2.16333779745388,0.16000831548367,1.17693403069287,0.011520025046038,7.20542167448299,7.20784558915075,4.24006416940381,0.313610535574916,2.30674831233759,0.0225788341912339,14.1223669754109,14.1271177608613,3.7379004029857,0.819904156665034,1.79852006289013,0.0156247042191255,-75.7291536327745,-75.7154931356488,12.2180287417933,1.44712522781487,6.4120166875653,0.0607823726015934,-47.4844196819526,-47.4612576139261
149,1,0.203035641640144,"mg_ch4_m2_h",1.65529689555599,"mg_ch4_m2_h",1.47578161282291,"mg_ch4_m2_h",0.0352212970088268,"mg_co2_m2_h",-39.1266074980561,"mg_co2_m2_h",-29.0190393679019,"mg_co2_m2_h",0.164097331868452,0.315190129989553,0.229694676765893,0.0194783826917992,12.3801531696618,9.13814452343984,0.321624860421284,0.617761303062023,0.450193293901719,0.0381769285530148,24.2646543356266,17.910434151464,-0.11858921878114,1.03753559249397,1.02558831892119,-0.00295563154418806,-63.3912618336827,-46.929473519366,0.524660502061427,2.27305819861801,1.92597490672463,0.0733982255618416,-14.8619531624296,-11.1086052164379
155,1,0.309860768171682,"mg_ch4_m2_h",2.29265653308003,"mg_ch4_m2_h",2.34656539903603,"mg_ch4_m2_h",0.0129240703770238,"mg_co2_m2_h",152.701803989038,"mg_co2_m2_h",143.073055437091,"mg_co2_m2_h",0.193256794738562,0.238886413047925,0.445598564913252,0.00613842097273324,11.8784229843102,13.5329521346481,0.378776357455231,0.468208765969893,0.873357138792706,0.0120310840285025,23.2812812423808,26.5240987884147,-0.0689155892835498,1.82444776711014,1.47320826024332,0.000892986348521292,129.420522746657,116.548956648677,0.688637125626913,2.76086529904992,3.21992253782874,0.0249551544055262,175.983085231419,169.597154225506
157,1,0.0863987982365716,"mg_ch4_m2_h",0.716649457515822,"mg_ch4_m2_h",0.803048255752394,"mg_ch4_m2_h",0.000990474676024275,"mg_co2_m2_h",89.0798831130703,"mg_co2_m2_h",89.0808735877463,"mg_co2_m2_h",0.0304680319169114,0.0580216496721399,0.065316249649087,0.000349285113426799,5.47753024305193,5.47768622758135,0.0597162452369632,0.113720343680994,0.128017496917437,0.000684586242652514,10.7357620006107,10.7360677246705,0.0266825529996085,0.602929113834828,0.675030758834956,0.000305888433371761,78.3441211124595,78.3448058630757,0.146115043473535,0.830369801196816,0.931065752669831,0.00167506091867679,99.815645113681,99.8169413124168
159,1,0.980525462929135,"mg_ch4_m2_h",1.38071642657473,"mg_ch4_m2_h",1.95210228536041,"mg_ch4_m2_h",0.0103628517286456,"mg_co2_m2_h",-16.129311698441,"mg_co2_m2_h",-17.363952455257,"mg_co2_m2_h",0.513628223817743,0.19462813714733,0.312534977190836,0.00447071843527867,1.71032717473405,1.54737722653822,1.00669282012605,0.381464139186889,0.612557299203085,0.00876244711816545,3.35217966425889,3.03280363451239,-0.026167357196919,0.999252287387843,1.33954498615732,0.00160040461048017,-19.4814913626999,-20.3967560897694,1.98721828305519,1.76218056576162,2.56465958456349,0.0191252988468111,-12.7771320341821,-14.3311488207446
16,1,7.48341504484651,"mg_ch4_m2_h",3.06752352122121,"mg_ch4_m2_h",10.5743928851954,"mg_ch4_m2_h",0.454109104393809,"mg_co2_m2_h",-4.69335099724521,"mg_co2_m2_h",-4.23315312761224,"mg_co2_m2_h",0.84275840715404,0.707426853828363,1.32585008575061,0.0726900695653768,3.30641971710959,3.31762940093531,1.65177612569026,1.38653115520007,2.59861841697054,0.142469918381849,6.48046356330791,6.50243413988441,5.83163891915625,1.68099236602114,7.97577446822488,0.311639186011959,-11.1738145605531,-10.7355872674966,9.13519117053677,4.45405467642128,13.173011302166,0.596579022775658,1.7871125660627,2.26928101227217
165,1,1.54400054692083,"mg_ch4_m2_h",1.9470748968126,"mg_ch4_m2_h",3.41538938917487,"mg_ch4_m2_h",0.0143203452440807,"mg_co2_m2_h",57.524979483561,"mg_co2_m2_h",57.5387427429694,"mg_co2_m2_h",0.419717560465326,0.193002785650947,0.684775703650749,0.00338023680637641,5.2823484402422,5.28281906986178,0.822631302191051,0.37827850879176,1.34213571664354,0.00662514239971446,10.353212696666,10.3541351137705,0.721369244729777,1.56879638802084,2.07325367253133,0.00769520284436623,47.171766786895,47.1846076291989,2.36663184911188,2.32535340560436,4.75752510581841,0.0209454876437951,67.878192180227,67.8928778567398
166,1,4.67171376496695,"mg_ch4_m2_h",3.68269418010985,"mg_ch4_m2_h",8.3544079450768,"mg_ch4_m2_h",0.201591625212494,"mg_co2_m2_h",721.362363633975,"mg_co2_m2_h",721.572786867065,"mg_co2_m2_h",2.32147291326394,0.332057997695184,2.49671450521691,0.112679159328458,32.3269787973493,32.342961145064,4.5500033010826,0.650821716261044,4.89347050990388,0.220847094092029,63.3597141717946,63.3910389977038,0.121710463884352,3.03187246384881,3.46093743517292,-0.0192554688795346,658.002649462181,658.181747869361,9.22171706604955,4.33351589637089,13.2478784549807,0.422438719304523,784.72207780577,784.963825864769
167,1,0.427095617128961,"mg_ch4_m2_h",0.566531124165313,"mg_ch4_m2_h",0.993626741294274,"mg_ch4_m2_h",0.00542750199818068,"mg_co2_m2_h",-14.6060214957228,"mg_co2_m2_h",-14.6006161935292,"mg_co2_m2_h",0.148632454285158,0.0554391451139833,0.170188851182012,0.00166093016636638,2.7863501738228,2.78668324721762,0.291314257332705,0.108658727757097,0.333564018886991,0.00325536330691423,5.4611459890096,5.46179880086766,0.135781359796256,0.457872396408216,0.660062722407283,0.00217213869126644,-20.0671674847324,-20.0624149943969,0.718409874461666,0.67518985192241,1.32719076018127,0.00868286530509491,-9.14487550671324,-9.13881739266158
17,1,28.5318054472285,"mg_ch4_m2_h",23.8503008883199,"mg_ch4_m2_h",53.1258495972903,"mg_ch4_m2_h",2.51333704847935,"mg_co2_m2_h",-68.7376609771111,"mg_co2_m2_h",-65.9100395523675,"mg_co2_m2_h",4.97808252050734,9.19175901656093,14.8867392727104,0.563268156857571,9.17321026166136,9.43192809172206,9.75686245226276,18.0155166270307,29.1774728217504,1.1039853010791,17.9791617354695,18.4862393645468,18.7749429949657,5.83478426128915,23.9483767755399,1.40935174740026,-86.7168227125806,-84.3962789169143,38.2886678994912,41.8658175153506,82.3033224190407,3.61732234955845,-50.7584992416416,-47.4238001878206
18,1,0.463254241846691,"mg_ch4_m2_h",0.70166248642122,"mg_ch4_m2_h",1.19892360600283,"mg_ch4_m2_h",0.0203148510499247,"mg_co2_m2_h",115.638309703082,"mg_co2_m2_h",115.660115840327,"mg_co2_m2_h",0.211138485089654,0.0776411934560867,0.295411182729207,0.0111107834270866,16.9739673058883,16.9727321674595,0.41382382652607,0.152173942890637,0.578995278779627,0.0217767353571142,33.2683645943014,33.2659437674651,0.0494304153206208,0.549488543530583,0.619928327223202,-0.00146188430718956,82.3699451087802,82.3941720728618,0.877078068372761,0.853836429311857,1.77791888478246,0.0420915864070389,148.906674297383,148.926059607792
184,1,0.131474355768766,"mg_ch4_m2_h",5.10881750448436,"mg_ch4_m2_h",5.23638284066821,"mg_ch4_m2_h",0.00419645715138227,"mg_co2_m2_h",211.278806052275,"mg_co2_m2_h",211.282679983196,"mg_co2_m2_h",0.0582341094447029,0.2604663051455,0.286160503954667,0.00139705821895298,10.7357691706794,10.7363732288926,0.114136757183381,0.510504577271399,0.56086428154898,0.00273818379345351,21.0417209208671,21.0429048532095,0.0173375985853846,4.59831292721296,4.67551855911923,0.00145827335792876,190.237085131408,190.239775129987,0.245611112952147,5.61932208175576,5.79724712221719,0.00693464094483578,232.320526973142,232.325584836406
186,1,9.45609664584459e-07,"mg_ch4_m2_h",0.254173335321259,"mg_ch4_m2_h",0.254174280930923,"mg_ch4_m2_h",0.00134691635810312,"mg_co2_m2_h",8.89133687896052,"mg_co2_m2_h",8.89268379531863,"mg_co2_m2_h",5.88343723793179e-07,0.0175157168911787,0.0175158523959271,0.000838030548379147,2.14001205443273,2.13980335352397,1.15313250916481e-06,0.0343301742701101,0.0343304398545367,0.00164250969276748,4.19434655316972,4.19393750690501,-2.07522844580354e-07,0.219843161051148,0.219843841076386,-0.000295593334664362,4.6969903257908,4.69874628841362,2.09874217374927e-06,0.288503509591369,0.28850472078546,0.00298942605087059,13.0856834321302,13.0866213022236
188,1,0.125447456584573,"mg_ch4_m2_h",2.11149467584894,"mg_ch4_m2_h",2.23694213243351,"mg_ch4_m2_h",0.0107248161755016,"mg_co2_m2_h",61.3536544761428,"mg_co2_m2_h",61.3643792923183,"mg_co2_m2_h",0.086306607795032,0.260481284940371,0.248463606861493,0.00759190554627043,26.5868993260991,26.5832310713993,0.169157842906087,0.510533937129843,0.486979720917445,0.0148798614447199,52.1093651397465,52.1021754926488,-0.0437103863215134,1.60096073871909,1.74996241151607,-0.0041550452692183,9.24428933639628,9.2622037996695,0.29460529949066,2.62202861297878,2.72392185335096,0.0256046776202216,113.463019615889,113.466554784967
190,1,0.220450604584416,"mg_ch4_m2_h",0.499650491880364,"mg_ch4_m2_h",0.736244155144168,"mg_ch4_m2_h",0.00324670769081959,"mg_co2_m2_h",73.6385497999937,"mg_co2_m2_h",73.6420342561491,"mg_co2_m2_h",0.064161250306357,0.0347995856254715,0.0833283104042022,0.000944941045704787,6.24747520168258,6.24812156120243,0.125753739803519,0.068205934502842,0.16332048728481,0.001852050417095,12.244826389605,12.2460932309849,0.0946968647808965,0.431444557377522,0.572923667859357,0.00139465727372459,61.3937234103887,61.3959410251642,0.346204344387935,0.567856426383206,0.899564642428978,0.00509875810791459,85.8833761895986,85.8881274871341
191,1,1.74343642525121,"mg_ch4_m2_h",0.298989104717484,"mg_ch4_m2_h",1.6886330500747,"mg_ch4_m2_h",0.0208532117172808,"mg_co2_m2_h",406.295985499754,"mg_co2_m2_h",406.312521060104,"mg_co2_m2_h",0.526692476779513,0.0752171636504762,0.486247833255402,0.00617489108262023,34.6858847594867,34.6874429379795,1.03229828541604,0.147422931774189,0.953028240741225,0.0121025641303932,67.9830849005008,67.9861388742281,0.71113813983517,0.151566172943295,0.735604809333473,0.00875064758688759,338.312900599253,338.326382185876,2.77573471066726,0.446412036491672,2.64166129081592,0.032955775847674,474.279070400254,474.298659934332
195,1,1.00342922909138,"mg_ch4_m2_h",6.5586540302734,"mg_ch4_m2_h",7.56208325936478,"mg_ch4_m2_h",0.0125812732341276,"mg_co2_m2_h",-87.7532984179798,"mg_co2_m2_h",-87.7407171447456,"mg_co2_m2_h",0.2812034393281,0.55415676287439,0.596521620064137,0.00427865582903802,6.25126919880034,6.25253844007846,0.551148613411869,1.08612729702311,1.16916089132519,0.00838601132715689,12.2522624873132,12.254750154506,0.452280615679512,5.47252673325029,6.39292236803959,0.00419526190697069,-100.005560905293,-99.9954672992517,1.55457784250325,7.64478132729651,8.73124415068997,0.0209672845612845,-75.5010359306665,-75.4859669902396
2,1,0.341534678690593,"mg_ch4_m2_h",0.342099953859509,"mg_ch4_m2_h",0.683634632550102,"mg_ch4_m2_h",0.0167555266310928,"mg_co2_m2_h",97.5824151179461,"mg_co2_m2_h",97.5991706445772,"mg_co2_m2_h",0.260448193001602,0.0329436240902083,0.251235563503602,0.00503952221322723,15.4774597995868,15.4771851942049,0.510469078121677,0.0645683167370344,0.492412656102686,0.00987728203721494,30.3352637793566,30.3347255626982,-0.168934399431084,0.277531637122474,0.191221976447416,0.00687824459387787,67.2471513385894,67.264445081879,0.852003756812271,0.406668270596543,1.17604728865279,0.0266328086683078,127.917678897303,127.933896207275
204,1,0.44331511087405,"mg_ch4_m2_h",2.16495658744081,"mg_ch4_m2_h",2.57188914398947,"mg_ch4_m2_h",0.020073661071758,"mg_co2_m2_h",-75.1682330516854,"mg_co2_m2_h",-75.1569435546,"mg_co2_m2_h",0.10957314168454,0.137873881468654,0.16918804350634,0.00781393469029916,3.66786323909562,3.66770180306116,0.214759411374604,0.270227842087306,0.331602471887223,0.0153150305705345,7.18887984884584,7.18856344003249,0.228555699499446,1.8947287453535,2.24028667210224,0.00475863050122348,-82.3571129005312,-82.3455069946325,0.658074522248653,2.43518442952811,2.90349161587669,0.0353886916422925,-67.9793532028395,-67.9683801145675
205,1,3.71721127110886,"mg_ch4_m2_h",2.89789011700426,"mg_ch4_m2_h",6.61510138811312,"mg_ch4_m2_h",0.124032486405861,"mg_co2_m2_h",27.3652604753597,"mg_co2_m2_h",27.4892929617655,"mg_co2_m2_h",1.29828743238544,0.213653488903373,1.27579778667702,0.0439819763452568,3.36445635955476,3.36403108915981,2.54459660905645,0.418753143421939,2.50051771344287,0.0862030896055958,6.59421329228407,6.59337977762628,1.17261466205241,2.47913697358232,4.11458367467024,0.0378293968002654,20.7710471830756,20.8959131841392,6.2618078801653,3.3166432604262,9.11561910155599,0.210235576011457,33.9594737676437,34.0826727393918
206,1,1.79970883831883,"mg_ch4_m2_h",1.62891526911815,"mg_ch4_m2_h",2.41376469860097,"mg_ch4_m2_h",0.089016478076915,"mg_co2_m2_h",66.4765258032647,"mg_co2_m2_h",66.492930264154,"mg_co2_m2_h",0.805075979866247,0.164479491071715,0.26301272301389,0.0587227929913599,5.57928260048087,5.58071741264748,1.57791992535614,0.322373878696039,0.515495464583034,0.115094559334666,10.9351929565135,10.9380051366846,0.221788912962692,1.30654139042211,1.89826923401794,-0.0260780812577514,55.5413328467513,55.5549251274694,3.37762876367497,1.95128914781419,2.92926016318401,0.204111037411581,77.4117187597782,77.4309354008386
207,1,0.00035406308311315,"mg_ch4_m2_h",0.526921160333378,"mg_ch4_m2_h",0.527275223416491,"mg_ch4_m2_h",0.00728437144490828,"mg_co2_m2_h",396.336885087286,"mg_co2_m2_h",396.345869364541,"mg_co2_m2_h",0.000248666805659126,0.0356559252048039,0.0358116832311219,0.00511598487623465,32.0419974227837,32.0445905563772,0.000487377983242507,0.0698843292368696,0.070189609358756,0.0100271461028715,62.8011609413813,62.8062433898317,-0.000133314900129356,0.457036831096508,0.457085614057735,-0.00274277465796324,333.535724145905,333.539625974709,0.000841441066355657,0.596805489570247,0.597464832775247,0.0173115175477798,459.138046028668,459.152112754372
208,1,4.30102133446754,"mg_ch4_m2_h",2.78277279613271,"mg_ch4_m2_h",7.08379413060025,"mg_ch4_m2_h",0.0605167788343354,"mg_co2_m2_h",73.203332928607,"mg_co2_m2_h",73.2638497074413,"mg_co2_m2_h",0.892714397395477,0.382352359695575,1.13838271904211,0.0113866780645993,11.850594022801,11.8479463135194,1.74968806737551,0.74939685440723,2.23118912994532,0.0223174789101669,23.2267374800956,23.2215480652621,2.55133326709203,2.03337594172548,4.85260500065492,0.0381992999241685,49.9765954485114,50.0423016421792,6.05070940184305,3.53216965053994,9.31498326054557,0.0828342577445023,96.4300704087025,96.4853977727033
209,1,0.83688610405244,"mg_ch4_m2_h",1.1405023475539,"mg_ch4_m2_h",1.87474424398336,"mg_ch4_m2_h",0.0213505456877941,"mg_co2_m2_h",-50.4183025579036,"mg_co2_m2_h",-45.3745679098174,"mg_co2_m2_h",0.238922393887386,0.146199853045124,0.2893979488607,0.00823464874956016,7.70332398643459,6.46228913768032,0.468279287119369,0.286546446513491,0.567209556966736,0.0161396149744757,15.0982375746553,12.6658539675378,0.368606816933071,0.853955901040413,1.30753468701662,0.00521093071331842,-65.5165401325589,-58.0404218773552,1.30516539117181,1.4270487940674,2.44195380095009,0.0374901606622698,-35.3200649832483,-32.7087139422796
210,1,39.9208419384505,"mg_ch4_m2_h",1.45387331589418,"mg_ch4_m2_h",56.1708666974668,"mg_ch4_m2_h",1.28395547147516,"mg_co2_m2_h",-161.022847451252,"mg_co2_m2_h",-159.27910777416,"mg_co2_m2_h",5.76561920293966,0.145542054213733,9.96591730488934,0.223341936246115,14.2241106400777,14.3629449644591,11.3004059863343,0.285257184494894,19.5328389904876,0.437742151279826,27.8787445666653,28.1508548422708,28.6204359521162,1.16861613139929,36.6380277069793,0.846213320195338,-188.901592017918,-187.42996261643,51.2212479247848,1.73913050038908,75.7037056879544,1.72169762275499,-133.144102884587,-131.128252931889
211,1,8.96998284812523,"mg_ch4_m2_h",2.48948571668171,"mg_ch4_m2_h",7.74806267346336,"mg_ch4_m2_h",0.351102632047282,"mg_co2_m2_h",5.0137132352654,"mg_co2_m2_h",5.2155766873976,"mg_co2_m2_h",1.77076160937414,0.605977417233286,1.12932212792668,0.0767263697020715,3.08197868336272,3.08896870641983,3.4706289795795,1.18769391322184,2.21343069768042,0.150380921280565,6.0405672205111,6.05426741395415,5.49935386854573,1.30179180345987,5.53463197578294,0.200721710766717,-1.0268539852457,-0.838690726556544,12.4406118277047,3.67717962990355,9.96149337114378,0.501483553327847,11.0542804557765,11.2698441013517
214,1,2.12077264322778,"mg_ch4_m2_h",1.37197664098297,"mg_ch4_m2_h",3.49274928421075,"mg_ch4_m2_h",0.0536438305933421,"mg_co2_m2_h",112.714619582122,"mg_co2_m2_h",112.768263412715,"mg_co2_m2_h",0.6615149906433,0.164382631141656,0.680975261957657,0.0157570695252598,11.2613743032154,11.2642882608585,1.29654555689422,0.322184036721577,1.33468698779974,0.0308832887714028,22.0718880507271,22.0775993027601,0.824227086333558,1.0497926042614,2.15806229641102,0.0227605418219393,90.6427315313944,90.6906641099548,3.417318200122,1.69416067770455,4.82743627201049,0.0845271193647449,134.786507632849,134.845862715475
230,1,1.17138878392742,"mg_ch4_m2_h",2.98648578161139,"mg_ch4_m2_h",4.15787456553882,"mg_ch4_m2_h",0.0233315377826211,"mg_co2_m2_h",-62.0524025701065,"mg_co2_m2_h",-62.0290710323238,"mg_co2_m2_h",0.723264433060381,0.334391325653175,0.694495087123771,0.0131379433691972,3.86241847585605,3.8664391125439,1.41757224009713,0.655394955022827,1.3611853582026,0.0257498958345533,7.57020110589994,7.57808140900306,-0.246183456169705,2.33109082658857,2.79668920733622,-0.0024183580519322,-69.6226036760064,-69.6071524413269,2.58896102402455,3.64188073663422,5.51905992374141,0.0490814336171744,-54.4822014642065,-54.4509896233208
231,1,0.0955385410834736,"mg_ch4_m2_h",1.55460053978756,"mg_ch4_m2_h",1.72015777028421,"mg_ch4_m2_h",0.0871811004235092,"mg_co2_m2_h",171.245855489928,"mg_co2_m2_h",178.680567112855,"mg_co2_m2_h",0.0366851952168949,0.257217123721273,0.289169503747358,0.0381847414089829,22.7746086754447,24.3398708897195,0.0719016613909351,0.504136298700678,0.566761812772142,0.0748407179205818,44.637412765865,47.705270332205,0.0236368796925385,1.05046424108688,1.15339595751207,0.0123403825029275,126.608442724063,130.975296780649,0.167440202474409,2.05873683848824,2.28691958305635,0.162021818344091,215.883268255793,226.38583744506
232,1,0.821281973397705,"mg_ch4_m2_h",4.58705995752317,"mg_ch4_m2_h",5.73598907074396,"mg_ch4_m2_h",0.0594845415626614,"mg_co2_m2_h",-106.640015273609,"mg_co2_m2_h",-114.78023220261,"mg_co2_m2_h",0.402895574072718,0.708077092528462,0.949460451826345,0.0189392802084386,15.5785395318928,16.2054009051787,0.789660814713116,1.38780559963362,1.86090829032476,0.0371203071016519,30.5333764142433,31.762002129183,0.031621158684589,3.19925435788955,3.87508078041919,0.0223642344610095,-137.173391687853,-146.542234331793,1.61094278811082,5.97486555715679,7.59689736106872,0.0966048486643134,-76.1066388593659,-83.0182300734273
233,1,1.59232430407584,"mg_ch4_m2_h",0.459490354882144,"mg_ch4_m2_h",2.39124047683654,"mg_ch4_m2_h",0.0169882945924402,"mg_co2_m2_h",-2.11905348714995,"mg_co2_m2_h",-2.99796154995057,"mg_co2_m2_h",0.658812364444833,0.0844406406772123,0.765903751839596,0.00512459427070318,1.81052009307374,2.57813628934286,1.29124850688155,0.165500614558824,1.50114376922971,0.0100440202059585,3.54855417571063,5.05305427434775,0.301075797194287,0.29398974032332,0.89009670760683,0.00694427438648162,-5.66760766286058,-8.05101582429832,2.88357281095738,0.624990969440967,3.89238424606625,0.0270323147983987,1.42950068856068,2.05509272439718
234,1,0.4516069216328,"mg_ch4_m2_h",7.08220326708309,"mg_ch4_m2_h",7.53381018871589,"mg_ch4_m2_h",0.00978993643791673,"mg_co2_m2_h",138.304757738263,"mg_co2_m2_h",138.314547674701,"mg_co2_m2_h",0.0683777206584366,0.601715198657766,0.570862358900179,0.00156404076900463,7.76223510136836,7.76149188772295,0.134017869835476,1.17934011831959,1.11886966357393,0.0030654635776014,15.2137012382146,15.2122445662368,0.317589051797323,5.9028631487635,6.41494052514196,0.00672447286031533,123.091056500049,123.102303108465,0.585624791468276,8.26154338540267,8.65267985228982,0.0128554000155181,153.518458976478,153.526792240938
235,1,9.86318156994544,"mg_ch4_m2_h",4.98702860395017,"mg_ch4_m2_h",14.691925148575,"mg_ch4_m2_h",0.260771299377024,"mg_co2_m2_h",253.641083619838,"mg_co2_m2_h",253.897096864029,"mg_co2_m2_h",3.00066469205435,0.476497625159402,3.04804815898194,0.0850822002625386,36.0764820029875,36.0525003060962,5.88119472610749,0.933918184031294,5.97406461474821,0.16675804824,70.7086054147629,70.6616021525679,3.98198684383795,4.05311041991887,8.71786053382678,0.0940132511370245,182.932478205075,183.235494711461,15.7443762960529,5.92094678798146,20.6659897633232,0.427529347617024,324.349689034601,324.558699016597
236,1,4.16161978785815,"mg_ch4_m2_h",4.15544292058165,"mg_ch4_m2_h",8.43337387958085,"mg_ch4_m2_h",0.0707951414465371,"mg_co2_m2_h",44.7366942107554,"mg_co2_m2_h",44.8092475500911,"mg_co2_m2_h",1.30292939649809,0.499381285712303,1.56037767239561,0.0240897430085216,6.75258748862021,6.7500688202354,2.55369469153476,0.97876933454942,3.05828404017583,0.0472150286935279,13.2348282801514,13.2298917808281,1.60792509632339,3.17667358603223,5.37508983940502,0.0235801127530093,31.5018659306041,31.579355769263,6.71531447939291,5.13421225513107,11.4916579197567,0.118010170140065,57.9715224909068,58.0391393309193
237,1,4.53217726295573,"mg_ch4_m2_h",2.92918324194422,"mg_ch4_m2_h",6.89784655146056,"mg_ch4_m2_h",0.0295972080694439,"mg_co2_m2_h",-22.685394239338,"mg_co2_m2_h",-20.7344574688921,"mg_co2_m2_h",1.02818206210617,0.395649162378986,1.33451603106886,0.00534598800168728,4.28384375451679,4.15468319201342,2.01519981127822,0.775458108776252,2.6156033576863,0.0104779439450903,8.39617947424975,8.14302942352021,2.51697745167751,2.15372513316797,4.28224319377426,0.0191192641243536,-31.0815737135877,-28.8774868924124,6.54737707423395,3.70464135072047,9.51344990914687,0.0400751520145342,-14.2892147650882,-12.5914280453719
238,1,0.0875845269588093,"mg_ch4_m2_h",2.96240245227295,"mg_ch4_m2_h",3.04998697923176,"mg_ch4_m2_h",0.00340439505979028,"mg_co2_m2_h",-114.750097318266,"mg_co2_m2_h",-114.746692923207,"mg_co2_m2_h",0.0460465060057101,0.274744610093873,0.274322284441594,0.0017898195378753,9.87290726710522,9.87316023848178,0.090249493385099,0.538489540730492,0.537661797662277,0.00350798183306171,19.35054266623,19.3510384810172,-0.0026649664262898,2.42391291154246,2.51232518156949,-0.000103586773271433,-134.100639984496,-134.097731404224,0.177834020343908,3.50089199300345,3.58764877689404,0.00691237689285199,-95.3995546520365,-95.3956544421895
239,1,0.0215619612847304,"mg_ch4_m2_h",0.701233285667509,"mg_ch4_m2_h",0.72279524695224,"mg_ch4_m2_h",0.000838109618513414,"mg_co2_m2_h",-82.1319406266714,"mg_co2_m2_h",-82.1311025170528,"mg_co2_m2_h",0.00716289638051648,0.072992201648245,0.0725962986410637,0.000278420514425891,6.21650289127991,6.21652431942704,0.0140390189308046,0.143062086382845,0.142286130747399,0.00054569418083186,12.1841217766977,12.1841637750944,0.00752294235392582,0.558171199284664,0.580509116204841,0.000292415437681554,-94.3160624033691,-94.3152662921472,0.035600980215535,0.844295372050355,0.865081377699638,0.00138380379934527,-69.9478188499736,-69.9469387419585
240,1,0.653037931021699,"mg_ch4_m2_h",4.26336772233645,"mg_ch4_m2_h",4.91640565335815,"mg_ch4_m2_h",0.054918602596847,"mg_co2_m2_h",NA,NA,0.054918602596847,"mg_co2_m2_h",0.256418981918676,0.499910481858818,0.487952380584131,0.0318811131043348,NA,0.0318811131043348,0.502571969513032,0.979806539937347,0.956369092115478,0.0624858334715441,NA,0.0624858334715441,0.150465961508667,3.2835611823991,3.96003656124267,-0.00756723087469707,NA,-0.00756723087469707,1.15560990053473,5.2431742622738,5.87277474547363,0.117404436068391,NA,0.117404436068391
247,1,0.134232546527599,"mg_ch4_m2_h",0.0910214458085813,"mg_ch4_m2_h",0.22525399233618,"mg_ch4_m2_h",0.00521759532339021,"mg_co2_m2_h",-38.1277319265088,"mg_co2_m2_h",-38.1221091145564,"mg_co2_m2_h",0.0528745395814649,0.0352311635681854,0.0642349349306593,0.00205522399435326,3.53708738182734,3.53716642221113,0.103632193278809,0.069051811727083,0.125898159013366,0.00402816500909494,6.93256387855265,6.93271879485821,0.0306003532487903,0.0219696340814983,0.0993558333228143,0.00118943031429527,-45.0602958050614,-45.0548279094147,0.237864739806408,0.160073257535664,0.351152151349546,0.00924576033248515,-31.1951680479561,-31.1893903196982
249,1,0.501600178483296,"mg_ch4_m2_h",0.868440602368052,"mg_ch4_m2_h",1.37004078085135,"mg_ch4_m2_h",0.0481660716128801,"mg_co2_m2_h",-42.6834707317049,"mg_co2_m2_h",-42.635304660092,"mg_co2_m2_h",0.181641498630203,0.0919622670167172,0.201871759096213,0.0194395395703961,5.0540653796007,5.052503293402,0.35601079541308,0.180242731289421,0.395661377324323,0.0381007974340176,9.90578611952813,9.90272448683794,0.145589383070217,0.688197871078631,0.974379403527025,0.0100652741788625,-52.589256851233,-52.5380291469299,0.857610973896376,1.04868333365747,1.76570215817567,0.0862668690468977,-32.7776846121768,-32.7325801732541
250,1,2.64648519865074e-05,"mg_ch4_m2_h",0.351358185380613,"mg_ch4_m2_h",0.360438038490717,"mg_ch4_m2_h",0.00129492836253603,"mg_co2_m2_h",52.3731226664731,"mg_co2_m2_h",52.7840688368609,"mg_co2_m2_h",1.76690282233915e-05,0.0231206262065993,0.0265145475607989,0.000457176800187941,4.89093187170403,5.64568994591195,3.4630658959669e-05,0.0453155946649475,0.0519675582855401,0.000896050062935629,9.58605031937898,11.0653489618673,-8.16580697316166e-06,0.306042590715666,0.308470480205177,0.0003988782996004,42.7870723470941,41.7187198749936,6.10955109461764e-05,0.396673780045561,0.412405596776257,0.00219097842547166,61.959172985852,63.8494177987282
250,2,2.06202520333056,"mg_ch4_m2_h",4.88671576636128,"mg_ch4_m2_h",6.77564071134515,"mg_ch4_m2_h",0.0100850981769338,"mg_co2_m2_h",-30.4335748470747,"mg_co2_m2_h",-30.4238746328296,"mg_co2_m2_h",0.512562927187744,0.592117928639359,1.03551299930407,0.00324411450547192,1.95183278281757,1.95019603795242,1.0046048770984,1.1605298147336,2.02956818415903,0.00635834759244892,3.82552195816703,3.82231399717946,1.05742032623215,3.72618595162768,4.74607252718612,0.00372675058448488,-34.2590968052418,-34.246188630009,3.06663008042896,6.04724558109488,8.80520889550418,0.0164434457693827,-26.6080528889077,-26.6015606356501
253,1,0.357573281822429,"mg_ch4_m2_h",NA,NA,NA,NA,0.0124787008046512,"mg_co2_m2_h",-47.0957152028246,"mg_co2_m2_h",-47.0909373726649,"mg_co2_m2_h",0.164876639115208,NA,NA,0.00705439924391468,2.74479022932057,2.7447710060586,0.323152274557815,NA,NA,0.0138263684506394,5.37968999458576,5.37965231768462,0.0344210072646133,NA,NA,-0.00134766764598812,-52.4754051974104,-52.4705896903495,0.680725556380244,NA,NA,0.0263050692552906,-41.7160252082389,-41.7112850549802
263,1,3.26357116452313,"mg_ch4_m2_h",5.36247713754206,"mg_ch4_m2_h",8.62604830206519,"mg_ch4_m2_h",0.0406047998859747,"mg_co2_m2_h",-86.0944054963991,"mg_co2_m2_h",-86.0538006965132,"mg_co2_m2_h",0.942197663243731,1.20995767258503,2.11976524107352,0.0249396487938484,19.6021514669931,19.606106086332,1.84667348627551,2.37147346108456,4.15466352818397,0.0488808134230207,38.4195108948054,38.4272618062823,1.41689767824762,2.9910036764575,4.47138477388122,-0.008276013537046,-124.513916391205,-124.481062502795,5.11024465079864,7.73395059862662,12.7807118302492,0.0894856133089954,-47.6748946015937,-47.6265388902309
264,1,0.681359995875446,"mg_ch4_m2_h",3.07112003656944,"mg_ch4_m2_h",3.23087619066987,"mg_ch4_m2_h",0.026484342434001,"mg_co2_m2_h",14.2337533886484,"mg_co2_m2_h",-5.95039987673579,"mg_co2_m2_h",0.144164724054425,0.489681711713843,0.580080897356179,0.00560365730579023,15.6140796605204,17.7276737439764,0.282557666987828,0.959758518847057,1.13693766693779,0.0109829665010536,30.6030337863593,34.7456020678701,0.398802328887618,2.11136151772238,2.09393852373208,0.0155013759329474,-16.3692803977109,-40.6960019446059,0.963917662863274,4.03087855541649,4.36781385760766,0.0374673089350546,44.8367871750077,28.7952021911343
265,1,4.0163577984259,"mg_ch4_m2_h",3.36581393503439,"mg_ch4_m2_h",5.63292417210347,"mg_ch4_m2_h",0.177370673969233,"mg_co2_m2_h",-0.701465094116532,"mg_co2_m2_h",-0.641652170299254,"mg_co2_m2_h",1.56086045320419,0.449655421438687,1.16459776155073,0.0982363874598446,2.97338270684248,2.97751454589865,3.05923027317308,0.881308431473006,2.28256966911539,0.192539781392617,5.82772301766548,5.83582127340548,0.957127525252825,2.48450550356138,3.35035450298808,-0.0151691074233842,-6.52918811178201,-6.47747344370474,7.07558807159898,4.24712236650739,7.91549384121886,0.369910455361851,5.12625792354895,5.19416910310623
275,1,1.47113530359386,"mg_ch4_m2_h",5.21554875553507,"mg_ch4_m2_h",6.62402682707877,"mg_ch4_m2_h",0.0138783343311612,"mg_co2_m2_h",-151.308464680043,"mg_co2_m2_h",-151.910964035616,"mg_co2_m2_h",0.674471499265734,0.869164445445647,1.03258417935643,0.00833001131035798,18.4112333153083,21.3720209694997,1.32193984715957,1.7035310097162,2.02382780254446,0.0163265221591129,36.0853542089682,41.8883913770542,0.14919545643429,3.51201774581887,4.60019902453431,-0.00244818782795171,-187.393818889011,-193.79935541267,2.79307515075343,6.91907976525127,8.64785462962323,0.0302048564902742,-115.223110471075,-110.022572658561
276,1,7.56596701457762,"mg_ch4_m2_h",41.1569156836592,"mg_ch4_m2_h",51.060556805374,"mg_ch4_m2_h",0.413904376720424,"mg_co2_m2_h",63.6617832751298,"mg_co2_m2_h",41.1374300501094,"mg_co2_m2_h",0.808555408195732,4.11750242354908,3.92504761576394,0.0859001717963323,35.956316066663,31.1617632372217,1.58473947956872,8.07015645641257,7.69295196450213,0.168361242986615,70.4730845073984,61.0759336397187,5.9812275350089,33.0867592272467,43.3676048408718,0.245543133733809,-6.81130123226865,-19.9385035896093,9.15070649414633,49.2270721400718,58.7535087698761,0.582265619707039,134.134867782528,102.213363689828
281,1,0.000358629306866201,"mg_ch4_m2_h",0.588631887507064,"mg_ch4_m2_h",0.58899051681393,"mg_ch4_m2_h",0.00288422375846524,"mg_co2_m2_h",246.973257914105,"mg_co2_m2_h",246.976142137864,"mg_co2_m2_h",0.000190621722614351,0.0460482662004283,0.0460286639492104,0.00144174864411584,23.4148124030879,23.414180759802,0.000373611710995112,0.0902529433033525,0.0902145235969496,0.00282577541722649,45.892189014814,45.8909510167226,-1.49824041289103e-05,0.498378944203711,0.49877599321698,5.84483412387417e-05,201.081068899291,201.085191121141,0.000732241017861313,0.678884830810416,0.67920504041088,0.00570999917569173,292.865446928919,292.867093154586
281,2,0.233258015068587,"mg_ch4_m2_h",1.26412191876549,"mg_ch4_m2_h",1.49737993383408,"mg_ch4_m2_h",0.00362212903603819,"mg_co2_m2_h",53.6588280098452,"mg_co2_m2_h",53.6624501388813,"mg_co2_m2_h",0.0970421403160777,0.0899006891790469,0.105118771996762,0.0015069113661745,4.03643862949429,4.03601306652917,0.190199100002195,0.176202112976262,0.206029007212732,0.00295349200559607,7.91127433961503,7.91044025153023,0.0430589150663925,1.08791980578923,1.29135092662135,0.000668637030442116,45.7475536702302,45.7520098873511,0.423457115070782,1.44032403174175,1.70340894104681,0.00657562104163427,61.5701023494603,61.5728903904115
287,1,0.644291161900939,"mg_ch4_m2_h",0.285598001440361,"mg_ch4_m2_h",0.929889163341299,"mg_ch4_m2_h",0.0348201165073148,"mg_co2_m2_h",-18.1226261016161,"mg_co2_m2_h",-18.0878059851088,"mg_co2_m2_h",0.210644358737169,0.0377593756454017,0.218504496207089,0.0192372640610046,4.00959701728498,4.00975364828275,0.412855356671386,0.0740070163437061,0.428260943025964,0.0377043447206558,7.85866574639778,7.85897273751227,0.231435805229552,0.211590985096654,0.501628220315336,-0.002884228213341,-25.9812918480139,-25.946778722621,1.05714651857233,0.359605017784067,1.35815010636726,0.0725244612279705,-10.2639603552183,-10.2288332475965
288,1,4.12723644765924,"mg_ch4_m2_h",0.718614632536671,"mg_ch4_m2_h",4.54288918242433,"mg_ch4_m2_h",0.00983779966311244,"mg_co2_m2_h",-40.3415342259353,"mg_co2_m2_h",-43.2810788720292,"mg_co2_m2_h",3.03325903030039,0.154466709986848,3.27384781209496,0.00676931785174521,7.28675413559045,7.53157017740056,5.94507845516965,0.302749188384616,6.41662380257137,0.0132676191893247,14.2817756699556,14.761606294741,-1.81784200751041,0.415865444152055,-1.87373462014704,-0.00342981952621223,-54.6233098958909,-58.0426851667702,10.0723149028289,1.02136382092129,10.9595129849957,0.0231054188524371,-26.0597585559797,-28.5194725772882
291,1,0.663353069658653,"mg_ch4_m2_h",1.74886994954934,"mg_ch4_m2_h",2.53189508360366,"mg_ch4_m2_h",0.00123125562511674,"mg_co2_m2_h",-116.146209984425,"mg_co2_m2_h",-116.144855054573,"mg_co2_m2_h",0.189228658464519,0.196137202564533,0.308378233471745,0.000277610987879097,6.31857911140697,6.31847979714023,0.370881355433288,0.384421853054922,0.604410231220703,0.000544107537955615,12.3841874918248,12.3839928394388,0.292471714225366,1.36444809649442,1.92748485238296,0.000687148087161125,-128.530397476249,-128.528847894012,1.03423442509194,2.13329180260427,3.13630531482437,0.00177536316307235,-103.7620224926,-103.760862215134
296,1,0.176893673160308,"mg_ch4_m2_h",2.38245536260103,"mg_ch4_m2_h",2.55934903576134,"mg_ch4_m2_h",0.000659821472976013,"mg_co2_m2_h",-79.3427501575136,"mg_co2_m2_h",-79.3420903360406,"mg_co2_m2_h",0.0540639881685947,0.257032023454689,0.255283611382466,0.000201661142939986,4.93770084312679,4.93772391439263,0.105963469671045,0.503773508844645,0.500346684152952,0.000395248577243556,9.67771581896157,9.67776103781168,0.0709302034892623,1.87868185375639,2.05900235160839,0.000264572895732457,-89.0204659764752,-89.0198513738523,0.282857142831353,2.88622887144568,3.05969571991429,0.00105507005021957,-69.665034338552,-69.6643292982289
297,1,0.850889112227452,"mg_ch4_m2_h",0.821937554500715,"mg_ch4_m2_h",1.6869740507818,"mg_ch4_m2_h",0.0606195689223748,"mg_co2_m2_h",-58.6479933855794,"mg_co2_m2_h",-39.6278319034088,"mg_co2_m2_h",0.469452674427932,0.0513806783397657,0.615576010069416,0.039606838233819,7.65848343370901,13.73224685879,0.920110334324754,0.100704279047178,1.20650680948292,0.0776279764797892,15.0103517062663,26.9147092700418,-0.0692212220973021,0.721233275453537,0.480467241298878,-0.0170084075574144,-73.6583450918457,-66.5425411734506,1.77099944655221,0.922641833547893,2.89348086026472,0.138247545402164,-43.6376416793131,-12.713122633367
298,1,0.781383307645328,"mg_ch4_m2_h",3.0392548838834,"mg_ch4_m2_h",3.4537126522886,"mg_ch4_m2_h",0.0177435562042979,"mg_co2_m2_h",-31.2277900849642,"mg_co2_m2_h",-31.2253633271126,"mg_co2_m2_h",0.339393829083442,0.403587560792269,0.405182765585437,0.012662826968959,5.99483561735238,5.99500413905444,0.665199681578688,0.791017083761217,0.794143627703791,0.0248186848016222,11.7496619032486,11.7499921997152,0.11618362606664,2.24823780012218,2.65956902458481,-0.00707512859732436,-42.9774519882128,-42.9753555268279,1.44658298922402,3.83027196764462,4.24785627999239,0.0425622410059201,-19.4781281817156,-19.4753711273974
3,1,1.29169422512306,"mg_ch4_m2_h",0.525113246672031,"mg_ch4_m2_h",1.8168074717951,"mg_ch4_m2_h",0.0104992844537801,"mg_co2_m2_h",-21.8656864011019,"mg_co2_m2_h",-21.8553018624953,"mg_co2_m2_h",0.331459148741321,0.077353985538853,0.376521481221681,0.00266366640041678,46.1703675134791,46.1699533095459,0.649647993879294,0.151611025716784,0.73796854260017,0.00522069021164633,90.4922574793972,90.4914456546059,0.64204623124377,0.373502220955247,1.07883892919493,0.0052785942421338,-112.357943880499,-112.346747517101,1.94134221900236,0.676724272388814,2.55477601439526,0.0157199746654265,68.6265710782952,68.6361437921106
302,1,3.23820766648907,"mg_ch4_m2_h",2.94097257197656,"mg_ch4_m2_h",6.58457159859332,"mg_ch4_m2_h",0.046711090923743,"mg_co2_m2_h",71.5915029895284,"mg_co2_m2_h",71.633130989014,"mg_co2_m2_h",2.08504231890264,0.196299732003114,2.28080402539277,0.0110719931415011,10.0805847558387,10.077556186705,4.08660785129106,0.384740404900968,4.4702937455638,0.0217007077944167,19.7575830645473,19.7516471781207,-0.848400184801994,2.55623216707559,2.11427785302951,0.0250103831293263,51.8339199249811,51.8814838108933,7.32481551778013,3.32571297687753,11.0548653441571,0.0684117987181597,91.3490860540757,91.3847781671347
308,1,0.385151725385187,"mg_ch4_m2_h",0.638090684153694,"mg_ch4_m2_h",1.02324240953888,"mg_ch4_m2_h",0.00213316886914917,"mg_co2_m2_h",8.62687662875699,"mg_co2_m2_h",8.62900979762613,"mg_co2_m2_h",0.235665758750676,0.144901585850181,0.24132966982008,0.00130523849942149,3.66257635856587,3.66232575441334,0.46189639954063,0.284001889569093,0.4729974612483,0.00255822045010123,7.17851775341696,7.17802657830362,-0.0767446741554432,0.354088794584601,0.55024494829058,-0.000425051580952061,1.44835887534002,1.45098321932251,0.847048124925817,0.922092573722787,1.49623987078718,0.00469138931925039,15.8053943821739,15.8070363759298
316,1,2.10991026874235,"mg_ch4_m2_h",2.27267549196852,"mg_ch4_m2_h",4.53685536039052,"mg_ch4_m2_h",0.0462021881249485,"mg_co2_m2_h",408.625044407771,"mg_co2_m2_h",408.674648119536,"mg_co2_m2_h",1.14181589196825,0.336580099053526,1.21103500889244,0.021360129301289,35.3618641158028,35.3594126762324,2.23791802523325,0.659684872057835,2.37358500144633,0.0418650841356451,69.3079800931727,69.3031753599046,-0.128007756490896,1.61299061991068,2.16327035894419,0.00433710398930347,339.317064314598,339.371472759631,4.34782829397559,2.93236036402635,6.91044036183686,0.0880672722605936,477.933024500944,477.97782347944
317,1,0.328439143864894,"mg_ch4_m2_h",3.93939590542572,"mg_ch4_m2_h",4.34994483525683,"mg_ch4_m2_h",0.000758017255840784,"mg_co2_m2_h",-20.6479235306087,"mg_co2_m2_h",-20.6468898707143,"mg_co2_m2_h",0.201134050928337,0.236144035583556,0.381487132878587,0.000464204965177826,5.12711145585752,5.1274052724456,0.394215495884185,0.462833804907714,0.747701041007476,0.00090982501319321,10.0489537982035,10.0495296681341,-0.0657763520192909,3.476562100518,3.60224379424936,-0.000151807757352426,-30.6968773288121,-30.6964195388485,0.722654639749079,4.40222971033343,5.09764587626431,0.00166784226903399,-10.5989697324052,-10.5973602025802
323,1,0.469121741451217,"mg_ch4_m2_h",10.5328591176771,"mg_ch4_m2_h",10.8568960902838,"mg_ch4_m2_h",0.0289722521742394,"mg_co2_m2_h",-57.7654118402242,"mg_co2_m2_h",-57.7433789034575,"mg_co2_m2_h",0.148978643364696,2.00430398901431,2.03827666269782,0.00806764637000642,2.6569307503933,2.65672873963727,0.291992775460441,3.928363632538,3.99494884941623,0.0158122963252179,5.20748858018784,5.20709264638154,0.177128965990775,6.60449548513907,6.86194724086757,0.0131599558490216,-62.9729004204121,-62.950471549839,0.761114516911658,14.4612227502151,14.8518449397,0.0447845484994573,-52.5579232600364,-52.5362862570759
326,1,10.7657050923937,"mg_ch4_m2_h",135.235644450205,"mg_ch4_m2_h",148.903318888738,"mg_ch4_m2_h",0.258892553049837,"mg_co2_m2_h",-6.3542518769795,"mg_co2_m2_h",-6.02012387053985,"mg_co2_m2_h",2.10413482896273,93.1406990809844,91.9758857196606,0.0939516923375327,20.7407139303878,20.8252076126029,4.12402848338331,182.552415693612,180.269423456707,0.184141933268152,40.6510523172082,40.816656891271,6.64167660901044,-47.3167712434077,-31.3661045679681,0.0747506197816852,-47.0053041941877,-46.8367807618108,14.8897335757771,317.788060143817,329.172742345445,0.443034486317989,34.2968004402287,34.7965330207311
327,1,8.14591809640391,"mg_ch4_m2_h",10.3691452631937,"mg_ch4_m2_h",17.8564528733418,"mg_ch4_m2_h",0.329053326151085,"mg_co2_m2_h",436.546026622543,"mg_co2_m2_h",413.657089450816,"mg_co2_m2_h",0.788708465582872,1.5892844507312,1.96180909558386,0.0432519224126969,70.1266025733151,71.1467808357072,1.54584018684428,3.11494028462268,3.84507517188747,0.0847722101910066,137.445615401851,139.445128053951,6.60007790955964,7.25420497857107,14.0113777014543,0.244281115960078,299.100411220692,274.211961396866,9.69175828324819,13.4840855478164,21.7015280452292,0.413825536342091,573.991642024394,553.102217504767
328,1,1.93945373367888,"mg_ch4_m2_h",12.4271449916929,"mg_ch4_m2_h",14.1516833884665,"mg_ch4_m2_h",0.0503297822651909,"mg_co2_m2_h",177.51536068924,"mg_co2_m2_h",177.547359189588,"mg_co2_m2_h",0.360651143540865,0.932116402813407,1.0295040695863,0.015232257673656,30.4597280180793,30.4648523756269,0.706863252323281,1.82691457891331,2.01779089832657,0.0298546764435997,59.6999698943211,59.7100134505582,1.2325904813556,10.6002304127796,12.13389249014,0.0204751058215912,117.815390794919,117.83734573903,2.64631698600216,14.2540595706062,16.1694742867931,0.0801844587087906,237.215330583561,237.257372640147
331,1,4.36722123961558,"mg_ch4_m2_h",8.60028229722219,"mg_ch4_m2_h",13.3026399473148,"mg_ch4_m2_h",0.143988345025917,"mg_co2_m2_h",6.81564541554818,"mg_co2_m2_h",6.97713637369991,"mg_co2_m2_h",1.45074899831612,1.41050877957631,2.88284889378761,0.0747139861236261,5.70241672856356,5.6766908396865,2.84341578730716,2.76454640784711,5.65028000469486,0.146436721943733,11.1765314128233,11.126109597154,1.52380545230842,5.83573588937508,7.65235994261997,-0.00244837691781571,-4.36088599727511,-4.14897322345407,7.21063702692274,11.3648287050693,18.9529199520097,0.290425066969649,17.9921768283715,18.1032459708539
4,1,0.663236328652286,"mg_ch4_m2_h",0.486599136395174,"mg_ch4_m2_h",1.13253188042236,"mg_ch4_m2_h",0.0149758200235934,"mg_co2_m2_h",-22.4345152374856,"mg_co2_m2_h",-22.4219448251815,"mg_co2_m2_h",0.22456788168815,0.0419849715578694,0.330473360126042,0.00446169324844092,4.18237104415096,4.1843622527127,0.440144960193226,0.0822890321453625,0.647715883696977,0.00874475807700971,8.19729661651906,8.20119931358578,0.22309136845906,0.404310104249812,0.484815996725378,0.00623106194658369,-30.6318118540047,-30.6231441387672,1.10338128884551,0.568888168540537,1.78024776411933,0.0237205781006031,-14.2372186209666,-14.2207455115957
44,1,1.83968768621071,"mg_ch4_m2_h",0.962599392186043,"mg_ch4_m2_h",2.68828028888009,"mg_ch4_m2_h",0.0583376588750589,"mg_co2_m2_h",583.584791479694,"mg_co2_m2_h",583.641700035754,"mg_co2_m2_h",0.384316787740729,0.0761820323145387,0.456920831349642,0.0138932478018629,80.5119904220677,80.515670043709,0.753247062625953,0.149314039605562,0.895548373231398,0.0272302653199415,157.800601550886,157.80781347678,1.08644062358475,0.813285352580481,1.79273191564869,0.0311073935551174,425.784189928807,425.833886558973,2.59293474883666,1.11191343179161,3.58382866211148,0.0855679241950005,741.38539303058,741.449513512534
45,1,0.165370263861404,"mg_ch4_m2_h",0.245026565223736,"mg_ch4_m2_h",0.382148971055192,"mg_ch4_m2_h",0.027351796912773,"mg_co2_m2_h",152.362095593079,"mg_co2_m2_h",152.391537411089,"mg_co2_m2_h",0.0513401331443867,0.023615163803798,0.0423829386411693,0.00713110128397807,15.488214703502,15.4867860772363,0.100624811924489,0.046284870544458,0.0830690332956627,0.0139767016867044,30.3563430036876,30.3535429476594,0.0647454519369146,0.198741694679278,0.299079937759529,0.0133750952260686,122.005752589391,122.03799446343,0.265995075785893,0.291311435768194,0.465218004350854,0.0413284985994773,182.718438596766,182.745080358749
46,1,0.184750066756117,"mg_ch4_m2_h",1.24586704509085,"mg_ch4_m2_h",1.43192812510676,"mg_ch4_m2_h",0.0102366056738312,"mg_co2_m2_h",170.6605886795,"mg_co2_m2_h",170.671095675759,"mg_co2_m2_h",0.0891973461255897,0.10720659102549,0.149949720413633,0.00465709836526691,14.7010489493373,14.7014204878094,0.174823585922709,0.210121057315275,0.29389605150257,0.0091277450683835,28.8135264756615,28.8142546776857,0.00992648083340755,1.03574598777557,1.13803207360419,0.0011088606054477,141.847062203838,141.856840998074,0.359573652678826,1.45598810240612,1.72582417660933,0.0193643507422147,199.474115155161,199.485350353445
47,1,0.0772228880037236,"mg_ch4_m2_h",1.79232250439116,"mg_ch4_m2_h",1.86495696036436,"mg_ch4_m2_h",0.00559734733404066,"mg_co2_m2_h",468.319329870655,"mg_co2_m2_h",468.324572294194,"mg_co2_m2_h",0.037065531973211,0.219332887099432,0.219703814659037,0.00265880841246084,35.8671722487175,35.8674337847618,0.0726471077353114,0.429884559340077,0.430611563997776,0.00521116873021535,70.2983658347808,70.2988784360082,0.0045757802684122,1.36243794505108,1.43434539636659,0.00038617860382531,398.020964035874,398.025693858185,0.149869995739035,2.22220706373124,2.29556852436214,0.010808516064256,538.617695705436,538.623450730202
49,1,0.0404101739600693,"mg_ch4_m2_h",1.65278646811468,"mg_ch4_m2_h",1.69319664207475,"mg_ch4_m2_h",0.0116742439609842,"mg_co2_m2_h",366.723536207244,"mg_co2_m2_h",366.735210451205,"mg_co2_m2_h",0.0181562930947519,0.181214218947405,0.194285183195306,0.00427096340828544,36.9123370339171,36.9152887322393,0.0355856805584669,0.35517334262347,0.380791961792565,0.00837093445952789,72.3468511716816,72.3526363940862,0.00482449340160243,1.29761312549121,1.31240468028219,0.00330330950145627,294.376685035563,294.382574057119,0.0759958545185362,2.00795981073815,2.07398860386732,0.0200451784205121,439.070387378926,439.087846845292
51,1,2.18001779464117,"mg_ch4_m2_h",3.67271078021775,"mg_ch4_m2_h",5.88421916640156,"mg_ch4_m2_h",0.049999557485459,"mg_co2_m2_h",303.743401054305,"mg_co2_m2_h",303.795138297018,"mg_co2_m2_h",0.505557217836643,0.256375956013382,0.486033197577428,0.014206764271195,28.090126254229,28.0853450818887,0.990873939084091,0.502487640288255,0.952607562542598,0.0278447463083926,55.0556357794719,55.046264853881,1.18914385555708,3.1702231399295,4.93161160385896,0.0221548111770664,248.687765274833,248.748873443137,3.17089173372527,4.17519842050601,6.83682672894416,0.0778443037938516,358.799036833777,358.841403150899
52,1,2.77338806846879,"mg_ch4_m2_h",2.96988375383315,"mg_ch4_m2_h",5.84063842515961,"mg_ch4_m2_h",0.0788936333142895,"mg_co2_m2_h",565.550450422988,"mg_co2_m2_h",478.884926537641,"mg_co2_m2_h",1.17931645119935,0.378065560444867,1.49741117338662,0.0284457622063574,67.9884402913607,58.7997470549157,2.31141777072632,0.74099488226689,2.93487196988563,0.0557526694372511,133.254894336119,115.2453865277,0.461970297742473,2.22888887156626,2.90576645527398,0.0231409638770384,432.295556086869,363.639540009941,5.08480583919511,3.71087863610004,8.77551039504524,0.134646302751541,698.805344759107,594.13031306534
53,1,0.0553387153634363,"mg_ch4_m2_h",0.974601937340073,"mg_ch4_m2_h",1.054023404819,"mg_ch4_m2_h",0.000604276600842576,"mg_co2_m2_h",88.2489695316096,"mg_co2_m2_h",97.3811768282224,"mg_co2_m2_h",0.0310280969105925,0.0839156049093915,0.0992033022680826,0.000338814387153901,13.5628806745443,14.5994880240482,0.0608139524535798,0.1644715633633,0.194434899592883,0.000664063996265657,26.5827576487212,28.6144707198583,-0.00547523709014347,0.810130373976773,0.859588505226117,-5.97873954230808e-05,61.6662118828884,68.7667061083641,0.116152667817016,1.13907350070337,1.24845830441188,0.00126834059710823,114.831727180331,125.995647548081
54,1,7.15685097244631,"mg_ch4_m2_h",19.1756717362921,"mg_ch4_m2_h",26.3325227087384,"mg_ch4_m2_h",0.125247081633114,"mg_co2_m2_h",-106.504467392462,"mg_co2_m2_h",-106.379220310829,"mg_co2_m2_h",1.32240514940661,2.4653277450848,3.13518470640862,0.0274600647971765,8.10568110788779,8.09810202592491,2.59186646580727,4.83195359045355,6.14484910944168,0.0538207380156022,15.8868430416268,15.8719883139437,4.56498450663905,14.3437181458385,20.1876735992967,0.0714263436175123,-122.391310434089,-122.251208624773,9.74871743825358,24.0076253267456,32.4773718181801,0.179067819648717,-90.6176243508352,-90.5072319968852
55,1,2.04692749972397,"mg_ch4_m2_h",2.73864925984189,"mg_ch4_m2_h",4.54930748992759,"mg_ch4_m2_h",0.1213119671422,"mg_co2_m2_h",107.791760058792,"mg_co2_m2_h",112.791884474693,"mg_co2_m2_h",0.28832327682217,0.297569159775807,0.656498185876849,0.0223956014106067,13.9804055917709,14.5271823559593,0.565103238476025,0.583224836070426,1.28671280023451,0.0438945721769036,27.4010914491333,28.472754214526,1.48182426124794,2.15542442377146,3.26259468969308,0.0774173949652962,80.3906686096584,84.3191302601667,2.61203073819999,3.32187409591231,5.83602029016209,0.165206539319103,135.192851507925,141.264638689219
57,1,2.47839384868547,"mg_ch4_m2_h",2.77335763170757,"mg_ch4_m2_h",5.36822194713858,"mg_ch4_m2_h",0.104918118045192,"mg_co2_m2_h",241.442151198715,"mg_co2_m2_h",241.552977686253,"mg_co2_m2_h",1.21979070692363,0.616020822986788,1.36222053303949,0.0594143948091607,35.4660600351712,35.4628095441388,2.39074585424697,1.20737862678083,2.66990318375836,0.116450073989198,69.5122003424709,69.5058294971152,0.0876479944385027,1.56597900492674,2.69831876338022,-0.0115319559440063,171.929950856244,172.047148189137,4.86913970293245,3.9807362584884,8.03812513089694,0.221368192034391,310.954351541186,311.058807183368
64,1,0.933855542714954,"mg_ch4_m2_h",2.63861745691513,"mg_ch4_m2_h",3.57247299963008,"mg_ch4_m2_h",0.0149273527436218,"mg_co2_m2_h",-90.1546873575599,"mg_co2_m2_h",-90.1397600048163,"mg_co2_m2_h",0.144373877454001,0.319209864178257,0.276772818391403,0.00247091515088052,7.7529348195302,7.75339847907183,0.282967600118242,0.625639837299307,0.542464755946794,0.00484290470458017,15.1954730207657,15.1963817767684,0.650887942596712,2.01297761961582,3.03000824368329,0.0100844480390416,-105.350160378326,-105.336141781585,1.2168231428332,3.26425729421444,4.11493775557688,0.019770257448202,-74.9592143367941,-74.9433782280478
65,1,9.44193774842797,"mg_ch4_m2_h",36.5112772922489,"mg_ch4_m2_h",47.904675913659,"mg_ch4_m2_h",0.882607302671423,"mg_co2_m2_h",334.525478105739,"mg_co2_m2_h",346.162250280966,"mg_co2_m2_h",1.5270837145724,11.4658649680727,13.977147998573,0.236681523967815,34.1353754974096,37.8243225428024,2.99302908193955,22.4726823890219,27.3947066837893,0.463887262782971,66.9041065736738,74.1343099235192,6.44890866648843,14.038594903227,20.5099692298697,0.418720039888452,267.621371532065,272.027940357447,12.4349668303675,58.9839596812708,75.2993825974482,1.34649456545439,401.429584679412,420.296560204485
66,1,0.0597956150459682,"mg_ch4_m2_h",1.90111079700954,"mg_ch4_m2_h",1.96090641205551,"mg_ch4_m2_h",0.00232424497257778,"mg_co2_m2_h",78.8936370429859,"mg_co2_m2_h",78.8959612879584,"mg_co2_m2_h",0.0244582104839333,0.152978575187206,0.158707669357156,0.000950686312229247,9.63776975949365,9.63790664091736,0.0479372116748093,0.299832497773176,0.311061316010317,0.00186331093256452,18.8896816198968,18.8899499025574,0.0118584033711589,1.60127829923637,1.6498450960452,0.000460934040013256,60.0039554230891,60.006011385401,0.107732826720777,2.20094329478272,2.27196772806583,0.0041875559051423,97.7833186628827,97.7859111905159
67,1,0.0450162855312522,"mg_ch4_m2_h",0.218303646343842,"mg_ch4_m2_h",0.263319931875094,"mg_ch4_m2_h",0.00174977505038964,"mg_co2_m2_h",37.2407467882425,"mg_co2_m2_h",37.242621547225,"mg_co2_m2_h",0.0146094792705923,0.0231678680905374,0.0337804693307199,0.000567867873263775,8.22403739895242,8.22420582704511,0.0286340532032453,0.045408187056028,0.0662085032690709,0.00111300057957435,16.1188171094572,16.1191472224529,0.0163822323280069,0.172895459287814,0.197111428606023,0.000636774470815289,21.1219296787853,21.1234743247722,0.0736503387344975,0.26371183339987,0.329528435144165,0.002862775629964,53.3595638976997,53.3617687696779
68,1,0.431270134189188,"mg_ch4_m2_h",10.3123390201992,"mg_ch4_m2_h",10.7787121394224,"mg_ch4_m2_h",0.310402364285557,"mg_co2_m2_h",57.8356246730304,"mg_co2_m2_h",57.8752576921016,"mg_co2_m2_h",0.197371131979544,4.5610415597271,4.78482864974827,0.194091164413885,12.1827503230046,12.1851760204034,0.386840310267807,8.93947718905552,9.37809182570202,0.380411691968657,23.8777518657328,23.8825061452718,0.0444298239213808,1.37286183114366,1.40062031372043,-0.0700093276830998,33.9578728072976,33.9927515468298,0.818110444456995,19.2518162092547,20.1568039651245,0.690814056254214,81.7133765387632,81.7577638373734
71,1,0.484251877254053,"mg_ch4_m2_h",2.09486212635403,"mg_ch4_m2_h",3.7616359267181,"mg_ch4_m2_h",0.158494818003692,"mg_co2_m2_h",-33.6980960881786,"mg_co2_m2_h",-43.922449003276,"mg_co2_m2_h",0.28881265920815,0.968291199174521,1.4658511075342,0.0855212120203442,43.8027756831982,75.1705739053509,0.566062410327214,1.89781587692916,2.87301537746519,0.167618495474089,85.8518627619552,147.331617551694,-0.0818105330731612,0.197046249424867,0.888620549252915,-0.00912367747039664,-119.549958850134,-191.25406655497,1.05031428758127,3.99267800328319,6.63465130418329,0.32611331347778,52.1537666737766,103.409168548418
72,1,2.8598706508797e-05,"mg_ch4_m2_h",0.19260514660255,"mg_ch4_m2_h",0.192633289141911,"mg_ch4_m2_h",0.0264988502976547,"mg_co2_m2_h",NA,NA,0.0302610414269531,"mg_co2_m2_h",1.25572050759019e-05,0.149570748570058,0.149568138199533,0.0116351939679831,NA,0.0158939668941432,2.46116696952512e-05,0.293153280338009,0.293148164105794,0.0228045611303845,NA,0.0311516026839926,3.98703681354584e-06,-0.100548133735459,-0.100514874963883,0.00369428916727024,NA,-0.00089056125703952,5.32103762040482e-05,0.48575842694056,0.485781453247705,0.0493034114280392,NA,0.0614126441109457
75,1,0.0383830655257232,"mg_ch4_m2_h",0.523186426784267,"mg_ch4_m2_h",0.56156949230999,"mg_ch4_m2_h",0.0925123882093179,"mg_co2_m2_h",212.882205249855,"mg_co2_m2_h",212.974717638065,"mg_co2_m2_h",0.0227391258676077,0.0597959675753034,0.0570901423153691,0.0503519362503141,16.9287324857506,16.9058482393504,0.0445678677404343,0.11719794286832,0.11189462281039,0.0986879816024724,33.1797059759843,33.1348536772266,-0.00618480221471107,0.405988483915947,0.4496748694996,-0.00617559339315452,179.702499273871,179.839863960838,0.0829509332661575,0.640384369652586,0.673464115120379,0.19120036981179,246.06191122584,246.109571315291
76,1,0.094025317144677,"mg_ch4_m2_h",2.33317398591238,"mg_ch4_m2_h",2.42719930305706,"mg_ch4_m2_h",0.00119417950564444,"mg_co2_m2_h",57.2572670221007,"mg_co2_m2_h",57.2584612016064,"mg_co2_m2_h",0.0293361075859599,0.0865027929261178,0.0911781612388185,0.000237097563681814,2.43753629900727,2.43752115075679,0.0574977143150737,0.169542358697317,0.17870591220467,0.000464702685638547,4.7774833570633,4.77745366703793,0.0365276028296033,2.16363162721507,2.24849339085239,0.000729476820005895,52.4797836650374,52.4810075345684,0.151523031459751,2.5027163446097,2.60590521526173,0.00165888219128299,62.034750379164,62.0359148686443
77,1,0.212334867003174,"mg_ch4_m2_h",2.2505634221087,"mg_ch4_m2_h",2.46289828911188,"mg_ch4_m2_h",0.0324319378821241,"mg_co2_m2_h",-62.155501816876,"mg_co2_m2_h",-62.1230698789938,"mg_co2_m2_h",0.0936175299993131,0.139589707416592,0.145732995792758,0.0184756566454903,5.30439059359073,5.30916133899048,0.183486987120252,0.273590799149004,0.285631423112932,0.036211621615889,10.3964145233709,10.4057650125338,0.0288478798829227,1.9769726229597,2.17726686599895,-0.00377968373376494,-72.5519163402468,-72.5288348915276,0.395821854123426,2.52415422125771,2.74852971222481,0.0686435594980131,-51.7590872935051,-51.7173048664601
78,1,0.00458388460960652,"mg_ch4_m2_h",2.5619420014842,"mg_ch4_m2_h",2.57232775801339,"mg_ch4_m2_h",0.0256510666323034,"mg_co2_m2_h",-66.9553967333384,"mg_co2_m2_h",-66.93854467618,"mg_co2_m2_h",0.00297547625769997,0.907666292002556,0.914219508567136,0.00927316958316283,14.7124657123061,14.7175659123747,0.00583182630194596,1.77899324230603,1.79183731075549,0.0181750784055314,28.8359029199004,28.8458991283487,-0.00124794169233944,0.782948759178174,0.7804904472579,0.00747598822677192,-95.7912996532389,-95.7844438045287,0.0104157109115525,4.34093524379023,4.36416506876889,0.0438261450378348,-38.119493813438,-38.0926455478313
79,1,5.8503461848975,"mg_ch4_m2_h",4.71373674365223,"mg_ch4_m2_h",10.5640829285497,"mg_ch4_m2_h",0.273498958308937,"mg_co2_m2_h",38.939156276787,"mg_co2_m2_h",39.2126552350959,"mg_co2_m2_h",1.52102972387639,1.52183759740931,2.56236427186631,0.080504053760261,9.76965731200532,9.80194413867228,2.98116347821262,2.98274688124122,5.02214168813017,0.157785045979588,19.1481764728288,19.2114574902711,2.86918270668488,1.73098986241102,5.54194124041957,0.115713912329349,19.7909798039582,20.0011977448248,8.83150966311013,7.69648362489345,15.5862246166799,0.431284004288525,58.0873327496158,58.4241127253671
82,1,4.3342222970861,"mg_ch4_m2_h",2.37076335233466,"mg_ch4_m2_h",3.7620808809858,"mg_ch4_m2_h",0.195506079227549,"mg_co2_m2_h",-56.1820217983055,"mg_co2_m2_h",-56.1742089173267,"mg_co2_m2_h",2.63974106047126,0.560966079276583,1.06077540465942,0.152793475598884,4.47908221160949,4.47900722143919,5.17379740703524,1.09947331193074,2.07908158881837,0.299469709246512,8.77883981854862,8.77869284051562,-0.83957510994914,1.27129004040392,1.68299929216743,-0.103963630018963,-64.9608616168541,-64.9529017578423,9.50801970412135,3.4702366642654,5.84116246980416,0.494975788474061,-47.4031819797569,-47.3955160768111
83,1,0.544728884679193,"mg_ch4_m2_h",1.00154358663329,"mg_ch4_m2_h",1.54627247131248,"mg_ch4_m2_h",0.0191789939888972,"mg_co2_m2_h",-56.9394470837271,"mg_co2_m2_h",-56.9193759239243,"mg_co2_m2_h",0.17728966101684,0.145402142265707,0.276167823316791,0.00651903515299212,6.98226536297234,6.98358245970506,0.347481350424321,0.284982962115754,0.54127898738973,0.0127770741138151,13.6849886419273,13.6875701040875,0.197247534254873,0.716560624517534,1.00499348392275,0.00640191987508204,-70.6244357256543,-70.6069460280118,0.892210235103514,1.28652654874904,2.08755145870221,0.0319560681027123,-43.2544584417998,-43.2318058198367
84,1,4.49892151824948,"mg_ch4_m2_h",0.902289810865551,"mg_ch4_m2_h",5.40121132911503,"mg_ch4_m2_h",0.268804606715981,"mg_co2_m2_h",-27.8191737123777,"mg_co2_m2_h",-27.5503691056617,"mg_co2_m2_h",2.22100197463093,0.24101051974912,2.30794990508894,0.206653916717305,2.82029029336753,2.79836394591864,4.35308387986896,0.472371938603554,4.52349869209696,0.405034234030057,5.52766740094826,5.48469254963592,0.145837638380516,0.429917872261996,0.877712637018072,-0.136229627314076,-33.346841113326,-33.0350616552976,8.85200539811844,1.37466174946911,9.92471002121199,0.673838840746038,-22.2915063114294,-22.0656765560258
98,1,0.236986026403475,"mg_ch4_m2_h",0.374519219011823,"mg_ch4_m2_h",0.611505245415298,"mg_ch4_m2_h",0.0135830991063972,"mg_co2_m2_h",49.4620792952859,"mg_co2_m2_h",49.4756623943923,"mg_co2_m2_h",0.0827215873569175,0.0397837700505606,0.109177045139305,0.00671283501215274,5.34442617659883,5.34828591411139,0.162131331963542,0.077974756468322,0.213983076411541,0.0131569148579789,10.4748828241668,10.4824477706812,0.0748546944399327,0.296544462543501,0.397522169003756,0.00042618424841836,38.9871964711191,38.9932146237111,0.399117358367017,0.452493975480145,0.825488321826839,0.0267400139643761,59.9369621194527,59.9581101650734
99,1,0.000173769039650405,"mg_ch4_m2_h",0.814127551590133,"mg_ch4_m2_h",0.814301320629783,"mg_ch4_m2_h",0.00351469983668899,"mg_co2_m2_h",19.8125158318639,"mg_co2_m2_h",19.8162311821595,"mg_co2_m2_h",0.000108925190921301,0.0632066063967329,0.0632245591703031,0.00220315052389439,4.64264809877243,4.64361469450866,0.0002134894512149,0.123882672122595,0.123917858912216,0.00431809567935356,9.09942306648731,9.10131755931793,-3.97204115644952e-05,0.690244879467538,0.690383461717568,-0.000803395842664572,10.7130927653766,10.7149136228416,0.000387258490865305,0.938010223712728,0.938219179541999,0.00783279551604254,28.9119388983512,28.9175487414775
999,1,0.436739832322443,"mg_ch4_m2_h",0.585949533083004,"mg_ch4_m2_h",1.02523161345123,"mg_ch4_m2_h",0.00286435190396931,"mg_co2_m2_h",22.3762762473107,"mg_co2_m2_h",22.3791466353125,"mg_co2_m2_h",0.340620975519444,0.059948375812939,0.370903822972244,0.00198369701630167,9.62483381636853,9.62479437962161,0.667604844397009,0.117496657525032,0.726958134753818,0.00388797470819083,18.8643276372655,18.8642503426619,-0.230865012074566,0.468452875557971,0.298273478697414,-0.00102362280422152,3.51194861004519,3.51489629265065,1.10434467671945,0.703446190608036,1.75218974820505,0.00675232661216014,41.2406038845762,41.2433969779744
69,1,0.069802706394544,"mg_ch4_m2_h",0.158300347955597,"mg_ch4_m2_h",0.207836114398246,"mg_ch4_m2_h",0.00350602051507308,"mg_co2_m2_h",61.3158277699163,"mg_co2_m2_h",66.542168427394,"mg_co2_m2_h",0.0236823056132733,0.0103649705393891,0.025083094410602,0.000810185852005644,4.23487317198021,7.32882516182822,NA,NA,NA,NA,NA,NA,0.0233853873925282,0.137985005698395,0.158673249353466,0.00191805624514201,53.0154763528351,52.1776711102107,0.11622002539656,0.1786156902128,0.256998979443026,0.00509398478500414,69.6161791869975,80.9066657445774
70,1,0.0477320104361699,"mg_ch4_m2_h",0.241005209090376,"mg_ch4_m2_h",0.252637927218891,"mg_ch4_m2_h",0.0119263564949812,"mg_co2_m2_h",138.079649662285,"mg_co2_m2_h",132.351964330138,"mg_co2_m2_h",0.0297406069141977,0.0148295828745858,0.0160029367139992,0.00513331900563848,8.10080641445841,7.86788524972323,NA,NA,NA,NA,NA,NA,-0.0105595791156575,0.211939226656188,0.221272171259453,0.00186505124392982,122.202069089946,116.930909240681,0.106023599987997,0.270071191524564,0.284003683178329,0.0219876617460327,153.957230234623,147.773019419596
