"Type","Subpopulation","Indicator","Category","NResp","Estimate.P","StdError.P","LCB95Pct.P","UCB95Pct.P","Estimate.U","StdError.U","LCB95Pct.U","UCB95Pct.U"
"National","National","Evaluation_Status","Target_Denied",308,2.0378883811363,0.770043730187747,0.52863040344744,3.54714635882516,443160.919598065,148317.556578939,152463.850428362,733857.988767767
"National","National","Evaluation_Status","Target_Inacc",145,0.657767199567642,0.295679487200316,0.0782460536877507,1.23728834544753,143038.607874738,59106.7585644363,27191.4898455384,258885.725903937
"National","National","Evaluation_Status","Target_Other",21,0.111848590176849,0.0390005941938993,0.0354088301811447,0.188288350172554,24322.6883951719,7172.04699553856,10265.7345884876,38379.6422018562
"National","National","Evaluation_Status","Target_Sampled",1038,97.1924958291192,0.884260018579229,95.4593780397352,98.9256136185032,21135561.8042472,3962013.87045973,13370157.311898,28900966.2965964
"National","National","Evaluation_Status","Total",1512,100,0,100,100,21746084.0201152,3962410.37188341,13979902.3992557,29512265.6409746
"WSA3_Ecoregions","EHIGH","Evaluation_Status","Target_Denied",48,0.914810831215757,0.52792980721705,0,1.94953423972635,46910.9043953387,18031.5595163825,11569.6971581385,82252.1116325389
"WSA3_Ecoregions","EHIGH","Evaluation_Status","Target_Inacc",9,0.240683242344947,0.136076509068193,0,0.507388299260544,12342.0801174807,4461.24685485319,3598.19695582583,21085.9632791355
"WSA3_Ecoregions","EHIGH","Evaluation_Status","Target_Other",1,0.0167565315079065,0.01596489462228,0,0.0480471499845525,859.264036609872,726.327271171355,0,2282.83932909499
"WSA3_Ecoregions","EHIGH","Evaluation_Status","Target_Sampled",188,98.8277493949314,0.622051010839439,97.6085518171394,100,5067822.70746716,2213141.93135928,730144.229327553,9405501.18560677
"WSA3_Ecoregions","EHIGH","Evaluation_Status","Total",246,100,0,100,100,5127934.95601659,2213070.44014031,790396.598091386,9465473.31394179
"WSA3_Ecoregions","PLNLOW","Evaluation_Status","Target_Denied",163,1.47726067752345,0.412031710482401,0.669693364489508,2.28482799055739,205986.829945928,28481.6978272997,150163.727985867,261809.931905988
"WSA3_Ecoregions","PLNLOW","Evaluation_Status","Target_Inacc",14,0.126748083508637,0.0508488378048979,0.0270861927553188,0.226409974261956,17673.5469378602,5769.95943751707,6364.63424806981,28982.4596276507
"WSA3_Ecoregions","PLNLOW","Evaluation_Status","Target_Other",16,0.141673135895454,0.0586693171416109,0.0266833873003387,0.25666288449057,19754.6720058417,6765.83529845221,6493.8784955456,33015.4655161379
"WSA3_Ecoregions","PLNLOW","Evaluation_Status","Target_Sampled",587,98.2543181030725,0.471387885508065,97.3304148247282,99.1782213814167,13700422.5608174,3192599.01483758,7443043.47465769,19957801.6469771
"WSA3_Ecoregions","PLNLOW","Evaluation_Status","Total",780,100,0,100,100,13943837.609707,3189440.33057601,7692649.43093852,20195025.7884755
"WSA3_Ecoregions","WMTNS","Evaluation_Status","Target_Denied",97,7.11447370665687,5.60165684379202,0,18.0935193742415,190263.185256798,149447.977087073,0,483175.837909828
"WSA3_Ecoregions","WMTNS","Evaluation_Status","Target_Inacc",122,4.22624599815403,2.4391955582681,0,9.00698144360958,113022.980819397,58095.5193055483,0,226888.106321423
"WSA3_Ecoregions","WMTNS","Evaluation_Status","Target_Other",4,0.138680644194605,0.0959802817146437,0,0.326798539581315,3708.75235272029,2246.12456410992,0,8111.07560316647
"WSA3_Ecoregions","WMTNS","Evaluation_Status","Target_Sampled",263,88.5205996509945,6.29518046144174,76.1822726703885,100,2367316.53596262,787749.708653921,823355.478169012,3911277.59375622
"WSA3_Ecoregions","WMTNS","Evaluation_Status","Total",486,100,0,100,100,2674311.45439153,803469.108618282,1099540.9388092,4249081.96997387
"WSA3_by_Lake_Origin","EHIGH_Man_Made","Evaluation_Status","Target_Denied",41,3.34047739627052,1.78494686853354,0,6.8389089729138,44941.3622963385,18026.3056364338,9610.45247461693,80272.2721180601
"WSA3_by_Lake_Origin","EHIGH_Man_Made","Evaluation_Status","Target_Inacc",2,0.430568879714148,0.31672481665796,0,1.0513381133738,5792.69060115953,3718.57967889863,0,13080.9728454434
"WSA3_by_Lake_Origin","EHIGH_Man_Made","Evaluation_Status","Target_Other",1,0.0638688269571504,0.0627148251077341,0,0.186787625465038,859.264036609872,782.763750112581,0,2393.45279523404
"WSA3_by_Lake_Origin","EHIGH_Man_Made","Evaluation_Status","Target_Sampled",122,96.1650848970582,1.92681273531689,92.388601330884,99.9415684632324,1293764.15641725,482454.630325192,348170.456805293,2239357.85602922
"WSA3_by_Lake_Origin","EHIGH_Man_Made","Evaluation_Status","Total",166,100,0,100,100,1345357.47335136,482337.797587134,399992.76169821,2290722.18500452
"WSA3_by_Lake_Origin","EHIGH_Natural","Evaluation_Status","Target_Denied",6,0.0489029937411278,0.0336008020122548,0,0.114759355536808,1849.7350403627,663.0495103398,550.181880129774,3149.28820059563
"WSA3_by_Lake_Origin","EHIGH_Natural","Evaluation_Status","Target_Inacc",7,0.173151693370127,0.119172866373573,0,0.406726219396735,6549.38951632114,2389.73974718532,1865.58567941407,11233.1933532282
"WSA3_by_Lake_Origin","EHIGH_Natural","Evaluation_Status","Target_Sampled",66,99.7779453128888,0.145342464721678,99.49307931661,100,3774058.55104991,2190089.41966413,0,8066554.93651382
"WSA3_by_Lake_Origin","EHIGH_Natural","Evaluation_Status","Total",79,100,0,100,100,3782457.67560659,2190044.5769485,0,8074866.17096291
"WSA3_by_Lake_Origin","PLNLOW_Man_Made","Evaluation_Status","Target_Denied",116,1.9643907414504,0.830859757506325,0.335935540534317,3.59284594236648,115055.408653293,16966.7001813466,81801.2873613647,148309.529945222
"WSA3_by_Lake_Origin","PLNLOW_Man_Made","Evaluation_Status","Target_Inacc",1,0.0153259723354704,0.0140161584115144,0,0.0427971380236467,897.650336492967,741.158974225246,0,2350.2952327931
"WSA3_by_Lake_Origin","PLNLOW_Man_Made","Evaluation_Status","Target_Other",8,0.0657597924503992,0.0426617046940526,0,0.149375197169826,3851.58595674815,1907.38247484552,113.185001308057,7589.98691218823
"WSA3_by_Lake_Origin","PLNLOW_Man_Made","Evaluation_Status","Target_Sampled",303,97.9545234937637,0.86295390429982,96.2631649210179,99.6458820665096,5737248.44665696,2304011.97360483,1221467.95844244,10253028.9348715
"WSA3_by_Lake_Origin","PLNLOW_Man_Made","Evaluation_Status","Total",428,100,0,100,100,5857053.09160349,2303483.89921064,1342307.61018274,10371798.5730242
"WSA3_by_Lake_Origin","PLNLOW_Natural","Evaluation_Status","Target_Denied",44,1.11671111412036,0.447360083387194,0.239901462560628,1.9935207656801,90298.958708659,22568.1402011925,46066.2167162712,134531.700701047
"WSA3_by_Lake_Origin","PLNLOW_Natural","Evaluation_Status","Target_Inacc",13,0.207464520654372,0.091562047368985,0.0280062054604106,0.386922835848333,16775.8966013673,5723.52781502868,5557.98821939784,27993.8049833367
"WSA3_by_Lake_Origin","PLNLOW_Natural","Evaluation_Status","Target_Other",8,0.196670628253129,0.0989598344553478,0.00271291680460106,0.390628339701656,15903.0860490936,6710.37510978282,2750.99251116524,29055.1795870219
"WSA3_by_Lake_Origin","PLNLOW_Natural","Evaluation_Status","Target_Sampled",284,98.4791537369721,0.549660172937325,97.4018395942789,99.5564678796654,7963174.11416044,2215607.09391144,3620664.00620257,12305684.2221183
"WSA3_by_Lake_Origin","PLNLOW_Natural","Evaluation_Status","Total",349,100,0,100,100,8086152.05551956,2211527.04530771,3751638.69588016,12420665.415159
"WSA3_by_Lake_Origin","PLNLOW_Uncertain","Evaluation_Status","Target_Denied",3,100,0,100,100,632.462583975186,179.151994357953,281.331127275074,983.594040675297
"WSA3_by_Lake_Origin","PLNLOW_Uncertain","Evaluation_Status","Total",3,100,0,100,100,632.462583975186,179.151994357953,281.331127275074,983.594040675297
"WSA3_by_Lake_Origin","WMTNS_Man_Made","Evaluation_Status","Target_Denied",36,13.6476351338149,8.14921146922493,0,29.6197961158965,178179.626212039,116420.230546404,0,406359.085154841
"WSA3_by_Lake_Origin","WMTNS_Man_Made","Evaluation_Status","Target_Inacc",11,6.26989821271343,4.41818024881703,0,14.929372377601,81858.000230442,58551.5660076233,0,196616.960843803
"WSA3_by_Lake_Origin","WMTNS_Man_Made","Evaluation_Status","Target_Other",3,0.248414675101233,0.175430735656416,0,0.592252598769176,3243.23104487555,2157.72829293012,0,7472.30078744167
"WSA3_by_Lake_Origin","WMTNS_Man_Made","Evaluation_Status","Target_Sampled",156,79.8340519783704,8.86032221711962,62.4681395413959,97.199964415345,1042290.58009131,255827.064799278,540878.746814133,1543702.41336849
"WSA3_by_Lake_Origin","WMTNS_Man_Made","Evaluation_Status","Total",206,100,0,100,100,1305571.43757867,288029.386641689,741044.213271795,1870098.66188554
"WSA3_by_Lake_Origin","WMTNS_Natural","Evaluation_Status","Target_Denied",56,0.878215458542837,0.573257161409113,0,2.00177884878436,12019.9275936725,4026.9405100901,4127.2692260105,19912.5859613344
"WSA3_by_Lake_Origin","WMTNS_Natural","Evaluation_Status","Target_Inacc",111,2.2770160223607,1.34645265001055,0,4.91601472326989,31164.9805889549,3339.88804157232,24618.9203150772,37711.0408628327
"WSA3_by_Lake_Origin","WMTNS_Natural","Evaluation_Status","Target_Other",1,0.034012518431937,0.0358961057018338,0,0.104367592792774,465.521307844744,412.307953903121,0,1273.63004803426
"WSA3_by_Lake_Origin","WMTNS_Natural","Evaluation_Status","Target_Sampled",107,96.8107560006645,1.87357751816539,93.1386115428164,100,1325025.9558713,768663.434871458,0,2831578.60445221
"WSA3_by_Lake_Origin","WMTNS_Natural","Evaluation_Status","Total",275,100,0,100,100,1368676.38536178,768004.205938841,0,2873936.96897719
"WSA3_by_Lake_Origin","WMTNS_Not_Assigned","Evaluation_Status","Target_Denied",5,100,0,100,100,63.6314510872212,1.80754608763292,60.0887258550643,67.174176319378
"WSA3_by_Lake_Origin","WMTNS_Not_Assigned","Evaluation_Status","Total",5,100,0,100,100,63.6314510872212,1.80754608763292,60.0887258550643,67.174176319378
"WSA9_Ecoregions","CPL","Evaluation_Status","Target_Denied",40,1.60631036403262,0.723838205384472,0.187613550844953,3.02500717722029,98813.5998603359,25156.370691875,49508.019322522,148119.18039815
"WSA9_Ecoregions","CPL","Evaluation_Status","Target_Inacc",1,0.00637938189334496,0.00606449130391216,0,0.0182655664335692,392.433307958448,349.23515388758,0,1076.92163171341
"WSA9_Ecoregions","CPL","Evaluation_Status","Target_Sampled",126,98.387310254074,0.725579594834774,96.9652003802807,99.8094201278674,6052382.23226912,2043588.21741887,2047022.92689772,10057741.5376405
"WSA9_Ecoregions","CPL","Evaluation_Status","Total",167,100,0,100,100,6151588.26543742,2039209.96501763,2154810.17708768,10148366.3537872
"WSA9_Ecoregions","NAP","Evaluation_Status","Target_Denied",14,0.127998145038335,0.0753873177407109,0,0.275754572701206,5049.64091451386,1077.0200695458,2938.72036757727,7160.56146145044
"WSA9_Ecoregions","NAP","Evaluation_Status","Target_Inacc",8,0.208681253254107,0.135002407826104,0,0.473281110419458,8232.66145152626,2774.54653048368,2794.65017834769,13670.6727247048
"WSA9_Ecoregions","NAP","Evaluation_Status","Target_Other",1,0.0217805987883406,0.0220335138278501,0,0.0649654923437921,859.264036609872,726.327271171355,0,2282.83932909498
"WSA9_Ecoregions","NAP","Evaluation_Status","Target_Sampled",99,99.6415400029192,0.212263972223523,99.2255102621457,100,3930947.56985125,2160063.39518799,0,8164594.02874301
"WSA9_Ecoregions","NAP","Evaluation_Status","Total",122,100,0,100,100,3945089.1362539,2160007.82396765,0,8178626.67755522
"WSA9_Ecoregions","NPL","Evaluation_Status","Target_Denied",38,0.63319425728065,0.488930827063905,0,1.59148106925728,18940.8216621408,3880.16011005164,11335.8475921906,26545.795732091
"WSA9_Ecoregions","NPL","Evaluation_Status","Target_Inacc",6,0.0682637924041016,0.0552632835076744,0,0.17657783774657,2041.98364568301,671.935727493225,725.013819870568,3358.95347149545
"WSA9_Ecoregions","NPL","Evaluation_Status","Target_Other",9,0.135522755807653,0.123579919983465,0,0.377734948187585,4053.90971159247,2019.80198487489,95.1705653351728,8012.64885784978
"WSA9_Ecoregions","NPL","Evaluation_Status","Target_Sampled",76,99.1630191945076,0.642033290635269,97.9046570679867,100,2966276.21057233,2209010.70360838,0,7295857.63110825
"WSA9_Ecoregions","NPL","Evaluation_Status","Total",129,100,0,100,100,2991312.92559175,2208783.49901585,0,7320449.03330917
"WSA9_Ecoregions","SAP","Evaluation_Status","Target_Denied",34,3.53902958284312,2.07571792160896,0,7.60736195126102,41861.2634808248,18001.4291088728,6579.11075718322,77143.4162044665
"WSA9_Ecoregions","SAP","Evaluation_Status","Target_Inacc",1,0.347417947233298,0.327433631479376,0,0.989176072260035,4109.41866595441,3493.51041933503,0,10956.5732674665
"WSA9_Ecoregions","SAP","Evaluation_Status","Target_Sampled",89,96.1135524699236,2.1931396773415,91.8150776892684,100,1136875.13761591,479688.600927312,196702.756003973,2077047.51922785
"WSA9_Ecoregions","SAP","Evaluation_Status","Total",124,100,0,100,100,1182845.81976269,479607.584790299,242832.226861466,2122859.41266392
"WSA9_Ecoregions","SPL","Evaluation_Status","Target_Denied",35,5.89309479974424,1.9955404520577,1.98190738401837,9.80428221547012,43068.3174037358,9908.34645938248,23648.3151970012,62488.3196104705
"WSA9_Ecoregions","SPL","Evaluation_Status","Target_Inacc",1,0.122826682091753,0.105715425089682,0,0.330025107877871,897.650336492967,740.778819109939,0,2349.55014245856
"WSA9_Ecoregions","SPL","Evaluation_Status","Target_Other",1,0.706558208303234,0.578502822330575,0,1.84040290502593,5163.71689468481,4055.72751240022,0,13112.7967500975
"WSA9_Ecoregions","SPL","Evaluation_Status","Target_Sampled",90,93.2775203098608,2.19131918632387,88.9826136260344,97.5724269936872,681697.136708686,179345.49343828,330186.428780093,1033207.84463728
"WSA9_Ecoregions","SPL","Evaluation_Status","Total",127,100,0,100,100,730826.8213436,178951.752164935,380087.832129991,1081565.81055721
"WSA9_Ecoregions","TPL","Evaluation_Status","Target_Denied",34,3.00351528652512,0.981360541070577,1.08008397017805,4.92694660287219,35843.3596836472,8699.0157769052,18793.6020599674,52893.1173073271
"WSA9_Ecoregions","TPL","Evaluation_Status","Target_Inacc",1,0.354457764837329,0.327863499591357,0,0.997058415881652,4230.02913110687,3661.09309857257,0,11405.6397483573
"WSA9_Ecoregions","TPL","Evaluation_Status","Target_Other",5,0.448113382517261,0.257087652942084,0,0.951995923153679,5347.69682068261,2857.42941860148,0,10948.1555695067
"WSA9_Ecoregions","TPL","Evaluation_Status","Target_Sampled",150,96.1939135661203,1.1949648472893,93.8518255026419,98.5360016295987,1147959.21259224,248824.840449158,660271.486852963,1635646.93833151
"WSA9_Ecoregions","TPL","Evaluation_Status","Total",190,100,0,100,100,1193380.29822767,247566.309828389,708159.247178549,1678601.3492768
"WSA9_Ecoregions","UMW","Evaluation_Status","Target_Denied",16,0.324004463644266,0.146444090344764,0.0369793208197985,0.611029606468734,9320.73133606776,2470.96538046135,4477.72818331819,14163.7344888173
"WSA9_Ecoregions","UMW","Evaluation_Status","Target_Inacc",5,0.351491206341842,0.194872717309903,0,0.733434713838707,10111.4505166189,4330.56167169839,1623.70560726054,18599.1954259774
"WSA9_Ecoregions","UMW","Evaluation_Status","Target_Other",1,0.180390576912936,0.171090552979304,0,0.515721898847414,5189.34857888183,4573.87810621653,0,14153.9849367425
"WSA9_Ecoregions","UMW","Evaluation_Status","Target_Sampled",145,99.144113753101,0.384603241318045,98.3903052517802,99.8979222544217,2852107.76867502,990596.600292083,910574.108894716,4793641.42845532
"WSA9_Ecoregions","UMW","Evaluation_Status","Total",167,100,0,100,100,2876729.29910659,990252.055825477,935870.934071905,4817587.66414127
"WSA9_Ecoregions","WMT","Evaluation_Status","Target_Denied",63,1.65430337498786,0.972101563369099,0,3.55958742850637,16744.5963270669,8282.55944555212,511.078113972671,32978.1145401611
"WSA9_Ecoregions","WMT","Evaluation_Status","Target_Inacc",109,2.81478100230368,0.979866765177369,0.894277432908268,4.73528457169909,28490.766775482,2616.81989368165,23361.894029838,33619.639521126
"WSA9_Ecoregions","WMT","Evaluation_Status","Target_Other",2,0.114971540639236,0.0792626852459343,0,0.270323549039201,1163.72369555197,706.328875669706,0,2548.10285310526
"WSA9_Ecoregions","WMT","Evaluation_Status","Target_Sampled",169,95.4159440820692,1.73313921530496,92.0190536398775,98.812834524261,965785.049451381,330606.913974328,317807.405021767,1613762.693881
"WSA9_Ecoregions","WMT","Evaluation_Status","Total",343,100,0,100,100,1012184.13624948,330373.601460117,364663.775944864,1659704.4965541
"WSA9_Ecoregions","XER","Evaluation_Status","Target_Denied",34,10.4395485854654,7.91892514030025,0,25.9603566567226,173518.588929732,121683.250067852,0,412013.376584502
"WSA9_Ecoregions","XER","Evaluation_Status","Target_Inacc",13,5.0857845317413,4.00620439023667,0,12.9378008513114,84532.214043915,58404.9678657578,0,199003.847579019
"WSA9_Ecoregions","XER","Evaluation_Status","Target_Other",2,0.153118755067042,0.144394156472094,0,0.436126101330388,2545.02865716833,2104.4112068798,0,6669.59883131521
"WSA9_Ecoregions","XER","Evaluation_Status","Target_Sampled",94,84.3215481277263,9.55622931511636,65.5916828420924,100,1401531.48651124,712925.278599425,4223.61678817938,2798839.35623429
"WSA9_Ecoregions","XER","Evaluation_Status","Total",143,100,0,100,100,1662127.31814205,726462.924370973,238286.150271299,3085968.4860128
"WSA9_by_Lake_Origin","CPL_Man_Made","Evaluation_Status","Target_Denied",34,3.33641017343151,1.39748333807131,0.597393161816931,6.07542718504608,63400.7988807146,15702.9445078036,32623.5931941885,94178.0045672406
"WSA9_by_Lake_Origin","CPL_Man_Made","Evaluation_Status","Target_Sampled",98,96.6635898265685,1.39748333807131,93.9245728149539,99.4026068381831,1836869.11953602,623431.079105393,614966.657646509,3058771.58142553
"WSA9_by_Lake_Origin","CPL_Man_Made","Evaluation_Status","Total",132,100,0,100,100,1900269.91841674,622579.661209712,680036.204938551,3120503.63189492
"WSA9_by_Lake_Origin","CPL_Natural","Evaluation_Status","Target_Denied",6,0.832983984942897,0.653638838794523,0,2.11409256787674,35412.8009796214,19138.1355669631,0,72922.857422114
"WSA9_by_Lake_Origin","CPL_Natural","Evaluation_Status","Target_Inacc",1,0.00923086148637786,0.00903821764642754,0,0.0269454425578102,392.433307958448,338.835322293542,0,1056.53833634381
"WSA9_by_Lake_Origin","CPL_Natural","Evaluation_Status","Target_Sampled",28,99.1577851535707,0.656796953983637,97.8704867786072,100,4215513.1127331,1963742.00157572,366649.514716083,8064376.71075012
"WSA9_by_Lake_Origin","CPL_Natural","Evaluation_Status","Total",35,100,0,100,100,4251318.34702068,1959378.45467071,411007.143782353,8091629.55025901
"WSA9_by_Lake_Origin","NAP_Man_Made","Evaluation_Status","Target_Denied",9,2.07680545279785,0.966962482675772,0.181593812351897,3.97201709324379,3431.29871402651,971.285511711371,1527.61409236667,5334.98333568636
"WSA9_by_Lake_Origin","NAP_Man_Made","Evaluation_Status","Target_Inacc",1,1.01880617950436,0.824106755318753,0,2.63402573934528,1683.27193520512,1274.05644791292,0,4180.37668738547
"WSA9_by_Lake_Origin","NAP_Man_Made","Evaluation_Status","Target_Other",1,0.520072539685824,0.510953597785954,0,1.52152318911746,859.264036609872,782.763816774943,0,2393.45292588987
"WSA9_by_Lake_Origin","NAP_Man_Made","Evaluation_Status","Target_Sampled",34,96.384315828012,1.63616580634926,93.1774897748315,99.5911418811924,159246.201182415,49439.5072927753,62346.5474751703,256145.85488966
"WSA9_by_Lake_Origin","NAP_Man_Made","Evaluation_Status","Total",45,100,0,100,100,165220.035868257,49081.9529040337,69021.1758854597,261418.895851054
"WSA9_by_Lake_Origin","NAP_Natural","Evaluation_Status","Target_Denied",4,0.0396464163508264,0.0289051895941952,0,0.0962995469217509,1498.53514184984,646.573803815514,231.273773024369,2765.79651067532
"WSA9_by_Lake_Origin","NAP_Natural","Evaluation_Status","Target_Inacc",7,0.173275765349935,0.119317372735918,0,0.407133518642276,6549.38951632114,2389.73974718532,1865.58567941406,11233.1933532282
"WSA9_by_Lake_Origin","NAP_Natural","Evaluation_Status","Target_Sampled",65,99.7870778182992,0.140668544549418,99.5113725372247,100,3771701.36866883,2190040.60758551,0,8064102.08421664
"WSA9_by_Lake_Origin","NAP_Natural","Evaluation_Status","Total",76,100,0,100,100,3779749.293327,2189996.61327091,0,8072063.78160269
"WSA9_by_Lake_Origin","NPL_Man_Made","Evaluation_Status","Target_Denied",29,0.432956783961137,0.355872818926156,0,1.13045469213315,11980.427052508,1832.37325506467,8389.04146634681,15571.8126386692
"WSA9_by_Lake_Origin","NPL_Man_Made","Evaluation_Status","Target_Other",7,0.134817103426707,0.130756190525334,0,0.391094527612018,3730.54894360788,1903.37907877687,0,7461.10338693757
"WSA9_by_Lake_Origin","NPL_Man_Made","Evaluation_Status","Target_Sampled",34,99.4322261126122,0.470207579999951,98.5106361905545,100,2751407.47469511,2206854.98595987,0,7076763.7662791
"WSA9_by_Lake_Origin","NPL_Man_Made","Evaluation_Status","Total",70,100,0,100,100,2767118.45069123,2206627.10307975,0,7092028.10003749
"WSA9_by_Lake_Origin","NPL_Natural","Evaluation_Status","Target_Denied",8,2.97089968545765,1.80896621878873,0,6.51640832353317,6651.41342870064,3204.76550543953,370.188459142851,12932.6383982584
"WSA9_by_Lake_Origin","NPL_Natural","Evaluation_Status","Target_Inacc",6,0.91206607974366,0.471775722715137,0,1.83672950504568,2041.98364568301,672.46802022728,723.970545282589,3359.99674608343
"WSA9_by_Lake_Origin","NPL_Natural","Evaluation_Status","Target_Other",2,0.14443131737226,0.0997513914352012,0,0.339940451993012,323.360767984594,186.621279364451,0,689.131754287706
"WSA9_by_Lake_Origin","NPL_Natural","Evaluation_Status","Target_Sampled",42,95.9726029174264,2.09270312179068,91.8709801683822,100,214868.735877223,82852.6649071147,52480.4966361122,377256.975118333
"WSA9_by_Lake_Origin","NPL_Natural","Evaluation_Status","Total",58,100,0,100,100,223885.493719591,82705.4623037003,61785.7662796033,385985.221159578
"WSA9_by_Lake_Origin","SAP_Man_Made","Evaluation_Status","Target_Denied",32,3.51739231922352,2.07513080319426,0,7.58457395669393,41510.063582312,18001.3739304197,6228.01900645124,76792.1081581727
"WSA9_by_Lake_Origin","SAP_Man_Made","Evaluation_Status","Target_Inacc",1,0.348215261666355,0.328358868563723,0,0.991786818055573,4109.41866595441,3493.51042352765,0,10956.5732756839
"WSA9_by_Lake_Origin","SAP_Man_Made","Evaluation_Status","Target_Sampled",88,96.1343924191101,2.19288431069132,91.8364181478922,100,1134517.95523484,479955.332816868,193822.788725844,2075213.12174384
"WSA9_by_Lake_Origin","SAP_Man_Made","Evaluation_Status","Total",121,100,0,100,100,1180137.43748311,479873.028841776,239603.583801074,2120671.29116514
"WSA9_by_Lake_Origin","SAP_Natural","Evaluation_Status","Target_Denied",2,12.967146519902,17.1873209545989,0,46.6536765816465,351.199898512857,198.45816236024,0,740.17074917693
"WSA9_by_Lake_Origin","SAP_Natural","Evaluation_Status","Target_Sampled",1,87.032853480098,17.187320954599,53.3463234183534,100,2357.1823810722,2357.1823810722,0,6977.17495296609
"WSA9_by_Lake_Origin","SAP_Natural","Evaluation_Status","Total",3,100,0,100,100,2708.38227958506,2183.54120795459,0,6988.04440593514
"WSA9_by_Lake_Origin","SPL_Man_Made","Evaluation_Status","Target_Denied",22,2.11832608155547,0.752621813459545,0.643214433195543,3.5934377299154,14416.4346757325,2694.42001944673,9135.46847839317,19697.4008730718
"WSA9_by_Lake_Origin","SPL_Man_Made","Evaluation_Status","Target_Inacc",1,0.131899194404215,0.114212873885607,0,0.35575231379082,897.650336492967,740.778819109939,0,2349.55014245856
"WSA9_by_Lake_Origin","SPL_Man_Made","Evaluation_Status","Target_Sampled",76,97.7497747240403,0.776739894867397,96.2273925047448,99.2721569433358,665243.776275427,179384.012617588,313657.572142677,1016829.98040818
"WSA9_by_Lake_Origin","SPL_Man_Made","Evaluation_Status","Total",99,100,0,100,100,680557.861287653,178754.063309841,330206.335110171,1030909.38746513
"WSA9_by_Lake_Origin","SPL_Natural","Evaluation_Status","Target_Denied",13,56.9971662356152,11.3147103078994,34.8207415366283,79.1735909346022,28651.8827280034,9579.0884359292,9877.21438885801,47426.5510671487
"WSA9_by_Lake_Origin","SPL_Natural","Evaluation_Status","Target_Other",1,10.2721776797009,7.68521362446385,0,25.3349195971466,5163.71689468481,4055.24677983641,0,13111.8545315862
"WSA9_by_Lake_Origin","SPL_Natural","Evaluation_Status","Target_Sampled",14,32.7306560846838,9.65450362119197,13.808176698536,51.6531354708316,16453.3604332592,3914.70848943829,8780.67278398696,24126.0480825315
"WSA9_by_Lake_Origin","SPL_Natural","Evaluation_Status","Total",28,100,0,100,100,50268.9600559474,9689.54284483502,31277.805053413,69260.1150584818
"WSA9_by_Lake_Origin","TPL_Man_Made","Evaluation_Status","Target_Denied",27,5.23370200694698,2.01727537747944,1.27991492018784,9.18748909370612,23742.8756588488,6444.94321898609,11111.0190672304,36374.7322504672
"WSA9_by_Lake_Origin","TPL_Man_Made","Evaluation_Status","Target_Other",1,0.0266804942960219,0.0249920387273117,0,0.0756639901017831,121.037013140265,106.941841019755,0,330.639169979393
"WSA9_by_Lake_Origin","TPL_Man_Made","Evaluation_Status","Target_Sampled",83,94.739617498757,2.02328851684979,90.7740448753979,98.7051901221161,429789.65085405,121467.460329171,191717.803315328,667861.498392772
"WSA9_by_Lake_Origin","TPL_Man_Made","Evaluation_Status","Total",111,100,0,100,100,453653.563526039,121131.327009853,216240.525187183,691066.601864895
"WSA9_by_Lake_Origin","TPL_Natural","Evaluation_Status","Target_Denied",6,1.60645341747951,0.937556864798502,0,3.44403110594287,11879.8205537523,5806.03642034039,500.198276957281,23259.4428305473
"WSA9_by_Lake_Origin","TPL_Natural","Evaluation_Status","Target_Inacc",1,0.572007356757437,0.553788110831176,0,1.65741210905302,4230.02913110687,3661.440808567,0,11406.3212474234
"WSA9_by_Lake_Origin","TPL_Natural","Evaluation_Status","Target_Other",4,0.70677713285637,0.432668786349381,0,1.55479237133581,5226.65980754235,2801.9223939191,0,10718.3267871
"WSA9_by_Lake_Origin","TPL_Natural","Evaluation_Status","Target_Sampled",67,97.1147620929067,1.38500344133799,94.4002052294202,99.8293189563932,718169.561738188,217951.735624728,290992.009545726,1145347.11393065
"WSA9_by_Lake_Origin","TPL_Natural","Evaluation_Status","Total",78,100,0,100,100,739506.07123059,216763.195301378,314658.015266068,1164354.12719511
"WSA9_by_Lake_Origin","UMW_Man_Made","Evaluation_Status","Target_Denied",4,2.73179855629327,1.97131755653148,0,6.59550996918648,1514.8723854895,739.492695605182,65.4933352729067,2964.2514357061
"WSA9_by_Lake_Origin","UMW_Man_Made","Evaluation_Status","Target_Sampled",12,97.2682014437067,1.97131755653148,93.4044900308135,100,53938.4252963502,29174.3571314117,0,111119.114546026
"WSA9_by_Lake_Origin","UMW_Man_Made","Evaluation_Status","Total",16,100,0,100,100,55453.2976818397,29156.3533528657,0,112598.70017398
"WSA9_by_Lake_Origin","UMW_Natural","Evaluation_Status","Target_Denied",11,0.273043890522333,0.131089031609192,0.0161141098000838,0.529973671244583,7703.04101858138,2316.1339640252,3163.50186572199,12242.5801714408
"WSA9_by_Lake_Origin","UMW_Natural","Evaluation_Status","Target_Inacc",5,0.358412967193332,0.199608018304493,0,0.74963749409555,10111.4505166189,4334.04027822039,1616.88766376103,18606.0133694769
"WSA9_by_Lake_Origin","UMW_Natural","Evaluation_Status","Target_Other",1,0.183942928751973,0.174713595757085,0,0.526375284045349,5189.34857888183,4573.88924084303,0,14154.0067602094
"WSA9_by_Lake_Origin","UMW_Natural","Evaluation_Status","Target_Sampled",133,99.1846002135324,0.377808397685163,98.4441093610127,99.9250910660521,2798169.34337867,981797.220446079,873882.151182823,4722456.53557452
"WSA9_by_Lake_Origin","UMW_Natural","Evaluation_Status","Total",150,100,0,100,100,2821173.18349275,981453.000827278,897560.649352527,4744785.71763298
"WSA9_by_Lake_Origin","WMT_Man_Made","Evaluation_Status","Target_Denied",12,2.05939397078966,1.4725284952218,0,4.94549678763335,11133.013536115,6917.92623679073,0,24691.8998079295
"WSA9_by_Lake_Origin","WMT_Man_Made","Evaluation_Status","Target_Inacc",5,0.273044648259554,0.163655979152618,0,0.593804473253324,1476.07005175011,662.832609575684,176.942009203076,2775.19809429715
"WSA9_by_Lake_Origin","WMT_Man_Made","Evaluation_Status","Target_Other",1,0.129154050066571,0.120563734012818,0,0.365454626573362,698.202387707225,589.218888481229,0,1853.05018814116
"WSA9_by_Lake_Origin","WMT_Man_Made","Evaluation_Status","Target_Sampled",79,97.5384073308842,1.56690612978768,94.4673277493453,100,527289.301856823,214774.124558306,106339.752911423,948238.850802222
"WSA9_by_Lake_Origin","WMT_Man_Made","Evaluation_Status","Total",97,100,0,100,100,540596.587832395,215126.630304843,118956.14031944,962237.03534535
"WSA9_by_Lake_Origin","WMT_Natural","Evaluation_Status","Target_Denied",47,1.17959596008804,0.84300027608092,0,2.83184614016397,5562.24569096796,2861.12416385566,0,11169.9460074223
"WSA9_by_Lake_Origin","WMT_Natural","Evaluation_Status","Target_Inacc",104,5.72905781024072,2.94455711425552,0,11.5002837046027,27014.6967237319,2453.80433125668,22205.3286093604,31824.0648381034
"WSA9_by_Lake_Origin","WMT_Natural","Evaluation_Status","Target_Other",1,0.0987239839046016,0.0963433584234786,0,0.287553496564253,465.521307844744,391.154118538681,0,1232.16929258507
"WSA9_by_Lake_Origin","WMT_Natural","Evaluation_Status","Target_Sampled",90,92.9926222457667,3.61803306474884,85.9014077439839,100,438495.747594559,234145.074999241,0,897411.6617505
"WSA9_by_Lake_Origin","WMT_Natural","Evaluation_Status","Total",242,100,0,100,100,471538.211317103,233842.994036537,13214.3649684754,929862.057665731
"WSA9_by_Lake_Origin","WMT_Not_Assigned","Evaluation_Status","Target_Denied",4,100,0,100,100,49.3370999839425,0.912615680759251,47.5484061179279,51.1257938499572
"WSA9_by_Lake_Origin","WMT_Not_Assigned","Evaluation_Status","Total",4,100,0,100,100,49.3370999839425,0.912615680759251,47.5484061179279,51.1257938499572
"WSA9_by_Lake_Origin","XER_Man_Made","Evaluation_Status","Target_Denied",24,21.8368764321245,13.0552260217667,0,47.4246492448173,167046.612675924,122218.425871361,0,406590.32563097
"WSA9_by_Lake_Origin","XER_Man_Made","Evaluation_Status","Target_Inacc",6,10.5077873090015,7.30432768610969,0,24.8240065050552,80381.9301786919,58365.7985508267,0,194776.793267232
"WSA9_by_Lake_Origin","XER_Man_Made","Evaluation_Status","Target_Other",2,0.332694422308454,0.286747766348846,0,0.894709716999498,2545.02865716833,2073.80406140573,0,6609.60992851644
"WSA9_by_Lake_Origin","XER_Man_Made","Evaluation_Status","Target_Sampled",77,67.3226418365656,13.1115979155555,41.6243821423064,93.0209015308247,515001.278234489,136893.960362975,246694.046222004,783308.510246974
"WSA9_by_Lake_Origin","XER_Man_Made","Evaluation_Status","Total",109,100,0,100,100,764974.849746273,195386.052659965,382025.223451296,1147924.47604125
"WSA9_by_Lake_Origin","XER_Natural","Evaluation_Status","Target_Denied",9,0.71980906503962,0.642914293118728,0,1.97989792469836,6457.68190270449,2880.12139934295,812.747688889204,12102.6161165198
"WSA9_by_Lake_Origin","XER_Natural","Evaluation_Status","Target_Inacc",7,0.46261367371225,0.515915711104284,0,1.47378988653502,4150.28386522306,2252.87016567879,0,8565.82825179827
"WSA9_by_Lake_Origin","XER_Natural","Evaluation_Status","Target_Sampled",17,98.8175772612481,1.08711014101114,96.686880537638,100,886530.208276746,695134.248750225,0,2248968.30024749
"WSA9_by_Lake_Origin","XER_Natural","Evaluation_Status","Total",33,100,0,100,100,897138.174044674,694186.056473959,0,2257717.84330352
"National","National","Target_nonTarget","Target",1039,97.2163591995269,0.88156682374781,95.4885199750158,98.9441984240379,21140751.1528261,3962003.38572275,13375367.2101837,28906135.0954684
"National","National","Target_nonTarget","Target_Presumed",473,2.78364080047313,0.88156682374781,1.05580157596205,4.51148002498421,605332.867289093,159316.26447936,293078.726758089,917587.007820096
"National","National","Target_nonTarget","Total",1512,100,0,100,100,21746084.0201152,3962410.37188341,13979902.3992557,29512265.6409746
"WSA3_Ecoregions","EHIGH","Target_nonTarget","Target",188,98.8277493949314,0.622051010839439,97.6085518171394,100,5067822.70746716,2213141.93135928,730144.229327553,9405501.18560677
"WSA3_Ecoregions","EHIGH","Target_nonTarget","Target_Presumed",58,1.17225060506861,0.622051010839441,0,2.39144818286065,60112.2485494292,18569.1525232647,23717.3783803994,96507.1187184592
"WSA3_Ecoregions","EHIGH","Target_nonTarget","Total",246,100,0,100,100,5127934.95601659,2213070.44014031,790396.598091386,9465473.31394179
"WSA3_Ecoregions","PLNLOW","Target_nonTarget","Target",588,98.2915341746026,0.46260527979349,97.3848444871493,99.198223862056,13705611.9093963,3192586.00327464,7448258.32543132,19962965.4933612
"WSA3_Ecoregions","PLNLOW","Target_nonTarget","Target_Presumed",192,1.70846582539735,0.46260527979349,0.801776137944037,2.61515551285067,238225.700310748,29384.2709804823,180633.587477037,295817.813144458
"WSA3_Ecoregions","PLNLOW","Target_nonTarget","Total",780,100,0,100,100,13943837.609707,3189440.33057601,7692649.43093852,20195025.7884755
"WSA3_Ecoregions","WMTNS","Target_nonTarget","Target",263,88.5205996509945,6.29518046144174,76.1822726703885,100,2367316.53596262,787749.708653921,823355.478169012,3911277.59375622
"WSA3_Ecoregions","WMTNS","Target_nonTarget","Target_Presumed",223,11.4794003490055,6.29518046144174,0,23.8177273296116,306994.918428916,160161.269747005,0,620905.23885125
"WSA3_Ecoregions","WMTNS","Target_nonTarget","Total",486,100,0,100,100,2674311.45439153,803469.108618282,1099540.9388092,4249081.96997387
"WSA3_by_Lake_Origin","EHIGH_Man_Made","Target_nonTarget","Target",122,96.1650848970582,1.92681273531689,92.388601330884,99.9415684632324,1293764.15641725,482454.630325192,348170.456805293,2239357.85602922
"WSA3_by_Lake_Origin","EHIGH_Man_Made","Target_nonTarget","Target_Presumed",44,3.83491510294182,1.92681273531689,0.0584315367676148,7.61139866911603,51593.3169341079,18398.0139897129,15533.8721272065,87652.7617410093
"WSA3_by_Lake_Origin","EHIGH_Man_Made","Target_nonTarget","Total",166,100,0,100,100,1345357.47335136,482337.797587134,399992.76169821,2290722.18500452
"WSA3_by_Lake_Origin","EHIGH_Natural","Target_nonTarget","Target",66,99.7779453128888,0.145342464721678,99.49307931661,100,3774058.55104991,2190089.41966413,0,8066554.93651382
"WSA3_by_Lake_Origin","EHIGH_Natural","Target_nonTarget","Target_Presumed",13,0.222054687111255,0.145342464721686,0,0.506920683390043,8399.12455668384,2480.01828873079,3538.37802977084,13259.8710835968
"WSA3_by_Lake_Origin","EHIGH_Natural","Target_nonTarget","Total",79,100,0,100,100,3782457.67560659,2190044.5769485,0,8074866.17096291
"WSA3_by_Lake_Origin","PLNLOW_Man_Made","Target_nonTarget","Target",303,97.9545234937637,0.86295390429982,96.2631649210179,99.6458820665096,5737248.44665696,2304011.97360483,1221467.95844244,10253028.9348715
"WSA3_by_Lake_Origin","PLNLOW_Man_Made","Target_nonTarget","Target_Presumed",125,2.04547650623627,0.86295390429982,0.354117933490395,3.73683507898214,119804.644946534,17053.1447233558,86381.0954656079,153228.194427461
"WSA3_by_Lake_Origin","PLNLOW_Man_Made","Target_nonTarget","Total",428,100,0,100,100,5857053.09160349,2303483.89921064,1342307.61018274,10371798.5730242
"WSA3_by_Lake_Origin","PLNLOW_Natural","Target_nonTarget","Target",285,98.5433294851309,0.531832299966006,97.5009573313824,99.5857016388793,7968363.46273932,2215588.34416199,3625890.10361509,12310836.8218636
"WSA3_by_Lake_Origin","PLNLOW_Natural","Target_nonTarget","Target_Presumed",64,1.45667051486914,0.531832299966006,0.414298361120664,2.49904266861761,117788.592780238,23618.7337886467,71496.7251940513,164080.460366425
"WSA3_by_Lake_Origin","PLNLOW_Natural","Target_nonTarget","Total",349,100,0,100,100,8086152.05551956,2211527.04530771,3751638.69588016,12420665.415159
"WSA3_by_Lake_Origin","PLNLOW_Uncertain","Target_nonTarget","Target_Presumed",3,100,0,100,100,632.462583975186,179.151994357953,281.331127275074,983.594040675297
"WSA3_by_Lake_Origin","PLNLOW_Uncertain","Target_nonTarget","Total",3,100,0,100,100,632.462583975186,179.151994357953,281.331127275074,983.594040675297
"WSA3_by_Lake_Origin","WMTNS_Man_Made","Target_nonTarget","Target",156,79.8340519783704,8.86032221711962,62.4681395413959,97.199964415345,1042290.58009131,255827.064799278,540878.746814133,1543702.41336849
"WSA3_by_Lake_Origin","WMTNS_Man_Made","Target_nonTarget","Target_Presumed",50,20.1659480216296,8.86032221711962,2.80003558465506,37.5318604586041,263280.857487356,130228.273140236,8038.13236364882,518523.582611064
"WSA3_by_Lake_Origin","WMTNS_Man_Made","Target_nonTarget","Total",206,100,0,100,100,1305571.43757867,288029.386641689,741044.213271795,1870098.66188554
"WSA3_by_Lake_Origin","WMTNS_Natural","Target_nonTarget","Target",107,96.8107560006645,1.87357751816539,93.1386115428164,100,1325025.9558713,768663.434871458,0,2831578.60445221
"WSA3_by_Lake_Origin","WMTNS_Natural","Target_nonTarget","Target_Presumed",168,3.18924399933547,1.87357751816539,0,6.86138845718357,43650.4294904721,5115.5147966154,33624.2047267242,53676.6542542201
"WSA3_by_Lake_Origin","WMTNS_Natural","Target_nonTarget","Total",275,100,0,100,100,1368676.38536178,768004.205938841,0,2873936.96897719
"WSA3_by_Lake_Origin","WMTNS_Not_Assigned","Target_nonTarget","Target_Presumed",5,100,0,100,100,63.6314510872212,1.80754608763292,60.0887258550643,67.174176319378
"WSA3_by_Lake_Origin","WMTNS_Not_Assigned","Target_nonTarget","Total",5,100,0,100,100,63.6314510872212,1.80754608763292,60.0887258550643,67.174176319378
"WSA9_Ecoregions","CPL","Target_nonTarget","Target",126,98.387310254074,0.725579594834774,96.9652003802807,99.8094201278674,6052382.23226912,2043588.21741887,2047022.92689772,10057741.5376405
"WSA9_Ecoregions","CPL","Target_nonTarget","Target_Presumed",41,1.61268974592597,0.725579594834775,0.190579872132646,3.03479961971929,99206.0331682944,25153.1839771251,49906.6984766192,148505.367859969
"WSA9_Ecoregions","CPL","Target_nonTarget","Total",167,100,0,100,100,6151588.26543742,2039209.96501763,2154810.17708768,10148366.3537872
"WSA9_Ecoregions","NAP","Target_nonTarget","Target",99,99.6415400029192,0.212263972223523,99.2255102621457,100,3930947.56985125,2160063.39518799,0,8164594.02874301
"WSA9_Ecoregions","NAP","Target_nonTarget","Target_Presumed",23,0.358459997080783,0.212263972223522,0,0.774489737854296,14141.56640265,3057.20022703662,8149.56406413055,20133.5687411694
"WSA9_Ecoregions","NAP","Target_nonTarget","Total",122,100,0,100,100,3945089.1362539,2160007.82396765,0,8178626.67755522
"WSA9_Ecoregions","NPL","Target_nonTarget","Target",76,99.1630191945076,0.642033290635269,97.9046570679867,100,2966276.21057233,2209010.70360838,0,7295857.63110825
"WSA9_Ecoregions","NPL","Target_nonTarget","Target_Presumed",53,0.836980805492404,0.642033290635277,0,2.09534293201328,25036.7150194162,4338.71385249341,16532.9921293041,33540.4379095284
"WSA9_Ecoregions","NPL","Target_nonTarget","Total",129,100,0,100,100,2991312.92559175,2208783.49901585,0,7320449.03330917
"WSA9_Ecoregions","SAP","Target_nonTarget","Target",89,96.1135524699236,2.1931396773415,91.8150776892684,100,1136875.13761591,479688.600927312,196702.756003973,2077047.51922785
"WSA9_Ecoregions","SAP","Target_nonTarget","Target_Presumed",35,3.88644753007642,2.19313967734149,0,8.18492231073154,45970.6821467793,18317.7846860814,10068.4838855003,81872.8804080582
"WSA9_Ecoregions","SAP","Target_nonTarget","Total",124,100,0,100,100,1182845.81976269,479607.584790299,242832.226861466,2122859.41266392
"WSA9_Ecoregions","SPL","Target_nonTarget","Target",90,93.2775203098608,2.19131918632387,88.9826136260344,97.5724269936872,681697.136708686,179345.49343828,330186.428780093,1033207.84463728
"WSA9_Ecoregions","SPL","Target_nonTarget","Target_Presumed",37,6.72247969013923,2.19131918632387,2.42757300631282,11.0173863739656,49129.6846349136,10470.8134906699,28607.2673043645,69652.1019654628
"WSA9_Ecoregions","SPL","Target_nonTarget","Total",127,100,0,100,100,730826.8213436,178951.752164935,380087.832129991,1081565.81055721
"WSA9_Ecoregions","TPL","Target_nonTarget","Target",150,96.1939135661203,1.1949648472893,93.8518255026419,98.5360016295987,1147959.21259224,248824.840449158,660271.486852963,1635646.93833151
"WSA9_Ecoregions","TPL","Target_nonTarget","Target_Presumed",40,3.80608643387971,1.1949648472893,1.46399837040128,6.14817449735814,45421.0856354367,9715.50721527192,26379.0414019647,64463.1298689087
"WSA9_Ecoregions","TPL","Target_nonTarget","Total",190,100,0,100,100,1193380.29822767,247566.309828389,708159.247178549,1678601.3492768
"WSA9_Ecoregions","UMW","Target_nonTarget","Target",146,99.3245043300139,0.297556542781531,98.7413042227978,99.90770443723,2857297.1172539,990554.664454932,915845.650204078,4798748.58430372
"WSA9_Ecoregions","UMW","Target_nonTarget","Target_Presumed",21,0.675495669986108,0.297556542781533,0.0922955627700523,1.25869577720216,19432.1818526867,4964.38595755138,9702.16417052962,29162.1995348438
"WSA9_Ecoregions","UMW","Target_nonTarget","Total",167,100,0,100,100,2876729.29910659,990252.055825477,935870.934071905,4817587.66414127
"WSA9_Ecoregions","WMT","Target_nonTarget","Target",169,95.4159440820692,1.73313921530496,92.0190536398775,98.812834524261,965785.049451381,330606.913974328,317807.405021767,1613762.693881
"WSA9_Ecoregions","WMT","Target_nonTarget","Target_Presumed",174,4.58405591793077,1.73313921530496,1.18716547573904,7.9809463601225,46399.0867981008,8645.35333349112,29454.5056308349,63343.6679653667
"WSA9_Ecoregions","WMT","Target_nonTarget","Total",343,100,0,100,100,1012184.13624948,330373.601460117,364663.775944864,1659704.4965541
"WSA9_Ecoregions","XER","Target_nonTarget","Target",94,84.3215481277263,9.55622931511636,65.5916828420924,100,1401531.48651124,712925.278599425,4223.61678817938,2798839.35623429
"WSA9_Ecoregions","XER","Target_nonTarget","Target_Presumed",49,15.6784518722737,9.55622931511636,0,34.4083171579076,260595.831630815,134752.9233776,0,524706.708262396
"WSA9_Ecoregions","XER","Target_nonTarget","Total",143,100,0,100,100,1662127.31814205,726462.924370973,238286.150271299,3085968.4860128
"WSA9_by_Lake_Origin","CPL_Man_Made","Target_nonTarget","Target",98,96.6635898265685,1.39748333807131,93.9245728149539,99.4026068381831,1836869.11953602,623431.079105393,614966.657646509,3058771.58142553
"WSA9_by_Lake_Origin","CPL_Man_Made","Target_nonTarget","Target_Presumed",34,3.33641017343151,1.39748333807131,0.597393161816931,6.07542718504608,63400.7988807146,15702.9445078036,32623.5931941885,94178.0045672406
"WSA9_by_Lake_Origin","CPL_Man_Made","Target_nonTarget","Total",132,100,0,100,100,1900269.91841674,622579.661209712,680036.204938551,3120503.63189492
"WSA9_by_Lake_Origin","CPL_Natural","Target_nonTarget","Target",28,99.1577851535707,0.656796953983637,97.8704867786072,100,4215513.1127331,1963742.00157572,366649.514716083,8064376.71075012
"WSA9_by_Lake_Origin","CPL_Natural","Target_nonTarget","Target_Presumed",7,0.842214846429275,0.656796953983632,0,2.1295132213928,35805.2342875798,19137.7655829338,0,73314.5655747002
"WSA9_by_Lake_Origin","CPL_Natural","Target_nonTarget","Total",35,100,0,100,100,4251318.34702068,1959378.45467071,411007.143782353,8091629.55025901
"WSA9_by_Lake_Origin","NAP_Man_Made","Target_nonTarget","Target",34,96.384315828012,1.63616580634926,93.1774897748315,99.5911418811924,159246.201182415,49439.5072927753,62346.5474751703,256145.85488966
"WSA9_by_Lake_Origin","NAP_Man_Made","Target_nonTarget","Target_Presumed",11,3.61568417198803,1.63616580634926,0.408858118807548,6.82251022516851,5973.83468584151,1729.98098999262,2583.13425151702,9364.535120166
"WSA9_by_Lake_Origin","NAP_Man_Made","Target_nonTarget","Total",45,100,0,100,100,165220.035868257,49081.9529040337,69021.1758854597,261418.895851054
"WSA9_by_Lake_Origin","NAP_Natural","Target_nonTarget","Target",65,99.7870778182992,0.140668544549418,99.5113725372247,100,3771701.36866883,2190040.60758551,0,8064102.08421664
"WSA9_by_Lake_Origin","NAP_Natural","Target_nonTarget","Target_Presumed",11,0.212922181700762,0.140668544549419,0,0.488627462775292,8047.92465817098,2475.66430338562,3195.71178572372,12900.1375306182
"WSA9_by_Lake_Origin","NAP_Natural","Target_nonTarget","Total",76,100,0,100,100,3779749.293327,2189996.61327091,0,8072063.78160269
"WSA9_by_Lake_Origin","NPL_Man_Made","Target_nonTarget","Target",34,99.4322261126122,0.470207579999951,98.5106361905545,100,2751407.47469511,2206854.98595987,0,7076763.7662791
"WSA9_by_Lake_Origin","NPL_Man_Made","Target_nonTarget","Target_Presumed",36,0.567773887387844,0.470207579999959,0,1.4893638094455,15710.9759961159,2579.06005655381,10656.1111713046,20765.8408209272
"WSA9_by_Lake_Origin","NPL_Man_Made","Target_nonTarget","Total",70,100,0,100,100,2767118.45069123,2206627.10307975,0,7092028.10003749
"WSA9_by_Lake_Origin","NPL_Natural","Target_nonTarget","Target",42,95.9726029174264,2.09270312179068,91.8709801683822,100,214868.735877223,82852.6649071147,52480.4966361122,377256.975118333
"WSA9_by_Lake_Origin","NPL_Natural","Target_nonTarget","Target_Presumed",16,4.02739708257357,2.09270312179068,0,8.12901983161785,9016.75784236824,3207.77439899573,2729.635549807,15303.8801349295
"WSA9_by_Lake_Origin","NPL_Natural","Target_nonTarget","Total",58,100,0,100,100,223885.493719591,82705.4623037003,61785.7662796033,385985.221159578
"WSA9_by_Lake_Origin","SAP_Man_Made","Target_nonTarget","Target",88,96.1343924191101,2.19288431069132,91.8364181478922,100,1134517.95523484,479955.332816868,193822.788725844,2075213.12174384
"WSA9_by_Lake_Origin","SAP_Man_Made","Target_nonTarget","Target_Presumed",33,3.86560758088987,2.19288431069133,0,8.16358185210782,45619.4822482664,18317.7304438486,9717.3902998102,81521.5741967226
"WSA9_by_Lake_Origin","SAP_Man_Made","Target_nonTarget","Total",121,100,0,100,100,1180137.43748311,479873.028841776,239603.583801074,2120671.29116514
"WSA9_by_Lake_Origin","SAP_Natural","Target_nonTarget","Target",1,87.032853480098,17.187320954599,53.3463234183534,100,2357.1823810722,2357.1823810722,0,6977.17495296609
"WSA9_by_Lake_Origin","SAP_Natural","Target_nonTarget","Target_Presumed",2,12.967146519902,17.1873209545989,0,46.6536765816465,351.199898512857,198.45816236024,0,740.17074917693
"WSA9_by_Lake_Origin","SAP_Natural","Target_nonTarget","Total",3,100,0,100,100,2708.38227958506,2183.54120795459,0,6988.04440593514
"WSA9_by_Lake_Origin","SPL_Man_Made","Target_nonTarget","Target",76,97.7497747240403,0.776739894867397,96.2273925047448,99.2721569433358,665243.776275427,179384.012617588,313657.572142677,1016829.98040818
"WSA9_by_Lake_Origin","SPL_Man_Made","Target_nonTarget","Target_Presumed",23,2.25022527595969,0.776739894867396,0.727843056664165,3.77260749525521,15314.0850122254,2615.59152940825,10187.6198163172,20440.5502081336
"WSA9_by_Lake_Origin","SPL_Man_Made","Target_nonTarget","Total",99,100,0,100,100,680557.861287653,178754.063309841,330206.335110171,1030909.38746513
"WSA9_by_Lake_Origin","SPL_Natural","Target_nonTarget","Target",14,32.7306560846838,9.65450362119197,13.808176698536,51.6531354708316,16453.3604332592,3914.70848943829,8780.67278398696,24126.0480825315
"WSA9_by_Lake_Origin","SPL_Natural","Target_nonTarget","Target_Presumed",14,67.2693439153162,9.65450362119197,48.3468645291684,86.191823301464,33815.5996226882,10179.5477728049,13864.0526090856,53767.1466362908
"WSA9_by_Lake_Origin","SPL_Natural","Target_nonTarget","Total",28,100,0,100,100,50268.9600559474,9689.54284483502,31277.805053413,69260.1150584818
"WSA9_by_Lake_Origin","TPL_Man_Made","Target_nonTarget","Target",83,94.739617498757,2.02328851684979,90.7740448753979,98.7051901221161,429789.65085405,121467.460329171,191717.803315328,667861.498392772
"WSA9_by_Lake_Origin","TPL_Man_Made","Target_nonTarget","Target_Presumed",28,5.260382501243,2.02328851684979,1.29480987788395,9.22595512460205,23863.912671989,6445.35374780556,11231.2514586699,36496.5738853082
"WSA9_by_Lake_Origin","TPL_Man_Made","Target_nonTarget","Total",111,100,0,100,100,453653.563526039,121131.327009853,216240.525187183,691066.601864895
"WSA9_by_Lake_Origin","TPL_Natural","Target_nonTarget","Target",67,97.1147620929067,1.38500344133799,94.4002052294202,99.8293189563932,718169.561738188,217951.735624728,290992.009545726,1145347.11393065
"WSA9_by_Lake_Origin","TPL_Natural","Target_nonTarget","Target_Presumed",11,2.88523790709332,1.38500344133798,0.170681043606841,5.5997947705798,21336.5094924015,7238.26376782227,7149.77319686868,35523.2457879344
"WSA9_by_Lake_Origin","TPL_Natural","Target_nonTarget","Total",78,100,0,100,100,739506.07123059,216763.195301378,314658.015266068,1164354.12719511
"WSA9_by_Lake_Origin","UMW_Man_Made","Target_nonTarget","Target",12,97.2682014437067,1.97131755653148,93.4044900308135,100,53938.4252963502,29174.3571314117,0,111119.114546026
"WSA9_by_Lake_Origin","UMW_Man_Made","Target_nonTarget","Target_Presumed",4,2.73179855629327,1.97131755653148,0,6.59550996918648,1514.8723854895,739.492695605182,65.4933352729067,2964.2514357061
"WSA9_by_Lake_Origin","UMW_Man_Made","Target_nonTarget","Total",16,100,0,100,100,55453.2976818397,29156.3533528657,0,112598.70017398
"WSA9_by_Lake_Origin","UMW_Natural","Target_nonTarget","Target",134,99.3685431422843,0.287823991836867,98.8044184843975,99.9326678001711,2803358.69195755,981754.907434327,879154.431740816,4727562.95217429
"WSA9_by_Lake_Origin","UMW_Natural","Target_nonTarget","Target_Presumed",16,0.631456857715665,0.287823991836867,0.0673321998288547,1.19558151560248,17814.4915352003,4892.30607337539,8225.74783003799,27403.2352403627
"WSA9_by_Lake_Origin","UMW_Natural","Target_nonTarget","Total",150,100,0,100,100,2821173.18349275,981453.000827278,897560.649352527,4744785.71763298
"WSA9_by_Lake_Origin","WMT_Man_Made","Target_nonTarget","Target",79,97.5384073308842,1.56690612978768,94.4673277493453,100,527289.301856823,214774.124558306,106339.752911423,948238.850802222
"WSA9_by_Lake_Origin","WMT_Man_Made","Target_nonTarget","Target_Presumed",18,2.46159266911578,1.56690612978768,0,5.53267225065468,13307.2859755723,6973.99422685994,0,26976.063488608
"WSA9_by_Lake_Origin","WMT_Man_Made","Target_nonTarget","Total",97,100,0,100,100,540596.587832395,215126.630304843,118956.14031944,962237.03534535
"WSA9_by_Lake_Origin","WMT_Natural","Target_nonTarget","Target",90,92.9926222457667,3.61803306474884,85.9014077439839,100,438495.747594559,234145.074999241,0,897411.6617505
"WSA9_by_Lake_Origin","WMT_Natural","Target_nonTarget","Target_Presumed",152,7.00737775423336,3.61803306474884,0,14.0985922560162,33042.4637225446,3687.03149649726,25816.0147795451,40268.912665544
"WSA9_by_Lake_Origin","WMT_Natural","Target_nonTarget","Total",242,100,0,100,100,471538.211317103,233842.994036537,13214.3649684754,929862.057665731
"WSA9_by_Lake_Origin","WMT_Not_Assigned","Target_nonTarget","Target_Presumed",4,100,0,100,100,49.3370999839425,0.912615680759251,47.5484061179279,51.1257938499572
"WSA9_by_Lake_Origin","WMT_Not_Assigned","Target_nonTarget","Total",4,100,0,100,100,49.3370999839425,0.912615680759251,47.5484061179279,51.1257938499572
"WSA9_by_Lake_Origin","XER_Man_Made","Target_nonTarget","Target",77,67.3226418365656,13.1115979155555,41.6243821423064,93.0209015308247,515001.278234489,136893.960362975,246694.046222004,783308.510246974
"WSA9_by_Lake_Origin","XER_Man_Made","Target_nonTarget","Target_Presumed",32,32.6773581634344,13.1115979155555,6.97909846917527,58.3756178576936,249973.571511784,135358.630805605,0,515271.612887424
"WSA9_by_Lake_Origin","XER_Man_Made","Target_nonTarget","Total",109,100,0,100,100,764974.849746273,195386.052659965,382025.223451296,1147924.47604125
"WSA9_by_Lake_Origin","XER_Natural","Target_nonTarget","Target",17,98.8175772612481,1.08711014101114,96.686880537638,100,886530.208276746,695134.248750225,0,2248968.30024749
"WSA9_by_Lake_Origin","XER_Natural","Target_nonTarget","Target_Presumed",16,1.18242273875187,1.08711014101113,0,3.31311946236195,10607.9657679275,3508.97797031676,3730.49532356223,17485.4362122929
"WSA9_by_Lake_Origin","XER_Natural","Target_nonTarget","Total",33,100,0,100,100,897138.174044674,694186.056473959,0,2257717.84330352
