"sample","file","ch4_ppm","co2_ppm","n2o_ppm","n2_percent","o2_percent","ar_percent"
"SG220635","2022_06_09_rerun_tcd_fid_ecd_trap.xlsx,2022_06_09_tcd_fid_ecd_trap.xls",549999.334381078,18002.6446727824,0,41.189124989366,-3.05956321309932,0.778566713102555
"SG220624","2022_06_09_rerun_tcd_fid_ecd_trap.xlsx,2022_06_09_tcd_fid_ecd_trap.xls",534204.049392192,17536.443641827,0.0873088810587021,41.1256433370104,-3.06165606836835,0.751213201718639
"SG220620","2022_06_09_rerun_tcd_fid_ecd_trap.xlsx,2022_06_09_tcd_fid_ecd_trap.xls",459763.346042155,14285.692976383,0.0724785148869874,46.4061715070885,0.522382183480457,0.780978495869702
"SG220625","2022_06_09_rerun_tcd_fid_ecd_trap.xlsx,2022_06_09_tcd_fid_ecd_trap.xls",389561.456147786,10568.7196078068,0.384206995986557,52.7128082711339,3.07382452849337,0.814458834283204
"SG220629","2022_06_09_rerun_tcd_fid_ecd_trap.xlsx,2022_06_09_tcd_fid_ecd_trap.xls",517465.31977439,10858.7583497484,0.161751503410838,39.1133248306909,1.29175039903535,0.670695609337176
"SG220648","2022_06_09_rerun_tcd_fid_ecd_trap.xlsx,2022_06_09_tcd_fid_ecd_trap.xls",510905.812441716,8537.12641143187,0.185014822895881,39.4019312316778,1.71825227280868,0.673811452912124
"SG220633","2022_06_09_rerun_tcd_fid_ecd_trap.xlsx,2022_06_09_tcd_fid_ecd_trap.xls",422210.730615825,9611.83882221503,0.422591473136878,49.4734271860335,2.52640912173323,0.762013794110645
"SG220616","2022_06_09_rerun_tcd_fid_ecd_trap.xlsx,2022_06_09_tcd_fid_ecd_trap.xls",315527.153290079,7947.52400585083,0.76717939300907,58.7750032685963,6.14748933826852,0.823881265093983
"SG220626","2022_06_09_rerun_tcd_fid_ecd_trap.xlsx,2022_06_09_tcd_fid_ecd_trap.xls",424649.494744456,9302.93445038031,0.133253937041661,48.5451950454033,3.20532822385655,0.790041406267988
"SG220621","2022_06_09_rerun_tcd_fid_ecd_trap.xlsx,2022_06_09_tcd_fid_ecd_trap.xls",432722.064281707,9462.76675418506,0.0878904640458281,47.6582420095246,2.99925279074942,0.783689878980594
"SG220645","2022_06_09_rerun_tcd_fid_ecd_trap.xlsx,2022_06_09_tcd_fid_ecd_trap.xls",405046.672696501,11814.5230182356,0.171929205685544,50.9390892244465,3.59656627313439,0.804377282716185
"SG220642","2022_06_09_rerun_tcd_fid_ecd_trap.xlsx,2022_06_09_tcd_fid_ecd_trap.xls",424986.39168937,7320.95970275942,0.286501054149379,48.4568657765954,3.65469414805022,0.767376640263681
"SG220622","2022_06_09_rerun_tcd_fid_ecd_trap.xlsx,2022_06_09_tcd_fid_ecd_trap.xls",327275.363417562,6700.32274001927,0.232995419333781,49.4233846208558,14.5709328167997,0.736652625012633
"SG220623","2022_06_09_tcd_fid_ecd_trap.xls",368824.747069465,5241.67464690787,0.279181250213297,49.1030776204405,14.6603473316244,0.705546531150787
"SG220647","2022_06_09_tcd_fid_ecd_trap.xls",289771.393916105,4251.58194808487,0.251033359289605,58.4043467970207,12.3874367161371,0.806344244566122
"SG220640","2022_06_09_tcd_fid_ecd_trap.xls",268346.892105326,5577.08438417522,0.338442898539034,66.5923848189159,5.70096581427543,0.880966004220856
"SG220619","2022_06_09_tcd_fid_ecd_trap.xls",452855.012028925,8390.02871788825,0.113046030975332,49.6762031929147,3.86559254092098,0.762197686891389
"SG220641","2022_06_09_tcd_fid_ecd_trap.xls",549156.752472398,10008.517656234,0.200418974019688,40.6268790708438,2.32779273524011,0.656352478516403
"SG220617","2022_06_09_tcd_fid_ecd_trap.xls",386656.231433813,7903.18316306055,2.88706701549679,56.2988147420826,4.33351821450114,0.788982383762701
"SG220644","2022_06_09_tcd_fid_ecd_trap.xls",402557.41030681,9031.65667715695,0.227770504016183,52.836007060443,5.04521976583538,0.782793495470466
"SG220646","2022_06_09_tcd_fid_ecd_trap.xls",273640.049810655,6496.8656239807,0.330338741503036,65.8498450100195,5.41679052779277,0.876463841631218
"SG220627","2022_06_09_tcd_fid_ecd_trap.xls",438985.609460297,6893.53005048951,0.134572698102202,50.2239564776743,3.99237675702222,0.768944589701776
"SG220618","2022_06_09_tcd_fid_ecd_trap.xls",286055.388259968,6695.36350985296,0.401503370475396,61.0106194562204,8.76395938971543,0.882094715405301
"SG220643","2022_06_09_tcd_fid_ecd_trap.xls",352039.316208735,5416.81269366263,0.269557563733049,48.8759914307291,14.6894245260744,0.702325265523272
"SG220707","2022_06_30_tcd_fid_ecd_trap.xls",104798.068319286,3863.44413897498,0.306532780209791,64.9709416070785,23.7766009276267,0.827865849959406
"SG220708","2022_06_30_tcd_fid_ecd_trap.xls",1862.28274115404,379.801823980356,0.363768389276529,81.743977858719,16.7626052723099,0.849235269575012
"SG220709","2022_06_30_tcd_fid_ecd_trap.xls",516239.379185199,807.977182405121,0.668940552663339,39.6082786564147,9.16182118000362,0.634475772975204
"SG220710","2022_06_30_tcd_fid_ecd_trap.xls",1424.74454568694,2858.02120057983,0.393905723254147,63.827142631284,35.3690186890483,0.788513144281527
"SG220711","2022_06_30_tcd_fid_ecd_trap.xls",1417.2565752166,2540.25007469341,0.396944782142647,63.8044217514671,35.3957194476908,0.801943539161603
"SG220712","2022_06_30_tcd_fid_ecd_trap.xls",1376.94584090592,2013.38906023322,0.397957801772146,63.9104091001172,35.2458810727207,0.776465103548693
"SG220713","2022_06_30_tcd_fid_ecd_trap.xls",1293.77905425907,6290.69157348118,0.345787290852908,75.7400026089165,22.412280935898,0.916666251234466
"SG220714","2022_06_30_tcd_fid_ecd_trap.xls",1451.60850298698,6149.21820267449,0.339962427983284,75.777612753315,22.4281238412818,0.91927877375127
"SG220715","2022_06_30_tcd_fid_ecd_trap.xls",1372.15117206721,6000.88598548862,0.334897329835785,75.9001369176969,22.3445115423513,0.902043734429247
"SG220716","2022_06_30_tcd_fid_ecd_trap.xls",38737.5331198959,221.396711628923,0.365034663813403,72.9094407654467,22.245548014411,0.849362091056411
"SG220717","2022_06_30_tcd_fid_ecd_trap.xls",3084.61746224036,154.37661528612,0.362755369647029,64.2473064897531,35.2953218636597,0.777187985992663
"SG220718","2022_06_30_tcd_fid_ecd_trap.xls",3085.99864256427,44.7013422663368,0.363261879461779,64.1194335314041,35.3427003453634,0.776198778437756
"SG220719","2022_06_30_tcd_fid_ecd_trap.xls",94708.6917559557,588.814398665791,0.343761251593908,74.8493900982655,14.9527581973712,0.895918256877711
"SG220720","2022_06_30_tcd_fid_ecd_trap.xls",95105.1680719849,525.262382456744,0.346800310482407,74.8335352920796,14.9238448950458,0.89089612621434
"SG220649","2022_06_30_tcd_fid_ecd_trap.xls",2042.55637014548,203.824369295139,0.365541173628153,63.6187082531997,36.0684829617413,0.785063599987494
"SG220650","2022_06_30_tcd_fid_ecd_trap.xls",2061.40948156685,237.665762702251,0.367567212887153,63.6199343377767,36.1074892874103,0.77233072325511
"SG220651","2022_06_30_tcd_fid_ecd_trap.xls",1433.23880467898,194.668195948372,0.370353016868277,67.6727798960241,31.7051419538981,0.800979695902976
"SG220652","2022_06_30_tcd_fid_ecd_trap.xls",95920.6020623761,539.841572827954,0.339455918168534,74.8433669577812,14.8366133116958,0.89892392598685
"SG220685","2022_06_30_tcd_fid_ecd_trap.xls",230191.905247505,390.813530647095,0.376684389552651,63.7062813441096,13.4538691136199,0.804391193752589
"SG220686","2022_06_30_tcd_fid_ecd_trap.xls",288714.49307399,775.858784223698,0.375164860108401,57.3809416636557,13.7363781635019,0.773332612958156
"SG220687","2022_06_30_tcd_fid_ecd_trap.xls",154093.770413068,712.361992220603,0.378963683719026,69.5943992644173,14.7524137326519,0.856933333495887
"SG220224","2022_07_07_tcd_fid_ecd_trap.xls",476062.687760182,5119.80586921399,0.398970821401646,47.8159646836558,3.83695239213672,0.757530656375933
"SG220227","2022_07_07_tcd_fid_ecd_trap.xls",1262.47558877504,4869.07692935275,0.395171997791022,69.8993571508232,28.6231642073517,0.813953533450017
"SG220228","2022_07_07_tcd_fid_ecd_trap.xls",1275.97169365438,836.075258393271,0.396944782142647,69.7693155553787,29.1723667170859,0.818709339002452
"SG220287","2022_07_07_tcd_fid_ecd_trap.xls",545466.718380545,6708.86030578752,26.8878812262131,42.6457499352762,0.907981601637094,0.668501976434356
"SG220286","2022_07_07_tcd_fid_ecd_trap.xls",640309.763256806,7869.23132124154,14.4011323346668,30.7845924116486,0.667538197084431,0.540488373110956
"SG220285","2022_07_07_tcd_fid_ecd_trap.xls",625390.152177474,8105.16017390776,13.9805537459821,31.3826841313213,0.788982261457181,0.549847798438147
"SG220284","2022_07_07_tcd_fid_ecd_trap.xls",621726.300170264,7289.24462065596,17.1114936978197,31.5464660417181,0.761216204004437,0.551154059696549
"SG220273","2022_07_07_tcd_fid_ecd_trap.xls",498764.471988848,6365.27738603935,23.6575317897773,42.3079023300932,3.63641671993866,0.64935193274322
"SG220274","2022_07_07_tcd_fid_ecd_trap.xls",504535.521989028,7043.40854544203,19.2624090691877,41.6792198002252,3.46110677726113,0.63182520401398
"SG220272","2022_07_07_tcd_fid_ecd_trap.xls",551716.912717711,7273.60512553048,31.3845545587615,37.530126602686,2.02291241034213,0.606980875808062
"SG220277","2022_07_07_tcd_fid_ecd_trap.xls",478823.196907109,5749.42808610883,24.9727957398458,47.5087538668398,1.54194365517447,0.69589541641638
"SG220271","2022_07_07_tcd_fid_ecd_trap.xls",475006.374159069,6004.72959022285,13.1109501622507,47.1581856341707,1.46342566978547,0.686206255237553
"SG220279","2022_07_07_tcd_fid_ecd_trap.xls",575287.558787867,7333.5344338291,16.3336527152559,34.6733878534979,2.19702047743882,0.580158132492331
"SG220278","2022_07_07_tcd_fid_ecd_trap.xls",568154.752305765,6499.86982078447,18.3297951659879,35.0888389493743,2.33418452810184,0.587729374931807
"SG220282","2022_07_07_tcd_fid_ecd_trap.xls",597704.032530051,10359.5006195796,0.852550360510175,31.7770005943022,1.7153142077102,0.50237851795078
"SG220280","2022_07_07_tcd_fid_ecd_trap.xls",622234.396596616,10633.3795465758,0.944228636979905,29.6598207358829,0.849403824748348,0.488580340774649
"SG220281","2022_07_07_tcd_fid_ecd_trap.xls",621780.25986227,10967.2871854412,1.05566079622488,29.5897883174523,0.803568660551884,0.484496689073625
"SG220283","2022_07_07_tcd_fid_ecd_trap.xls",420912.669324243,3175.98008876649,0.33464407492841,51.3346281808049,2.87146388576712,0.745786987198454
"SG220288","2022_07_07_tcd_fid_ecd_trap.xls",136740.555064213,2326.44403893138,0.388080860384523,73.3620498870337,11.4930637341927,0.908257987017761
"SG221119","2022_07_22_tcd_fid_ecd_trap_short.xls",422200.227567262,4266.82169370951,21.512729178278,52.739944856834,6.20966297148149,0.792429963840559
"SG221121","2022_07_22_tcd_fid_ecd_trap_short.xls",36.6778969957082,589.822107887605,0.334961578987987,75.3530735940733,24.3185332468364,0.910755828109464
"SG221122","2022_07_22_tcd_fid_ecd_trap_short.xls",535982.681659701,2870.4498191885,0.336851746772694,43.050599597843,3.075303894862,0.76544511291638
"SG221123","2022_07_22_tcd_fid_ecd_trap_short.xls",128202.810382,3008.23672198566,0.318186339898713,74.7795775339587,11.9555388868079,0.999916967013114
"SG221124","2022_07_22_tcd_fid_ecd_trap_short.xls",481423.218059955,8533.44763919555,2.94998623501832,48.2239129751821,2.49784232908291,0.769277702619973
"SG221128","2022_07_22_tcd_fid_ecd_trap_short.xls",474557.529008027,7223.10214032986,29.7731370312987,49.9328851082203,0.863656357560766,0.820896559482856
"SG221130","2022_07_22_tcd_fid_ecd_trap_short.xls",476841.604677316,4513.00443920818,35.8124564623276,48.7880986825355,1.8862385019433,0.790406812398514
"SG221134","2022_07_22_tcd_fid_ecd_trap_short.xls",414652.923549192,8757.8302360034,0.00465475861045617,56.7206043672341,0.0204903458234519,0.910684590382631
"SG221209","2022_07_22_tcd_fid_ecd_trap_short.xls",55150.876902117,726.77674885465,0.357879863377558,76.6704846401579,17.1825933647299,0.950762935498638
"SG221211","2022_07_22_tcd_fid_ecd_trap_short.xls",120016.781283836,1672.97055563212,0.34464868888461,71.2830176707506,16.6151768916295,0.920016732597699
"SG221212","2022_07_22_tcd_fid_ecd_trap_short.xls",43.8836909871245,818.246661873251,0.370165953978153,78.9451671185328,20.3680207529595,0.946844860522846
"SG221214","2022_07_22_tcd_fid_ecd_trap_short.xls",104682.942476831,1861.68838662001,0.356934779485204,72.5685970618832,16.7701918775477,0.945263382987163
"SG221202","2022_07_22_tcd_fid_ecd_trap_short.xls",300720.383969001,869.418402568437,0.435376742550541,56.8615753361012,13.8980138649977,0.852283901925288
"SG221204","2022_07_22_tcd_fid_ecd_trap_short.xls",15251.6317884481,713.673871486156,0.349846650292554,76.3547994455332,21.601991993479,0.924419224115952
"SG221210","2022_07_22_tcd_fid_ecd_trap_short.xls",294184.247153099,808.044161005596,0.437503181308336,56.8291632352165,14.4147489076366,0.828462006072475
"SG221206","2022_07_22_tcd_fid_ecd_trap_short.xls",330960.443712878,3764.08986432492,0.308026688055913,57.7052031940383,8.9447607027859,0.883543016459421
"SG221205","2022_07_22_tcd_fid_ecd_trap_short.xls",5.70515021459227,490.606483507941,0.353863256835056,78.4385539084291,21.0867630238828,0.972860878362102
"SG221207","2022_07_22_tcd_fid_ecd_trap_short.xls",378292.909109314,4076.53889422815,0.4037164321567,55.7180504129102,6.25027167489653,0.86641746692887
"SG221213","2022_07_22_tcd_fid_ecd_trap_short.xls",123739.234437587,2522.97422881119,0.494208214849543,71.4753542350265,15.7987056791429,0.915884944441409
"SG221201","2022_07_22_tcd_fid_ecd_trap_short.xls",370937.34605616,6806.59832018478,0.343467334019168,56.8245351463127,5.37075265237834,0.901551913802696
"SG221203","2022_07_22_tcd_fid_ecd_trap_short.xls",398014.710493881,8524.00644313576,0.217771176336159,54.7987014482261,4.89208395132111,0.889769193784588
"SG221142","2022_07_22_tcd_fid_ecd_trap_short.xls",392490.451247523,1535.43583936491,0.32149413352195,54.9365999232892,5.20332983533852,0.878171691856245
"SG221150","2022_07_22_tcd_fid_ecd_trap_short.xls",152980.913592079,2007.13783727428,0.353626985861967,71.4578789428112,13.0283603117678,0.984714836107042
"SG221153","2022_07_22_tcd_fid_ecd_trap_short.xls",216767.397276618,2272.90276203765,0.339450727476666,70.8722786501789,7.21328793958452,1.0232401987781
"SG221149","2022_07_22_tcd_fid_ecd_trap_short.xls",502741.727336454,3361.86644626023,0.343939875965345,43.7101873987031,4.36305161503154,0.796276801089518
"SG221155","2022_07_22_tcd_fid_ecd_trap_short.xls",330405.122750048,1098.02494096198,0.345830043750051,55.2372941342907,11.5143147540578,0.872429931073539
"SG220442","2022_07_29_tcd_fid_ecd_trap.xls",715264.512839892,26802.6441115116,0.163902547748049,20.0262366607732,1.76403114176526,0.359869219303558
"SG220443","2022_07_29_tcd_fid_ecd_trap.xls",689895.008767505,27414.9917144344,0.156394504078583,20.167611875526,1.8206695285122,0.371105602555444
"SG220444","2022_07_29_tcd_fid_ecd_trap.xls",684765.862285115,26671.3112633583,0.15850614136062,20.0816403575948,1.70930482980601,0.3538959275297
"SG220445","2022_07_29_tcd_fid_ecd_trap.xls",743505.494377065,16115.515577126,0.368027485011657,10.9332869168481,4.23146805154644,0.224994573836512
"SG220446","2022_07_29_tcd_fid_ecd_trap.xls",505493.457423704,10393.580628066,0.387266846914664,33.924786588974,9.98897107548348,0.459512857238169
"SG220447","2022_07_29_tcd_fid_ecd_trap.xls",506788.934786266,10665.2815358133,0.387032220549993,33.9917231438478,10.0118886575817,0.457065202647182
"SG220400","2022_07_29_tcd_fid_ecd_trap.xls",432882.174918782,1423.42575963224,0.368496737740999,47.9564050089187,5.08459484878485,0.711380319295107
"SG220408","2022_07_29_tcd_fid_ecd_trap.xls",485545.365073635,4290.90028574606,0.386328341455981,42.6674822844029,3.92127489027407,0.707702496334558
"SG220409","2022_07_29_tcd_fid_ecd_trap.xls",414134.289112459,3052.5900679169,0.385624462361968,50.2737661636135,4.58158260285048,0.772127808884872
"SG220410","2022_07_29_tcd_fid_ecd_trap.xls",436695.591021487,1880.24792704163,0.43794614168356,45.362600097261,7.26446936817374,0.711557869369065
"SG220411","2022_07_29_tcd_fid_ecd_trap.xls",457818.727414734,2352.16328863231,0.37741253959849,45.7578437867033,5.46690054490743,0.715704931810788
"SG220412","2022_07_29_tcd_fid_ecd_trap.xls",445879.322195357,3619.03789206807,0.402986813347609,46.45013711703,5.07739725297688,0.725812603878229
"SG220413","2022_07_29_tcd_fid_ecd_trap.xls",418657.701514516,1599.01930180099,0.392897879666764,46.5989148174162,8.03560913005118,0.735577857945895
"SG220414","2022_07_29_tcd_fid_ecd_trap.xls",417747.758393986,1738.57887739588,0.387266846914664,48.5312854149437,6.05396213543806,0.737213855055932
"SG220810","2022_07_29_tcd_fid_ecd_trap.xls",343516.402269178,1586.35093031517,0.352776771308054,47.6143810531454,15.8137927896244,0.674234307393558
"SG220811","2022_07_29_tcd_fid_ecd_trap.xls",348042.375654626,1385.824096496,0.356530793142787,47.1550054772992,15.8826821126897,0.684341979460999
"SG220812","2022_07_29_tcd_fid_ecd_trap.xls",655124.984599691,5400.28629126293,0.344330222179905,19.778023501195,6.60901013095185,0.359070243970749
"SG220813","2022_07_29_tcd_fid_ecd_trap.xls",658359.081655992,4416.33027986658,0.342687837627209,19.0416677563836,6.55681048924777,0.358689779526554
"SG220814","2022_07_29_tcd_fid_ecd_trap.xls",482381.980235596,3721.01478415055,0.361927199530216,36.268677148703,10.7144668806432,0.521135415049582
"SG220815","2022_07_29_tcd_fid_ecd_trap.xls",440582.604642519,4638.88596993923,0.986141355743292,45.3699489416942,6.02880469430281,0.646206760004543
"SG220816","2022_07_29_tcd_fid_ecd_trap.xls",462418.92458519,5821.16430705552,1.26714927733812,44.8902893291279,5.69185614367977,0.630189206903943
"SG220817","2022_07_29_tcd_fid_ecd_trap.xls",443125.415116556,6809.55311305116,1.40631793122193,45.5775710387462,5.98772240172148,0.652547834074456
"SG220818","2022_07_29_tcd_fid_ecd_trap.xls",590863.156583149,6620.57131880827,0.330487266664327,27.3182367477644,6.74722582274809,0.465752474122963
"SG220819","2022_07_29_tcd_fid_ecd_trap.xls",585805.672902375,7013.23550162839,0.327671750288277,27.5627946426975,6.75953138977462,0.474769481450379
"SG220820","2022_07_29_tcd_fid_ecd_trap.xls",608440.863096404,5811.16790290816,0.330252640299656,25.26034574167,6.21969804650006,0.43175163496009
"SG220824","2022_07_29_tcd_fid_ecd_trap.xls",490020.566124605,4099.43069861583,0.517249852942295,39.2889449283439,6.39763026317215,0.61659394409805
"SG220825","2022_07_29_tcd_fid_ecd_trap.xls",437178.453815714,3194.40557064548,0.48393290915904,43.9212457206941,8.19996561573064,0.641133900748613
"SG220832","2022_07_29_tcd_fid_ecd_trap.xls",453557.8773186,5612.94735053361,0.353480650402067,38.2520222125178,11.8547053649311,0.566080948057124
"SG220833","2022_07_29_tcd_fid_ecd_trap.xls",458015.039652496,5950.0093623214,0.341983958533197,37.7271967093475,11.7459765978965,0.573157586719147
"SG220834","2022_07_29_tcd_fid_ecd_trap.xls",458396.559077771,5764.96280410033,0.345503354003259,37.7342926738366,11.7298332236176,0.566271180279222
"SG220835","2022_07_29_tcd_fid_ecd_trap.xls",661352.021306852,7520.93748918958,0.384685956903285,21.2194928231911,5.51811683386355,0.396165527279739
"SG220836","2022_07_29_tcd_fid_ecd_trap.xls",653290.448191633,6797.13676491337,0.383982077809273,20.5323260590018,5.46875798898691,0.369520334037966
"SG220837","2022_07_29_tcd_fid_ecd_trap.xls",646145.606480431,6693.62196450053,0.392194000572751,21.1245938769339,5.56173945437711,0.36045259811799
"SG220838","2022_07_29_tcd_fid_ecd_trap.xls",75.0758721032059,439.477150298453,0.396182648772155,78.1316874780613,20.9714233219533,0.836400935657509
"SG220839","2022_07_29_tcd_fid_ecd_trap.xls",368780.167922512,12531.8725391938,0.298812707433767,52.059397426364,7.40362743968678,0.720562194548341
"SG220840","2022_07_29_tcd_fid_ecd_trap.xls",354241.308644487,12475.7501932851,0.301393597445146,52.9642171920506,7.81716824323407,0.737454815870589
"SG220841","2022_07_29_tcd_fid_ecd_trap.xls",474599.979276686,5940.99676717949,1.10424183387924,39.6167309769672,8.11389493493025,0.60349328506961
"SG220842","2022_07_29_tcd_fid_ecd_trap.xls",467017.94750562,4884.90607019941,1.00409955963423,40.1427212604857,8.40776717212193,0.621882399872357
"SG220843","2022_07_29_tcd_fid_ecd_trap.xls",476483.733535854,5557.43564469719,0.980206658349526,39.1520909004687,7.9888998745232,0.606537000623168
"SG220844","2022_07_29_tcd_fid_ecd_trap.xls",232868.332022736,2915.62576131866,0.683599945493902,61.3217154285397,13.6949544289942,0.79919151301526
"SG220232","2022_08_11_dissolved gas.xlsx",11.0739248417402,749.95557131005,0.331800180947695,NA,NA,NA
"SG220233","2022_08_11_dissolved gas.xlsx",11.5280895941254,660.88253846363,0.331065654345902,NA,NA,NA
"SG220235","2022_08_11_dissolved gas.xlsx",10.0250205326602,1024.50152593505,0.342083553372804,NA,NA,NA
"SG220236","2022_08_11_dissolved gas.xlsx",8.91123554466803,1903.50255020435,0.352122083597315,NA,NA,NA
"SG220237","2022_08_11_dissolved gas.xlsx",15.0316462553824,2469.4652318247,0.355305032205087,NA,NA,NA
"SG220238","2022_08_11_dissolved gas.xlsx",12.3823518664689,2425.34573386747,0.363874509226011,NA,NA,NA
"SG220242","2022_08_11_dissolved gas.xlsx",69.8393166068438,1144.3494658275,0.316375122310032,NA,NA,NA
"SG220243","2022_08_11_dissolved gas.xlsx",71.5399293697434,1266.72063137483,0.31539575350764,NA,NA,NA
"SG220245","2022_08_11_dissolved gas.xlsx",66.0524870243406,1144.68730357209,0.314416384705249,NA,NA,NA
"SG220246","2022_08_11_dissolved gas.xlsx",436.113734058099,4599.50053916086,0.11217672701144,NA,NA,NA
"SG220247","2022_08_11_dissolved gas.xlsx",419.473435918797,4806.3944854322,0.112666411412635,NA,NA,NA
"SG220248","2022_08_11_dissolved gas.xlsx",426.879011264214,4501.62261009613,0.119277150828777,NA,NA,NA
"SG220148","2022_08_11_dissolved gas.xlsx",66.0030506068145,1114.41915314294,0.760518874194499,NA,NA,NA
"SG220149","2022_08_11_dissolved gas.xlsx",67.229073761463,1247.65391366467,0.761253400796293,NA,NA,NA
"SG220150","2022_08_11_dissolved gas.xlsx",67.3081720295049,1117.07962538157,0.771781615422,NA,NA,NA
"SG220151","2022_08_11_dissolved gas.xlsx",136.202763493949,1899.63853100063,0.984794329942113,NA,NA,NA
"SG220152","2022_08_11_dissolved gas.xlsx",140.088465911505,1951.35937821109,1.00609560139412,NA,NA,NA
"SG220217","2022_08_11_dissolved gas.xlsx",17.0429473016595,600.219548451121,0.340859342369815,NA,NA,NA
"SG220218","2022_08_11_dissolved gas.xlsx",17.5619927329568,634.689555828573,0.340614500169217,NA,NA,NA
"SG220220","2022_08_11_dissolved gas.xlsx",16.1238043504038,639.588203125093,0.351877241396717,NA,NA,NA
"SG220225","2022_08_11_dissolved gas.xlsx",44.7256165035589,1029.45296037916,0.349673661591337,NA,NA,NA
"SG220226","2022_08_11_dissolved gas.xlsx",43.5094806324156,1102.09863289501,0.347470081785956,NA,NA,NA
"SG220234","2022_08_11_dissolved gas.xlsx",44.8937003231478,1026.87694757668,0.341104184570413,NA,NA,NA
"SG220631","2022_08_11_dissolved gas.xlsx",93.6083461534174,597.210681038388,0.332045023148293,NA,NA,NA
"SG220632","2022_08_11_dissolved gas.xlsx",24716.8894144035,11102.2964638483,0.0920996665624174,NA,NA,NA
"SG220634","2022_08_11_dissolved gas.xlsx",94.7849328905398,1792.617867973,0.328127547938728,NA,NA,NA
"SG220637","2022_08_11_dissolved gas.xlsx",28751.1519876826,8487.09448299585,0.0891615601552434,NA,NA,NA
"SG220638","2022_08_11_dissolved gas.xlsx",25348.481160809,12339.8700242793,0.0872028225504608,NA,NA,NA
"SG220639","2022_08_11_dissolved gas.xlsx",88.0615801069832,578.429013925222,0.32445491492976,NA,NA,NA
"SG220698","2022_08_11_dissolved gas.xlsx",181.318438128315,499.469998557393,0.323475546127369,NA,NA,NA
"SG220699","2022_08_11_dissolved gas.xlsx",181.476634664399,325.304083792975,0.327637863537532,NA,NA,NA
"SG220700","2022_08_11_dissolved gas.xlsx",162.542486751883,498.562059618814,0.319802913118401,NA,NA,NA
"SG220701","2022_08_11_dissolved gas.xlsx",63.9168337872109,309.562956381098,0.333758918552478,NA,NA,NA
"SG220702","2022_08_11_dissolved gas.xlsx",63.8179609521586,283.792270926776,0.339390289166228,NA,NA,NA
"SG220703","2022_08_11_dissolved gas.xlsx",54.8304202459043,273.752155454814,0.339879973567424,NA,NA,NA
"SG220691","2022_08_11_dissolved gas.xlsx",58.1228856531459,580.403253245156,0.342818079974598,NA,NA,NA
"SG220692","2022_08_11_dissolved gas.xlsx",60.5156082614117,643.399435181222,0.358243138612261,NA,NA,NA
"SG220694","2022_08_11_dissolved gas.xlsx",61.8701661016282,591.382979944252,0.352856610199109,NA,NA,NA
"SG220695","2022_08_11_dissolved gas.xlsx",53.357215003625,550.209004822641,0.351142714794924,NA,NA,NA
"SG220696","2022_08_11_dissolved gas.xlsx",52.0026571634084,541.150730295886,0.346735555184163,NA,NA,NA
"SG220697","2022_08_11_dissolved gas.xlsx",54.1284231170329,606.342857571771,0.348939134989543,NA,NA,NA
"SG220365","2022_08_11_dissolved gas.xlsx",154.405252427078,1204.09395947191,0.323475546127369,NA,NA,NA
"SG220366","2022_08_11_dissolved gas.xlsx",145.556133689897,1186.43137988769,0.327393021336934,NA,NA,NA
"SG220367","2022_08_11_dissolved gas.xlsx",146.554749323925,1177.78484511215,0.333024391950684,NA,NA,NA
"SG220362","2022_08_11_dissolved gas.xlsx",133.108043756812,1045.83809099166,0.331065654345902,NA,NA,NA
"SG220363","2022_08_11_dissolved gas.xlsx",135.14482415889,1047.84400260015,0.327148179136336,NA,NA,NA
"SG220364","2022_08_11_dissolved gas.xlsx",145.536359122887,1022.30558059523,0.328617232339923,NA,NA,NA
"SG220397","2022_08_11_dissolved gas.xlsx",335.88634116558,2389.68273695444,0.262509838178509,NA,NA,NA
"SG220398","2022_08_11_dissolved gas.xlsx",342.669017650168,2433.81279234119,0.267406682190465,NA,NA,NA
"SG220399","2022_08_11_dissolved gas.xlsx",379.963851031896,2591.19239417142,0.258592362968943,NA,NA,NA
"SG220404","2022_08_11_dissolved gas.xlsx",72.2320392151095,185.342284960307,0.334493445154271,NA,NA,NA
"SG220405","2022_08_11_dissolved gas.xlsx",71.4707183852068,191.362026704725,0.347225239585359,NA,NA,NA
"SG220406","2022_08_11_dissolved gas.xlsx",79.4794180244433,196.32438772534,0.349673661591337,NA,NA,NA
"SG220436","2022_08_11_dissolved gas.xlsx",45.5165991839774,201.632229576505,0.323965230528565,NA,NA,NA
"SG220437","2022_08_11_dissolved gas.xlsx",47.7807871066751,158.803075704484,0.325679125932749,NA,NA,NA
"SG220438","2022_08_11_dissolved gas.xlsx",44.9925731582002,166.791011271424,0.322985861726173,NA,NA,NA
"SG220439","2022_08_11_dissolved gas.xlsx",11052.5520979881,7175.83006452674,0.143026844286767,NA,NA,NA
"SG220440","2022_08_11_dissolved gas.xlsx",9677.5254225581,7063.60458874655,0.151841163508288,NA,NA,NA
"SG220441","2022_08_11_dissolved gas.xlsx",10885.954843596,7239.10073963028,0.137640315873614,NA,NA,NA
"SG220122","2022_08_11_dissolved gas.xlsx",44546.1761353433,10100.0691222407,0.081081767535515,NA,NA,NA
"SG220123","2022_08_11_dissolved gas.xlsx",44055.6207489446,9889.96571739579,0.0747158703199714,NA,NA,NA
"SG220124","2022_08_11_dissolved gas.xlsx",40659.5087873781,9810.7955534376,0.0867131381492651,NA,NA,NA
"SG220125","2022_08_11_dissolved gas.xlsx",69.9480767254014,913.996911166358,0.292135744450846,NA,NA,NA
"SG220126","2022_08_11_dissolved gas.xlsx",68.6923917202371,907.86304461619,0.290177006846064,NA,NA,NA
"SG220127","2022_08_11_dissolved gas.xlsx",57.9449145500518,835.02733836901,0.297277430663401,NA,NA,NA
"SG220129","2022_08_11_dissolved gas.xlsx",2277.58073777322,5767.7856896628,0.0943032463677979,NA,NA,NA
"SG220130","2022_08_11_dissolved gas.xlsx",2196.86095523652,5653.20590710002,0.0913651399606239,NA,NA,NA
"SG220131","2022_08_11_dissolved gas.xlsx",2005.98694716805,6243.07060914994,0.0982207215773633,NA,NA,NA
"SG220132","2022_08_11_dissolved gas.xlsx",20.2437274613264,473.456492224149,0.337921235962641,NA,NA,NA
"SG220133","2022_08_11_dissolved gas.xlsx",20.2221005683557,496.133850829591,0.342818079974598,NA,NA,NA
"SG220134","2022_08_11_dissolved gas.xlsx",17.6485003048397,1201.77132497787,0.343062922175195,NA,NA,NA
"SG220157","2022_08_11_dissolved gas.xlsx",148.45310775693,4610.37469156478,0.177304752370463,NA,NA,NA
"SG220158","2022_08_11_dissolved gas.xlsx",112.502944931912,3454.80068620295,0.21941761087329,NA,NA,NA
"SG220160","2022_08_11_dissolved gas.xlsx",69.0977703439515,111.639707776483,0.32445491492976,NA,NA,NA
"SG220161","2022_08_11_dissolved gas.xlsx",64.4902962305142,83.3521561357594,0.321516808522586,NA,NA,NA
"SG220162","2022_08_11_dissolved gas.xlsx",68.4946460501325,80.6720624199839,0.320782281920793,NA,NA,NA
"SG220821","2022_08_11_dissolved gas.xlsx",2724.26843197251,3288.20444840319,0.26691699778927,NA,NA,NA
"SG220822","2022_08_11_dissolved gas.xlsx",2851.37934871575,3272.55833785698,0.25785783636715,NA,NA,NA
"SG220823","2022_08_11_dissolved gas.xlsx",2891.63047986554,3249.64871580214,0.252716150154595,NA,NA,NA
"SG220826","2022_08_11_dissolved gas.xlsx",645.160569209183,745.500336053301,0.313437015902858,NA,NA,NA
"SG220827","2022_08_11_dissolved gas.xlsx",605.789406291356,620.437025978785,0.31661996451063,NA,NA,NA
"SG220828","2022_08_11_dissolved gas.xlsx",645.26932932774,836.083081320847,0.301194905872966,NA,NA,NA
"SG220682","2022_08_11_dissolved gas.xlsx",127.590939560894,798.076335054743,0.327148179136336,NA,NA,NA
"SG220683","2022_08_11_dissolved gas.xlsx",127.244884638211,777.014263165611,0.322496177324978,NA,NA,NA
"SG220684","2022_08_11_dissolved gas.xlsx",122.400115720648,726.697554081098,0.320047755318999,NA,NA,NA
"SG220676","2022_08_11_dissolved gas.xlsx",43.1535384262273,3469.98226985035,0.224559297085845,NA,NA,NA
"SG220677","2022_08_11_dissolved gas.xlsx",42.4713158643664,3055.90932671068,0.231414878702584,NA,NA,NA
"SG220678","2022_08_11_dissolved gas.xlsx",44.6267436685066,3663.68998665326,0.236556564915138,NA,NA,NA
"SG220119","2022_08_18_air samples.xlsx",4.50246951220948,559.302893499653,0.303341218787021,NA,NA,NA
"SG220120","2022_08_18_air samples.xlsx",1.99047764205154,454.723230003464,0.304253096798817,NA,NA,NA
"SG220121","2022_08_18_air samples.xlsx",85.6677179390903,566.972489074519,0.301745432266378,NA,NA,NA
"SG220135","2022_08_18_air samples.xlsx",1.84534033399797,441.191121646714,0.309496395366645,NA,NA,NA
"SG220136","2022_08_18_air samples.xlsx",1.71136743425621,448.797679449732,0.303797157792919,NA,NA,NA
"SG220137","2022_08_18_air samples.xlsx",1.87883355893341,441.537829391879,0.31063624288139,NA,NA,NA
"SG220154","2022_08_18_air samples.xlsx",1.96814882542791,426.913066323093,0.309040456360747,NA,NA,NA
"SG220155","2022_08_18_air samples.xlsx",1.92349119218066,421.912069756468,0.307900608846002,NA,NA,NA
"SG220156","2022_08_18_air samples.xlsx",2.11328613348148,431.010521493227,0.3083565478519,NA,NA,NA
"SG220688","2022_08_18_air samples.xlsx",2.1244505417933,451.025014055035,0.298553859225092,NA,NA,NA
"SG220689","2022_08_18_air samples.xlsx",2.01280645867517,448.37742763741,0.301973401769327,NA,NA,NA
"SG220690","2022_08_18_air samples.xlsx",1.83417592568616,435.822404744307,0.299921676242786,NA,NA,NA
"SG220704","2022_08_18_air samples.xlsx",1.81184710906253,434.74025632758,0.304709035804715,NA,NA,NA
"SG220705","2022_08_18_air samples.xlsx",2.06862850023423,429.392552015789,0.300605584751633,NA,NA,NA
"SG220706","2022_08_18_air samples.xlsx",2.07979290854604,433.311400165687,0.300377615248684,NA,NA,NA
"SG220613","2022_08_18_air samples.xlsx",1.87883355893341,492.083616118839,0.311092181887288,NA,NA,NA
"SG220614","2022_08_18_air samples.xlsx",2.00164205036335,461.899029698852,0.310180303875492,NA,NA,NA
"SG220615","2022_08_18_air samples.xlsx",2.1244505417933,515.932906468081,0.316791419461013,NA,NA,NA
"SG220679","2022_08_18_air samples.xlsx",1.91232678386885,455.101456634553,0.301745432266378,NA,NA,NA
"SG220680","2022_08_18_air samples.xlsx",2.07979290854604,455.605758809339,0.304481066301766,NA,NA,NA
"SG220681","2022_08_18_air samples.xlsx",1.97931323373973,448.282870979638,0.306076852822409,NA,NA,NA
"SG220829","2022_08_18_air samples.xlsx",2.13561495010511,419.075370023298,0.306532791828308,NA,NA,NA
"SG220830","2022_08_18_air samples.xlsx",2.37006752465318,435.927467697388,0.307900608846002,NA,NA,NA
"SG220831","2022_08_18_air samples.xlsx",1.80068270075072,437.335311268664,0.312004059899084,NA,NA,NA
"SG220221","2022_08_18_air samples.xlsx",2.02397086698698,438.543535229089,0.301061523757531,NA,NA,NA
"SG220222","2022_08_18_air samples.xlsx",2.09095731685786,450.709825195794,0.300149645745735,NA,NA,NA
"SG220223","2022_08_18_air samples.xlsx",2.02397086698698,447.894138053241,0.301517462763429,NA,NA,NA
"SG220145","2022_08_18_air samples.xlsx",1.81184710906253,469.789257475187,0.304709035804715,NA,NA,NA
"SG220146","2022_08_18_air samples.xlsx",2.10212172516967,465.597245647281,0.303341218787021,NA,NA,NA
"SG220147","2022_08_18_air samples.xlsx",2.03513527529879,480.337577964455,0.304025127295868,NA,NA,NA
"SG220239","2022_08_18_air samples.xlsx",1.96814882542791,458.022206730187,0.30128949326048,NA,NA,NA
"SG220240","2022_08_18_air samples.xlsx",1.76718947581528,446.255155985187,0.304937005307664,NA,NA,NA
"SG220241","2022_08_18_air samples.xlsx",1.8676691506216,448.419452818642,0.302885279781123,NA,NA,NA
"SG220229","2022_08_18_air samples.xlsx",1.93465560049247,759.185161735034,0.307672639343053,NA,NA,NA
"SG220230","2022_08_18_air samples.xlsx",1.97931323373973,499.795236874938,0.30356918828997,NA,NA,NA
"SG220231","2022_08_18_air samples.xlsx",2.04629968361061,695.485493282413,0.302885279781123,NA,NA,NA
"SG220368","2022_08_18_air samples.xlsx",2.06862850023423,444.20642840012,0.304253096798817,NA,NA,NA
"SG220369","2022_08_18_air samples.xlsx",1.93465560049247,457.129171629004,0.302885279781123,NA,NA,NA
"SG220370","2022_08_18_air samples.xlsx",1.82301151737434,441.117577579557,0.303341218787021,NA,NA,NA
"SG220401","2022_08_18_air samples.xlsx",2.04629968361061,491.978553165759,0.31063624288139,NA,NA,NA
"SG220402","2022_08_18_air samples.xlsx",1.82301151737434,479.864794675594,0.307216700337154,NA,NA,NA
"SG220403","2022_08_18_air samples.xlsx",1.91232678386885,479.423530272656,0.306760761331257,NA,NA,NA
"SG220433","2022_08_18_air samples.xlsx",1.92349119218066,516.878473045804,0.314739693934472,NA,NA,NA
"SG220434","2022_08_18_air samples.xlsx",2.00164205036335,522.205164766978,0.316791419461013,NA,NA,NA
"SG220435","2022_08_18_air samples.xlsx",1.72253184256803,514.714176212349,0.317019388963962,NA,NA,NA
"SG220455","2022_09_02_rerun_tcd_fid_ecd_trap.xlsx,T_2022_09_02_tcd_fid_ecd_trap.xls",7007.5726113881,819.135325851776,0.373738502218288,74.8744635278645,22.5977521903044,0.935828977073742
"SG220456","2022_09_02_rerun_tcd_fid_ecd_trap.xlsx,T_2022_09_02_tcd_fid_ecd_trap.xls",2412.01546773808,569.313936512395,0.35570942961738,76.6239712737661,21.4999344509493,0.934180297815565
"SG220457","2022_09_02_rerun_tcd_fid_ecd_trap.xlsx,T_2022_09_02_tcd_fid_ecd_trap.xls",45989.5408783867,2031.89823577311,0.372284544750473,76.5556630367718,18.1817198643831,0.926051040857937
"SG220458","2022_09_02_rerun_tcd_fid_ecd_trap.xlsx,T_2022_09_02_tcd_fid_ecd_trap.xls",641.831124660409,2007.61039326585,0.378391166115297,78.0943378766355,19.7334095276289,0.926837334042606
"SG220459","2022_09_02_rerun_tcd_fid_ecd_trap.xlsx,T_2022_09_02_tcd_fid_ecd_trap.xls",629.679007492638,1985.64104965634,0.369667421308406,78.0953187442971,19.7668571787365,0.930033235373842
"SG220289","2022_09_02_rerun_tcd_fid_ecd_trap.xlsx,T_2022_09_02_tcd_fid_ecd_trap.xls",943.354837002551,1996.31867701248,0.316161786492808,77.653545145159,20.4124146000936,0.927966045227051
"SG220290","2022_09_02_rerun_tcd_fid_ecd_trap.xlsx,T_2022_09_02_tcd_fid_ecd_trap.xls",950.42596830969,1957.74386832448,0.313544663050741,77.591359668021,20.4021986576564,0.933977383445328
"SG220291","2022_09_02_rerun_tcd_fid_ecd_trap.xlsx,T_2022_09_02_tcd_fid_ecd_trap.xls",978.988446812897,1932.340639861,0.311218331102237,77.6645415912086,20.4519945481989,0.941713493810622
"SG220309","2022_09_02_rerun_tcd_fid_ecd_trap.xlsx,T_2022_09_02_tcd_fid_ecd_trap.xls",369687.572522255,439.189752429381,0.470862861068341,46.7766970810763,13.8438094512163,0.715121552996356
"SG220306","2022_09_02_rerun_tcd_fid_ecd_trap.xlsx,T_2022_09_02_tcd_fid_ecd_trap.xls",NA,21954.1218302832,0.411541396381482,12.8119779989903,5.84194035683678,0.22222986554203
"SG220307","2022_09_02_rerun_tcd_fid_ecd_trap.xlsx,T_2022_09_02_tcd_fid_ecd_trap.xls",657017.562596862,20916.6097109551,0.411832187875045,12.9363106381232,5.86824504284464,0.216497534582829
"SG220308","2022_09_02_rerun_tcd_fid_ecd_trap.xlsx,T_2022_09_02_tcd_fid_ecd_trap.xls",613596.777984462,21502.3010711519,0.410087438913667,12.9059037406145,5.93122059174509,0.224246327096262
"SG220303","2022_09_02_rerun_tcd_fid_ecd_trap.xlsx,T_2022_09_02_tcd_fid_ecd_trap.xls",464343.040690996,4654.07915213627,0.454287745935248,30.9282588719546,11.3867387183198,0.472397919748232
"SG220304","2022_09_02_rerun_tcd_fid_ecd_trap.xlsx,T_2022_09_02_tcd_fid_ecd_trap.xls",460961.294379619,2456.89788237074,0.461266741780761,30.5162484759223,11.4242836725439,0.4746807064134
"SG220305","2022_09_02_rerun_tcd_fid_ecd_trap.xlsx,T_2022_09_02_tcd_fid_ecd_trap.xls",446827.325891057,2488.06602701241,0.459812784312946,30.8016119981826,11.4099567693132,0.47908141181792
"SG220301","2022_09_02_rerun_tcd_fid_ecd_trap.xlsx,T_2022_09_02_tcd_fid_ecd_trap.xls",134468.238870086,300.468323784975,0.482203729317299,63.3964191193958,19.6052868591763,0.829590622106423
"SG220302","2022_09_02_rerun_tcd_fid_ecd_trap.xlsx,T_2022_09_02_tcd_fid_ecd_trap.xls",142828.595291976,323.628247909544,0.482494520810862,63.096457527641,19.5094099662504,0.79924224160782
"SG220310","2022_09_02_rerun_tcd_fid_ecd_trap.xlsx,T_2022_09_02_tcd_fid_ecd_trap.xls",407312.521089179,1639.70848168529,0.464756239703517,37.508087732415,12.2152953545363,0.553449528509858
"SG220311","2022_09_02_rerun_tcd_fid_ecd_trap.xlsx,T_2022_09_02_tcd_fid_ecd_trap.xls",269546.203502482,433.487498383559,0.416775643265617,50.9567795662983,15.3529691081129,0.682439657240025
"SG220312","2022_09_02_rerun_tcd_fid_ecd_trap.xlsx,T_2022_09_02_tcd_fid_ecd_trap.xls",402542.609415405,545.389534372891,0.441783711712038,37.7632206068244,12.47089878062,0.562517264429833
"SG220972","2022_10_19_T_rerun_tcd_fid_ecd_trap.xlsx",561872.362983691,592.94349386942,0.315539773761932,36.6439976820709,10.462391641444,0.630731159105981
"SG220978","2022_10_19_T_rerun_tcd_fid_ecd_trap.xlsx",350553.891865735,397.0638838404,0.32795134003347,51.8818612526424,14.2821445292331,0.837019119792037
"SG220037","2023_01_10_dg.xlsx",27.2826355345645,623.485625958061,0.353314720588505,NA,NA,NA
"SG220038","2023_01_10_dg.xlsx",28.5190515844936,652.995356909193,0.366319693961628,NA,NA,NA
"SG220039","2023_01_10_dg.xlsx",26.6958763004745,1523.57062971477,0.359597316420932,NA,NA,NA
"SG220057","2023_01_10_dg.xlsx",20.2904370774835,168.271343958522,0.304577483418455,NA,NA,NA
"SG220058","2023_01_10_dg.xlsx",18.6651418378593,437.201439593596,0.305865415564102,NA,NA,NA
"SG220059","2023_01_10_dg.xlsx",19.0004397266073,1357.39227503773,0.305959654501589,NA,NA,NA
"SG220298","2023_01_10_dg.xlsx",92.7386789718464,271.117533920371,0.44835468904354,NA,NA,NA
"SG220299","2023_01_10_dg.xlsx",99.9570310642787,234.912416799989,0.459129340896151,NA,NA,NA
"SG220300","2023_01_10_dg.xlsx",103.602868880292,273.182925535285,0.463511451489269,NA,NA,NA
"SG220331","2023_01_10_dg.xlsx",86.276123364455,1650.4972779947,0.325875483290381,NA,NA,NA
"SG220332","2023_01_10_dg.xlsx",108.632368036117,1961.29536158522,0.326425210425719,NA,NA,NA
"SG220333","2023_01_10_dg.xlsx",105.817615794168,1780.47951628474,0.330336126331404,NA,NA,NA
"SG220374","2023_01_10_dg.xlsx",207.208004821897,2922.26427986604,0.396664631832249,NA,NA,NA
"SG220375","2023_01_10_dg.xlsx",216.707676132802,1500.33452740958,0.3971201200301,NA,NA,NA
"SG220376","2023_01_10_dg.xlsx",220.127646681745,1465.75466044834,0.401769240946096,NA,NA,NA
"SG220466","2023_01_10_dg.xlsx",19.5896459842038,1346.80995971477,0.41890502107904,NA,NA,NA
"SG220467","2023_01_10_dg.xlsx",19.4332566165393,688.884605554151,0.401203807321177,NA,NA,NA
"SG220468","2023_01_10_dg.xlsx",19.1025315603307,566.92275335855,0.410297864788615,NA,NA,NA
"SG220659","2023_01_10_dg.xlsx",15.7691678149497,668.75323968837,0.382811508021748,NA,NA,NA
"SG220660","2023_01_10_dg.xlsx",16.1726843955027,747.062171733442,0.399319028571449,NA,NA,NA
"SG220661","2023_01_10_dg.xlsx",278.875526291598,3812.60163391491,0.720186904223061,NA,NA,NA
"SG220669","2023_01_10_dg.xlsx",18.8507703159921,904.829897532842,0.350911627682602,NA,NA,NA
"SG220670","2023_01_10_dg.xlsx",26.1726128588298,1379.91268818609,0.466071609290983,NA,NA,NA
"SG220671","2023_01_10_dg.xlsx",24.4429293607261,1554.94527088951,0.46161096624996,NA,NA,NA
"SG220769","2023_01_10_dg.xlsx",23.6224406618479,414.550335381812,0.413549108131896,NA,NA,NA
"SG220770","2023_01_10_dg.xlsx",19.3777939391545,813.752778064863,0.398203867811194,NA,NA,NA
"SG220771","2023_01_10_dg.xlsx",21.2755746428299,560.905381699706,0.398172454832032,NA,NA,NA
"SG220884","2023_01_10_dg.xlsx",7.54863434087081,519.251815170664,0.445291923575232,NA,NA,NA
"SG220885","2023_01_10_dg.xlsx",18.9895551974605,568.659626608965,0.464061178624606,NA,NA,NA
"SG220886","2023_01_10_dg.xlsx",4.99302933070171,548.109189048925,0.413344923767342,NA,NA,NA
"SG220912","2023_01_10_dg.xlsx",21.7297874784238,803.944633404007,0.380691131928304,NA,NA,NA
"SG220914","2023_01_10_dg.xlsx",37.673640782486,917.064704341172,0.367874636430154,NA,NA,NA
"SG220916","2023_01_10_dg.xlsx",38.4994279189572,876.128016733539,0.370968814877624,NA,NA,NA
"SG220920","2023_01_10_dg.xlsx",47.3795238661636,151.784846995877,0.359188947691824,NA,NA,NA
"SG220921","2023_01_10_dg.xlsx",51.1135550304989,168.332745808179,0.355372270723625,NA,NA,NA
"SG220922","2023_01_10_dg.xlsx",3.76014249526579,554.546730646258,0.348869784037063,NA,NA,NA
"SG220944","2023_01_10_dg.xlsx",59.3633932801502,621.131447929795,0.359471664504283,NA,NA,NA
"SG220945","2023_01_10_dg.xlsx",56.8733839874502,698.013760719548,0.360586825264539,NA,NA,NA
"SG220946","2023_01_10_dg.xlsx",39.5269829773168,701.257974176219,0.354492707307085,NA,NA,NA
"SG220997","2023_01_10_dg.xlsx",209.029470932499,325.128361489435,0.363351167430807,NA,NA,NA
"SG220998","2023_01_10_dg.xlsx",4146.7477025276,408.975922229239,0.378115267637009,NA,NA,NA
"SG220999","2023_01_10_dg.xlsx",220.169008678439,567.601925894715,0.368141646753032,NA,NA,NA
"SG221008","2023_01_10_dg.xlsx",52.7009498416291,904.008868450248,0.344738977277243,NA,NA,NA
"SG221009","2023_01_10_dg.xlsx",53.3190724079228,916.52821203461,0.347613264870578,NA,NA,NA
"SG221010","2023_01_10_dg.xlsx",53.4764018209668,937.988636459909,0.351210050984642,NA,NA,NA
"SG221030","2023_01_10_dg.xlsx",27.0049674668114,912.301619113824,0.394245832436765,NA,NA,NA
"SG221031","2023_01_10_dg.xlsx",27.2807400191702,1017.23748252552,0.390900350155998,NA,NA,NA
"SG221032","2023_01_10_dg.xlsx",27.2789289034586,1012.42781343873,0.392502412093266,NA,NA,NA
"SG220917","Air_2022_12_15_FID_ECD_STD_UNK.xlsx",1.76662196686926,464.576516995857,0.332992306554648,NA,NA,NA
"SG220918","Air_2022_12_15_FID_ECD_STD_UNK.xlsx",1.87205447786616,458.214282568429,0.336290320339009,NA,NA,NA
"SG220919","Air_2022_12_15_FID_ECD_STD_UNK.xlsx",1.85842894633206,505.441803532637,0.331343299662467,NA,NA,NA
"SG220923","Air_2022_12_15_FID_ECD_STD_UNK.xlsx",1.93912384182529,593.228615717088,0.329667479650089,NA,NA,NA
"SG220924","Air_2022_12_15_FID_ECD_STD_UNK.xlsx",30503.5785776373,416.418201845446,0.326798475788896,NA,NA,NA
"SG220925","Air_2022_12_15_FID_ECD_STD_UNK.xlsx",79.0109508141303,114.265169304541,0.34125074757565,NA,NA,NA
"SG220931","Air_2022_12_15_FID_ECD_STD_UNK.xlsx",2.62092956538619,531.446450427041,0.330404840455535,NA,NA,NA
"SG220371","Air_2022_12_15_FID_ECD_STD_UNK.xlsx",2.41720802594425,434.433033357459,0.330230555174248,NA,NA,NA
"SG220372","Air_2022_12_15_FID_ECD_STD_UNK.xlsx",2.26150656365647,449.591908581795,0.328661987642661,NA,NA,NA
"SG220373","Air_2022_12_15_FID_ECD_STD_UNK.xlsx",2.44763397014661,434.227540627319,0.332429231030489,NA,NA,NA
"SG220657","Air_2022_12_15_FID_ECD_STD_UNK.xlsx",2.06228277248792,478.745511862266,0.320269481020669,NA,NA,NA
"SG220658","Air_2022_12_15_FID_ECD_STD_UNK.xlsx",38.6415434730003,1476.41608235995,0.423861970905872,NA,NA,NA
"SG220672","Air_2022_12_15_FID_ECD_STD_UNK.xlsx",1.92907005156712,400.048714536223,0.317185972197892,NA,NA,NA
"SG220673","Air_2022_12_15_FID_ECD_STD_UNK.xlsx",1.87046703729908,485.995721699553,0.318808165969874,NA,NA,NA
"SG220674","Air_2022_12_15_FID_ECD_STD_UNK.xlsx",1.9045970094913,450.394900874412,0.322146399434533,NA,NA,NA
"SG220942","Air_2022_12_15_FID_ECD_STD_UNK.xlsx",2.05169983537406,451.667964799033,0.330592532296922,NA,NA,NA
"SG220991","Air_2022_12_15_FID_ECD_STD_UNK.xlsx",157.325743750459,460.09709334745,0.331960001427023,NA,NA,NA
"SG220992","Air_2022_12_15_FID_ECD_STD_UNK.xlsx",654.205091896924,444.181597256407,0.333609008319203,NA,NA,NA
"SG220993","Air_2022_12_15_FID_ECD_STD_UNK.xlsx",51.6163566613154,439.65823294232,0.334520654405937,NA,NA,NA
"SG221011","Air_2022_12_15_FID_ECD_STD_UNK.xlsx",2.00315061136419,448.256112345107,0.322655848718296,NA,NA,NA
"SG221012","Air_2022_12_15_FID_ECD_STD_UNK.xlsx",1.93555210054936,437.372944363821,0.322562002797603,NA,NA,NA
"SG221013","Air_2022_12_15_FID_ECD_STD_UNK.xlsx",1.91517994660517,439.203587288694,0.318754539729478,NA,NA,NA
"SG220292","Air_2022_12_15_FID_ECD_STD_UNK.xlsx",1.88409256883319,511.448679512721,0.328635174522463,NA,NA,NA
"SG220293","Air_2022_12_15_FID_ECD_STD_UNK.xlsx",3.45116098196907,638.141305016935,0.330136709253555,NA,NA,NA
"SG220294","Air_2022_12_15_FID_ECD_STD_UNK.xlsx",2.30542575267902,611.312723895632,0.339105697959806,NA,NA,NA
"SG220040","Air_2022_12_15_FID_ECD_STD_UNK.xlsx",1.90168670178499,674.263804383559,0.328527922041671,NA,NA,NA
"SG220042","Air_2022_12_15_FID_ECD_STD_UNK.xlsx",1.906845883628,427.720488984702,0.334735159367522,NA,NA,NA
"SG220043","Air_2022_12_15_FID_ECD_STD_UNK.xlsx",1.87086389744085,447.233042760975,0.336920428663664,NA,NA,NA
"SG220060","Air_2022_12_15_FID_ECD_STD_UNK.xlsx",2.09270871669029,438.981172727728,0.337376251707031,NA,NA,NA
"SG220061","Air_2022_12_15_FID_ECD_STD_UNK.xlsx",2.01545327575906,424.239827318136,0.3391861373204,NA,NA,NA
"SG220062","Air_2022_12_15_FID_ECD_STD_UNK.xlsx",2.01042638062997,426.973404177355,0.331115388140784,NA,NA,NA
"SG220328","Air_2022_12_15_FID_ECD_STD_UNK.xlsx",1.81080572931965,457.107351756392,0.33379670016059,NA,NA,NA
"SG220329","Air_2022_12_15_FID_ECD_STD_UNK.xlsx",1.82443126085376,460.528272815788,0.327562649714541,NA,NA,NA
"SG220330","Air_2022_12_15_FID_ECD_STD_UNK.xlsx",2.21904252848708,426.497723098669,0.324076944088793,NA,NA,NA
"SG220766","Air_2022_12_15_FID_ECD_STD_UNK.xlsx",1.8785365268484,460.121868403632,0.326811882348995,NA,NA,NA
"SG220767","Air_2022_12_15_FID_ECD_STD_UNK.xlsx",1.92324943615449,459.621318777986,0.338408556834656,NA,NA,NA
"SG220768","Air_2022_12_15_FID_ECD_STD_UNK.xlsx",1.92867319142535,475.329078360216,0.331396925902864,NA,NA,NA
"SG220890","Air_2022_12_15_FID_ECD_STD_UNK.xlsx",2.1023656468067,530.014171707412,0.330364620775238,NA,NA,NA
"SG220891","Air_2022_12_15_FID_ECD_STD_UNK.xlsx",2.21613222078077,489.477037801565,0.32867539420276,NA,NA,NA
"SG220892","Air_2022_12_15_FID_ECD_STD_UNK.xlsx",1.94150500267591,487.851887606832,0.322092773194137,NA,NA,NA
"SG220463","Air_2022_12_15_FID_ECD_STD_UNK.xlsx",1.9646551776125,544.01404175634,0.335700431694652,NA,NA,NA
"SG220464","Air_2022_12_15_FID_ECD_STD_UNK.xlsx",1.99190624068071,505.14440936768,0.334534060966036,NA,NA,NA
"SG220465","Air_2022_12_15_FID_ECD_STD_UNK.xlsx",1.88316656183572,506.782180817449,0.332657142552172,NA,NA,NA
"SG221027","Air_2022_12_15_FID_ECD_STD_UNK.xlsx",1.75259957519338,442.26559725118,0.319813657977302,NA,NA,NA
"SG221028","Air_2022_12_15_FID_ECD_STD_UNK.xlsx",1.78686183409953,433.739518765932,0.316234106430861,NA,NA,NA
"SG221029","Air_2022_12_15_FID_ECD_STD_UNK.xlsx",1.74638209963899,423.891574169923,0.320162228539877,NA,NA,NA
"SG220656","Air_2022_12_15_FID_ECD_STD_UNK.xlsx",11.5144330557384,592.998534912322,0.363291132378456,NA,NA,NA
"SG220845","T_2022_08_04_tcd_fid_ecd_trap.xls",599640.832097857,27468.445337064,0.241329248089418,34.6535559354655,2.31543253750537,0.611204031138624
"SG220846","T_2022_08_04_tcd_fid_ecd_trap.xls",558203.572846283,26234.1834367515,0.232648072596597,35.850727905501,2.68014714558116,0.633397790383319
"SG220847","T_2022_08_04_tcd_fid_ecd_trap.xls",564552.038189517,25685.8173436316,0.254468324510983,34.520265215892,2.10005097034857,0.602985999144017
"SG220848","T_2022_08_04_tcd_fid_ecd_trap.xls",541517.178019805,11129.4471478458,0.329548761205644,35.2917099686905,4.56351349610676,0.574780901681045
"SG220849","T_2022_08_04_tcd_fid_ecd_trap.xls",504728.864089787,10684.4149247469,0.338933815792476,38.3448751301372,5.48628078864843,0.574197522866613
"SG220850","T_2022_08_04_tcd_fid_ecd_trap.xls",526806.587471238,10667.430084216,0.060197694563549,36.2617191187287,4.7821592480797,0.598090689962044
"SG220851","T_2022_08_04_tcd_fid_ecd_trap.xls",520952.246539152,10586.0114079027,0.295997191057717,37.4749834488369,3.97638361719086,0.580323000418148
"SG220852","T_2022_08_04_tcd_fid_ecd_trap.xls",212492.197579676,4039.61058782449,0.353949903131408,62.547738701277,14.7927175376411,0.797656973090342
"SG220853","T_2022_08_04_tcd_fid_ecd_trap.xls",542030.862081395,10494.7433333853,0.298108828339755,35.9364005653165,3.45956345975392,0.606892100771083
"SG220854","T_2022_08_04_tcd_fid_ecd_trap.xls",404254.831572892,5271.93879457452,0.346207233097272,41.6902775505037,14.2641381202599,0.654564295628688
"SG220855","T_2022_08_04_tcd_fid_ecd_trap.xls",417209.918331851,5244.67484615904,0.344330222179905,41.4659960292622,14.3086348321049,0.653587770221921
"SG220856","T_2022_08_04_tcd_fid_ecd_trap.xls",414655.466007551,5728.05300417161,0.342218584897868,41.289401535036,13.7912820252629,0.618153848319249
"SG220793","T_2022_08_04_tcd_fid_ecd_trap.xls",424118.668687726,2411.22575340795,0.380931935068552,45.4362111500506,8.14584024156181,0.78026974799064
"SG220794","T_2022_08_04_tcd_fid_ecd_trap.xls",440561.043175366,3296.84609685696,0.298108828339755,43.1201143950758,8.50584295105364,0.714626949218903
"SG220795","T_2022_08_04_tcd_fid_ecd_trap.xls",437752.460778665,3090.24620571183,0.303505234727183,43.3157361893307,8.58395120613098,0.698609396118303
"SG220796","T_2022_08_04_tcd_fid_ecd_trap.xls",444103.509471958,3479.34832144323,0.295293311963705,42.5903539014831,8.4585737307664,0.687715430866193
"SG220797","T_2022_08_04_tcd_fid_ecd_trap.xls",531675.799731097,5047.63034133123,0.373893144128428,34.807988950963,5.38567833946156,0.62673966260991
"SG220798","T_2022_08_04_tcd_fid_ecd_trap.xls",546973.459376243,5095.68997665509,0.369435243199682,33.2949316157293,4.8468146912579,0.622326275057251
"SG220799","T_2022_08_04_tcd_fid_ecd_trap.xls",540334.741793127,4848.47121254918,0.358173177695483,34.0066353975151,4.91398314701422,0.60786862617785
"SG220800","T_2022_08_04_tcd_fid_ecd_trap.xls",635378.158704163,2397.12670540744,0.345503354003259,21.9607758953962,5.52174977596017,0.440223309917494
"SG220801","T_2022_08_04_tcd_fid_ecd_trap.xls",640484.066219362,2418.97183580721,0.341749332168526,23.1459628886919,5.76750601688722,0.415214113785758
"SG220802","T_2022_08_04_tcd_fid_ecd_trap.xls",638635.226327649,2535.89810151277,0.342218584897868,21.8956861304165,5.44283571793658,0.413489341638741
"SG220803","T_2022_08_04_tcd_fid_ecd_trap.xls",297585.366449549,1043.83570228197,0.395948022407484,50.6027016665277,17.5450262754348,0.818798114039431
"SG220804","T_2022_08_04_tcd_fid_ecd_trap.xls",545309.983238711,12755.0727937873,0.140439911280967,37.0754637894325,0.838190871886221,0.677544348058052
"SG220805","T_2022_08_04_tcd_fid_ecd_trap.xls",545289.103954907,12014.7169386607,0.141378416739651,36.6153678888974,0.731647333180437,0.701183872190687
"SG220806","T_2022_08_04_tcd_fid_ecd_trap.xls",533423.7100372,11865.4380572701,0.14395930675103,37.5224099328797,1.1847134541248,0.655667642516853
"SG220807","T_2022_08_04_tcd_fid_ecd_trap.xls",531708.857665176,3441.44340435957,0.460001019962616,34.5393614831783,5.27219670081185,0.601147087663742
"SG220808","T_2022_08_04_tcd_fid_ecd_trap.xls",491474.410674073,3700.66011507221,0.43208048256679,37.8890245474498,6.94799367545608,0.656682214368039
"SG220809","T_2022_08_04_tcd_fid_ecd_trap.xls",549885.241575272,3852.20062636044,0.444515679894343,33.023514805532,4.74529717770835,0.622161407131433
"SG220128","T_2022_08_04_tcd_fid_ecd_trap.xls",387118.766086268,3540.44625312671,0.390551616020055,54.133518727046,6.34209814826666,0.79267288887139
"SG220116","T_2022_08_04_tcd_fid_ecd_trap.xls",485505.183356062,3560.06589248833,0.336118299416427,43.7971659615051,3.86594764052441,0.739141541573186
"SG220115","T_2022_08_04_tcd_fid_ecd_trap.xls",480303.278105363,2654.2718103528,0.346441859461942,41.9163828725535,5.21990145536839,0.686688176866867
"SG220114","T_2022_08_04_tcd_fid_ecd_trap.xls",487251.091845453,3245.78980191879,0.357469298601471,40.0740681872042,5.82694422743043,0.699497146488091
"SG220117","T_2022_08_04_tcd_fid_ecd_trap.xls",486162.539704227,3037.79900838664,0.341045453074514,41.8274534255804,4.28335356667826,0.705559213298927
"SG220118","T_2022_08_04_tcd_fid_ecd_trap.xls",53.6471499154995,5317.42017181512,0.350899760390688,39.1715090149563,4.69588370212348,0.698533303229464
"SG220111","T_2022_08_04_tcd_fid_ecd_trap.xls",597844.464407328,15569.6938176409,0.159913899548645,26.6949566530636,1.20235917287981,0.507666973725087
"SG220112","T_2022_08_04_tcd_fid_ecd_trap.xls",623769.299275577,14950.0976908963,0.152405855879179,25.1145566224401,0.59508422030784,0.490305112921666
"SG220113","T_2022_08_04_tcd_fid_ecd_trap.xls",632195.929949032,16098.1123350641,0.316409684784078,24.6580010411209,0.378691985048971,0.494528268252228
"SG220163","T_2022_08_04_tcd_fid_ecd_trap.xls",236991.526465764,1089.48333748109,0.379993429609869,58.2795697022286,15.2000714134825,0.786052807542401
"SG220166","T_2022_08_04_tcd_fid_ecd_trap.xls",379336.328977347,324.424360671576,0.375300902316453,44.7920109872554,14.3476821308051,0.6754898400594
"SG220167","T_2022_08_04_tcd_fid_ecd_trap.xls",375622.657026893,353.991578925553,0.372485385940403,44.5817298192771,14.2536490242816,0.668349790656679
"SG220168","T_2022_08_04_tcd_fid_ecd_trap.xls",375199.703350683,443.776788664431,0.372720012305074,44.4727385634134,14.2387348409376,0.669985787766716
"SG220164","T_2022_08_04_tcd_fid_ecd_trap.xls",599709.36356607,846.939930353641,0.358407804060154,28.795699315123,2.87247455386918,0.500742520840742
"SG220165","T_2022_08_04_tcd_fid_ecd_trap.xls",583572.864435332,614.770985771443,0.366150474094291,29.7270331597865,3.32227648999741,0.512853972314276
"SG220169","T_2022_08_04_tcd_fid_ecd_trap.xls",400606.705140583,325.035301243686,0.365446595000278,41.4093355957491,13.6375512123322,0.661285834142796
"SG220174","T_2022_08_04_tcd_fid_ecd_trap.xls",583424.718815323,9497.61332783546,0.151701976785167,31.8669415610513,0.348959222100312,0.607082332993181
"SG220173","T_2022_08_04_tcd_fid_ecd_trap.xls",574653.999334104,7948.54385392752,0.37459702322244,32.6003853549924,0.573778244102094,0.60422884966172
"SG220171","T_2022_08_04_tcd_fid_ecd_trap.xls",306577.527119096,1234.65665003103,0.404863824264975,45.7471385357406,20.5292696849758,0.650924519112558
"SG220170","T_2022_08_04_tcd_fid_ecd_trap.xls",307157.382965512,1121.88624216411,0.408852472464379,45.9503543913442,20.5959328066811,0.660626362439525
"SG220172","T_2022_08_04_tcd_fid_ecd_trap.xls",315615.908506354,1126.68154929614,0.408852472464379,45.9284457925595,20.6710910035146,0.653980916814256
"SG220178","T_2022_08_04_tcd_fid_ecd_trap.xls",683721.842178226,8429.32113755786,0.288958400117593,19.8831679166985,1.39837415397268,0.378004691143509
"SG220179","T_2022_08_04_tcd_fid_ecd_trap.xls",675786.495349189,8750.21249557786,0.282858114636152,19.67728532714,1.29181695758984,0.391663364690101
"SG220180","T_2022_08_04_tcd_fid_ecd_trap.xls",668774.835957659,7918.35109479465,0.287785268294239,19.9780821890128,1.48053873913535,0.408112110827455
"SG220175","T_2022_08_04_tcd_fid_ecd_trap.xls",513692.809208698,8725.06317111663,0.101726561110283,40.0384427672147,0.300283261076415,0.662579413253058
"SG220176","T_2022_08_04_tcd_fid_ecd_trap.xls",504645.514704573,8432.84928019811,0.109703857509091,41.1968321494751,0.389959568619317,0.670290159322072
"SG220177","T_2022_08_04_tcd_fid_ecd_trap.xls",496645.729507415,7930.98229777271,0.123077560295327,42.0164007219195,0.575540084442185,0.679307166649488
"SG220139","T_2022_08_04_tcd_fid_ecd_trap.xls",675023.1433653,47391.9233672765,0.106184462039029,15.9369840536185,0.386231022783312,0.320364327848001
"SG220140","T_2022_08_04_tcd_fid_ecd_trap.xls",671927.943312132,47252.1998722032,0.094218517440817,15.9780655499755,0.312698089519379,0.294885892235091
"SG220138","T_2022_08_04_tcd_fid_ecd_trap.xls",541306.025498374,881.094966488742,0.356296166778117,31.6997955810964,6.05642051730795,0.517774645792528
"SG220144","T_2022_08_04_tcd_fid_ecd_trap.xls",543543.743448861,13487.320705731,0.107592220227053,37.2205785621451,0.731374179639338,0.657126089552933
"SG220143","T_2022_08_04_tcd_fid_ecd_trap.xls",543780.572904205,13325.6480925016,0.213643337058261,36.0741971457103,0.52829817950906,0.601743148626314
"SG220142","T_2022_08_04_tcd_fid_ecd_trap.xls",595776.442360669,17949.6521914761,0.147244075856421,29.0592615209991,0.590713763650251,0.544965171404314
"SG220141","T_2022_08_04_tcd_fid_ecd_trap.xls",651830.598192029,45679.6433718087,0.0982071656402209,18.314300744127,0.846235243671596,0.328785274212845
"SG220864","T_2022_09_02_tcd_fid_ecd_trap.xls",296565.088559862,1675.28312868921,2.48079489436329,64.0372245605185,11.098056398409,0.822158883296485
"SG220865","T_2022_09_02_tcd_fid_ecd_trap.xls",374816.886658713,1460.87756942061,0.342453211262539,50.3188400978743,10.3338547364755,0.735666632982873
"SG220866","T_2022_09_02_tcd_fid_ecd_trap.xls",595926.723997393,2000.08449661993,0.316644311148749,31.9157397272145,3.19330704556737,0.604495174772656
"SG220867","T_2022_09_02_tcd_fid_ecd_trap.xls",624021.15913126,2488.44910626127,3.13806263072288,27.4000472411624,2.55119135882818,0.512346686388683
"SG220868","T_2022_09_02_tcd_fid_ecd_trap.xls",562067.705366799,2175.82789213655,2.42293159477407,32.251886140047,4.25804589109541,0.560031563394427
"SG220869","T_2022_09_02_tcd_fid_ecd_trap.xls",87.4066454498916,490.922957342311,0.404629197900304,77.0541277215374,21.0221889075666,0.929044027818936
"SG220882","T_2022_09_02_tcd_fid_ecd_trap.xls",252639.213268807,1244.55849817144,0.383982077809273,56.4426114738749,16.0641380100419,0.82469531292445
"SG220883","T_2022_09_02_tcd_fid_ecd_trap.xls",268307.443855647,1309.21445418959,0.351134386755359,56.1139671660477,14.7516352450598,0.788462415688968
"SG220876","T_2022_09_02_tcd_fid_ecd_trap.xls",562003.17753201,2159.81663827504,0.576844949568682,33.6477910939516,3.06287622969245,0.609415848250908
"SG220873","T_2022_09_02_tcd_fid_ecd_trap.xls",521328.509797641,1391.36867036741,0.280042598260102,32.3994377558563,8.60137840205312,0.572764440126812
"SG220874","T_2022_09_02_tcd_fid_ecd_trap.xls",532767.673322398,1394.10061217099,0.27957334553076,32.4844667212689,8.63694299310425,0.587818149968785
"SG220875","T_2022_09_02_tcd_fid_ecd_trap.xls",493992.897397562,1208.47842287517,0.291773916493643,34.955954370317,9.37477168064463,0.604875639216851
"SG220870","T_2022_09_02_tcd_fid_ecd_trap.xls",447187.190691532,1201.52753296985,0.367792858646986,38.3595958080894,11.3363965206952,0.637747767195279
"SG220871","T_2022_09_02_tcd_fid_ecd_trap.xls",453947.571760726,1292.06200944811,0.364742715906266,37.6895559128346,11.098807570647,0.648895375410186
"SG220872","T_2022_09_02_tcd_fid_ecd_trap.xls",463160.547351922,1248.69675600894,0.361457946800875,36.7033547833519,10.9672568252536,0.630734539273956
"SG220879","T_2022_09_02_tcd_fid_ecd_trap.xls",3262.49070352007,540.155545709849,0.406740835182342,76.7307632404198,21.0192798223539,0.901143301911319
"SG220880","T_2022_09_02_tcd_fid_ecd_trap.xls",693824.060539486,1619.01896015212,0.313828794772699,17.630260495609,2.89349371885677,0.363661181597366
"SG220881","T_2022_09_02_tcd_fid_ecd_trap.xls",681806.394351677,1893.9998535044,0.309136267479283,17.4502099754815,2.7690859385631,0.349482539977041
"SG220878","T_2022_09_02_tcd_fid_ecd_trap.xls",249391.84159554,3344.57779584566,0.371546880481719,59.7040884049481,11.8110007983552,0.843845356615587
"SG220334","T_2022_09_02_tcd_fid_ecd_trap.xls",656093.573121544,5371.78975455326,0.332129651217023,20.6232632194696,2.94009371296832,0.465689063382264
"SG220335","T_2022_09_02_tcd_fid_ecd_trap.xls",611252.755759845,5714.57368998196,0.342687837627209,25.9531141797703,4.4632388311692,0.506462169651803
"SG220336","T_2022_09_02_tcd_fid_ecd_trap.xls",662187.561709037,7002.80938780049,0.293181674681668,20.518141793052,1.63293109971465,0.494426811067109
"SG220337","T_2022_09_02_tcd_fid_ecd_trap.xls",658128.190550782,6371.92772786689,0.297170322881071,20.5374602881678,1.58663157449832,0.456621327462289
"SG220338","T_2022_09_02_tcd_fid_ecd_trap.xls",655734.140780101,6602.68182631831,0.294120180140351,20.5738290219321,1.65236597416386,0.496823737065536
"SG220339","T_2022_09_02_tcd_fid_ecd_trap.xls",693087.951156211,7823.37394724523,0.314532673866712,14.5824134760149,2.75851489652255,0.331093425174294
"SG220340","T_2022_09_02_tcd_fid_ecd_trap.xls",694376.069885274,9739.58511057895,0.303270608362513,14.1922810266529,2.48249324324171,0.315240739999512
"SG220341","T_2022_09_02_tcd_fid_ecd_trap.xls",693898.787574505,8976.3528690382,0.307024630197246,14.2275999254982,2.62148742263009,0.327504377250723
"SG220342","T_2022_09_02_tcd_fid_ecd_trap.xls",598917.919048214,3303.40482355998,0.334710541228402,25.6295044817373,3.81754483304161,0.544977853552454
"SG220343","T_2022_09_02_tcd_fid_ecd_trap.xls",521465.27078406,2583.21139897042,0.339168442157147,35.3816969136112,3.81041552561892,0.637088295492008
"SG220344","T_2022_09_02_tcd_fid_ecd_trap.xls",678364.913557363,7106.83305494028,0.339403068521818,16.7077697859569,2.4027050938866,0.377852505365831
"SG220345","T_2022_09_02_tcd_fid_ecd_trap.xls",696748.647655471,7072.15096046069,0.335179793957743,16.7698403176658,2.52797330783474,0.374111271664583
"SG220346","T_2022_09_02_tcd_fid_ecd_trap.xls",677452.085136768,6254.25512429512,0.333537409405048,17.0133713667657,2.5780560095953,0.384726229657617
"SG220347","T_2022_09_02_tcd_fid_ecd_trap.xls",509444.283146176,4072.03105240649,0.317113563878091,38.0216026053628,2.46798879020933,0.689668481679726
"SG220348","T_2022_09_02_tcd_fid_ecd_trap.xls",506737.200685099,4160.55124659828,0.322979222994861,38.3773050671979,2.56710255259722,0.685381915608464
"SG220349","T_2022_09_02_tcd_fid_ecd_trap.xls",488888.935782406,3281.84018248643,0.338229936698464,39.828889586954,3.42002448467979,0.660157122958351
"SG220350","T_2022_09_02_tcd_fid_ecd_trap.xls",493951.574979963,2900.57461435018,0.352776771308054,39.1813636697437,3.46419341227555,0.692357097085369
"SG220351","T_2022_09_02_tcd_fid_ecd_trap.xls",572951.146679018,3670.06026255777,0.336118299416427,29.2996890435135,3.41169330167627,0.55039313080816
"SG220352","T_2022_09_02_tcd_fid_ecd_trap.xls",463427.247491273,3242.3973570724,0.33987232125116,41.9052484919889,4.31185713869197,0.719801265659952
"SG220353","T_2022_09_02_tcd_fid_ecd_trap.xls",548555.532028604,5342.63734517328,0.417533647957199,32.167661792638,3.4882582392464,0.621983857057476
"SG221018","T_2022_09_02_tcd_fid_ecd_trap.xls",432945.125903535,4193.76328164444,0.608284882434571,43.585091644833,6.4335226384726,0.710327700999502
"SG221019","T_2022_09_02_tcd_fid_ecd_trap.xls",483785.477417262,5550.02880678257,0.410964109746416,38.2977245151242,7.40745158926217,0.621793624835378
"SG221020","T_2022_09_02_tcd_fid_ecd_trap.xls",468027.209811724,4717.14967254544,0.413779626122466,38.8957242784536,7.61534874939285,0.633283651050061
"SG221021","T_2022_09_02_tcd_fid_ecd_trap.xls",472556.213880574,5716.03244126591,0.405567703358988,38.1748631774836,7.34704368364806,0.594615781371732
"SG221017","T_2022_09_02_tcd_fid_ecd_trap.xls",429484.05190878,3053.67565026774,0.572387048639937,45.0634584495671,5.84874188001015,0.712306116109314
"SG221025","T_2022_09_02_tcd_fid_ecd_trap.xls",27325.292435274,16392.4182336379,0.85350086899262,-0.696033339332416,7.35529292058926,1.00654463510141
"SG221033","T_2022_09_02_tcd_fid_ecd_trap.xls",301603.784240212,15577.6660630299,0.724190306581953,63.8876499051573,3.14831865734832,0.876172152224002
"SG221026","T_2022_09_02_tcd_fid_ecd_trap.xls",295090.823243267,13172.524440285,0.727475075687345,63.3943807537866,3.88603808347226,0.842488366764625
"SG220448","T_2022_09_02_tcd_fid_ecd_trap.xls",258541.105735299,1138.10498527652,0.412841120663783,55.5279677055154,16.9681533119872,0.776211460585896
"SG220449","T_2022_09_02_tcd_fid_ecd_trap.xls",253631.152591187,1115.82294516544,0.410494857017075,55.7034510605936,17.0370016620212,0.78250180606325
"SG220450","T_2022_09_02_tcd_fid_ecd_trap.xls",254215.14627103,1211.99421295995,0.411667988840429,55.5421902866082,16.9717725964067,0.779534183398531
"SG220451","T_2022_09_02_tcd_fid_ecd_trap.xls",1940.40560312741,815.03269443668,0.448738954458417,76.590070035213,21.3750623096357,0.928574788337762
"SG220452","T_2022_09_02_tcd_fid_ecd_trap.xls",1966.88874133791,865.579381393283,0.449912086281771,76.629458002248,21.3346082701989,0.916793072715864
"SG220453","T_2022_09_02_tcd_fid_ecd_trap.xls",1980.59071269474,902.316505984091,0.450615965375784,76.5815947255747,21.344318878585,0.92289318597112
"SG220454","T_2022_09_02_tcd_fid_ecd_trap.xls",5073.72316998354,848.91107823724,0.417533647957199,75.7018867046301,22.0608142745655,0.924744779599535
"SG220418","T_2022_09_15_tcd_fid_ecd_trap.xls",706423.159423747,27780.414565138,0.261741741815778,21.3911599900235,0.831730790639223,0.438663405696295
"SG220419","T_2022_09_15_tcd_fid_ecd_trap.xls",669155.673199584,27662.2104785403,0.248837291758884,21.5349413957586,0.826213089109017,0.429697126961439
"SG220420","T_2022_09_15_tcd_fid_ecd_trap.xls",642036.928004398,26409.1657419283,0.233117325325939,22.9905490055328,0.732494109157845,0.446640476876246
"SG220421","T_2022_09_15_tcd_fid_ecd_trap.xls",647644.900097592,33247.7352203271,0.199800381542683,20.5020417699507,0.539579420756461,0.394516848021562
"SG220422","T_2022_09_15_tcd_fid_ecd_trap.xls",644241.901154147,34566.6725440054,0.211062447046883,20.0318996389131,0.52829817950906,0.392728665133847
"SG220423","T_2022_09_15_tcd_fid_ecd_trap.xls",642379.070912117,33535.765095935,0.197923370625317,20.170646434854,0.458958153101002,0.392893533059664
"SG220424","T_2022_09_15_tcd_fid_ecd_trap.xls",607521.548342329,20112.0417691629,0.25939547816907,26.1325823097237,0.605655262348383,0.483304567148482
"SG220425","T_2022_09_15_tcd_fid_ecd_trap.xls",605030.561436127,20411.0405497742,0.263384126368474,25.9150595797127,0.648130637989325,0.486158050479943
"SG220426","T_2022_09_15_tcd_fid_ecd_trap.xls",604214.200451042,19281.8200500554,0.26502651092117,26.1450117421227,0.690947455556641,0.485397121591553
"SG220427","T_2022_09_15_tcd_fid_ecd_trap.xls",599185.122437576,11697.6703514666,0.332364277581694,27.1670681824531,1.10902260788618,0.513437351128708
"SG220428","T_2022_09_15_tcd_fid_ecd_trap.xls",615845.683763471,11661.0206389761,0.34010694761583,27.3491800572756,1.18606556415324,0.509036645724188
"SG220429","T_2022_09_15_tcd_fid_ecd_trap.xls",602101.72465338,10877.5920424499,0.337995310333793,27.4298870745543,1.13931533559409,0.515732819942016
"SG220430","T_2022_09_15_tcd_fid_ecd_trap.xls",589518.092319468,10901.5540112149,0.460470272691958,26.874892227762,2.85581218786213,0.483380660037321
"SG220431","T_2022_09_15_tcd_fid_ecd_trap.xls",587047.07884705,10196.5813558361,0.458358635409921,27.0272408994787,2.94281159070225,0.495010189881541
"SG220432","T_2022_09_15_tcd_fid_ecd_trap.xls",588110.021154366,11148.8519323672,0.465397426350045,26.8025685637782,2.80583874751801,0.484648874851303
"SG220357","T_2022_09_15_tcd_fid_ecd_trap.xls",528516.35142648,4637.90216093378,0.406975461547012,34.241239018289,3.46875507641191,0.591432562188636
"SG220358","T_2022_09_15_tcd_fid_ecd_trap.xls",536290.826001888,6029.36995542794,0.379758803245198,33.5250753538545,3.12947106301246,0.587856196413205
"SG220359","T_2022_09_15_tcd_fid_ecd_trap.xls",533778.333545201,5396.02311890597,0.383747451444602,33.8207303235326,3.20032709157362,0.593055877150533
"SG220354","T_2022_09_15_tcd_fid_ecd_trap.xls",633385.232742532,8124.38557846538,0.397121154230838,21.6760100893672,2.27495118271445,0.429861994887256
"SG220355","T_2022_09_15_tcd_fid_ecd_trap.xls",632186.949732163,8553.99348566268,0.390551616020055,21.6018932766896,2.31933863314309,0.446906801987182
"SG220356","T_2022_09_15_tcd_fid_ecd_trap.xls",650086.523769346,7751.60112244511,0.398998165148205,21.919970268069,2.43426798556062,0.474528520635722
"SG220360","T_2022_09_15_tcd_fid_ecd_trap.xls",426313.140687238,3354.98129337459,0.423164680709299,46.5167518247023,4.01959650739277,0.739154223721326
"SG220377","T_2022_09_15_tcd_fid_ecd_trap.xls",456083.677942254,4721.4128449024,0.415891263404503,43.3630247388586,3.66059080832595,0.71044184033276
"SG220378","T_2022_09_15_tcd_fid_ecd_trap.xls",451193.55284859,4469.61428025387,0.429030339826069,43.721133391676,3.81255978091655,0.705039245225194
"SG220379","T_2022_09_15_tcd_fid_ecd_trap.xls",323418.453249061,3259.0316449692,0.427857208002715,57.3410555997613,5.51311812406144,0.834536659880955
"SG220380","T_2022_09_15_tcd_fid_ecd_trap.xls",534365.972991792,6206.27464601768,0.397355780595509,34.8309550476953,2.47666141513924,0.614755032617775
"SG220381","T_2022_09_15_tcd_fid_ecd_trap.xls",533077.820712729,6579.05910203795,0.392663253302093,34.5871557925942,2.42601874861942,0.587602553450408
"SG220382","T_2022_09_15_tcd_fid_ecd_trap.xls",533103.251613303,6916.20027087216,0.38609371509131,34.4545240934808,2.27504678645384,0.524141084158721
"SG220383","T_2022_09_15_tcd_fid_ecd_trap.xls",511026.635381877,3713.61925438542,0.438415394412902,36.2395882921144,3.57217100707211,0.625192440536852
"SG220384","T_2022_09_15_tcd_fid_ecd_trap.xls",515520.713899939,4037.19064383407,0.431141977108106,35.7390239375108,3.49728596377973,0.639992507416028
"SG220385","T_2022_09_15_tcd_fid_ecd_trap.xls",347473.814975132,19836.8692595227,0.286846762835556,58.3060071509194,0.618056433114292,0.879139774888722
"SG220386","T_2022_09_15_tcd_fid_ecd_trap.xls",339208.157205309,18059.1716192671,0.301862850174488,58.7706702165038,0.716555600034701,0.839406604766648
"SG220387","T_2022_09_15_tcd_fid_ecd_trap.xls",344318.71698728,18748.018853476,0.307493882926587,58.048130912269,0.565692899285555,0.857326480088221
"SG220932","T_2022_09_15_tcd_fid_ecd_trap.xls",15327.4718286193,342.591197306378,0.410260230652404,71.1095102913174,26.3585984325449,0.870617371338759
"SG220934","T_2022_09_15_tcd_fid_ecd_trap.xls",23097.9923398977,61.4547895105765,0.383043572350589,63.8956577700506,32.9019778519017,0.833572816622328
"SG220936","T_2022_09_15_tcd_fid_ecd_trap.xls",412.630792468728,86.6416791343342,0.398528912418863,66.0260486897867,33.3352130257623,0.870046674672467
"SG220929","T_2022_09_15_tcd_fid_ecd_trap.xls",233168.984762853,9556.66448446162,0.812254722105946,65.2512858456018,8.45641581779172,0.912455778052044
"SG220930","T_2022_09_15_tcd_fid_ecd_trap.xls",232998.752059012,8694.45201045271,0.952716385771326,65.0627140376644,8.12468449980367,0.954966338616739
"SG220935","T_2022_09_15_tcd_fid_ecd_trap.xls",22254.2992875289,298.176970432081,0.387266846914664,63.8241233980132,33.2904977910843,0.850617623722254
"SG220937","T_2022_09_15_tcd_fid_ecd_trap.xls",16679.2328567497,73.005024477627,0.38046268233921,62.8633865125884,34.9077306465169,0.799331016644798
"SG220662","T_2022_09_15_tcd_fid_ecd_trap.xls",56.6697907845735,452.306902312751,0.398294286054192,77.4209032597083,21.0485891973138,0.959861647798712
"SG220663","T_2022_09_15_tcd_fid_ecd_trap.xls",76.0667378185645,789.765114548681,0.412606494299112,77.9793541324019,20.4524452515417,0.977667383787027
"SG220664","T_2022_09_15_tcd_fid_ecd_trap.xls",101.418887889307,2503.4550206318,0.489563941911139,84.4041905762765,13.3516277431865,1.03019684138219
"SG220665","T_2022_09_15_tcd_fid_ecd_trap.xls",97.7156523874617,2194.70941396892,0.472905470019511,82.951372308915,14.9970500440605,1.01324080931924
"SG220675","T_2022_09_15_tcd_fid_ecd_trap.xls",2603.99537882434,2910.78587333781,0.462347283609325,88.5299345256532,8.63188965259391,1.05524408395834
"SG220757","T_2022_09_29_tcd_fid_ecd_trap.xls",271783.323614484,671.893380565635,0.454690874531553,58.9716425080797,14.2289203488039,0.796089000423964
"SG220761","T_2022_09_29_tcd_fid_ecd_trap.xls",35.557085490675,1777.64098934366,0.422670522782087,78.2801731659138,20.3306533544694,0.936409046167211
"SG220977","T_2022_09_29_tcd_fid_ecd_trap.xls",635711.721808054,443.073739451837,0.332245049441593,27.8252576217197,7.88550622872947,0.533230616976808
"SG220976","T_2022_09_29_tcd_fid_ecd_trap.xls",616310.723630443,473.274523357852,0.334806677581551,27.6384731266726,7.98947506624566,0.534229021337225
"SG220975","T_2022_09_29_tcd_fid_ecd_trap.xls",611817.34647478,514.86758922956,0.324304002207726,27.39964687629,7.78179497471997,0.519328784110234
"SG220974","T_2022_09_29_tcd_fid_ecd_trap.xls",566120.139448184,589.150799558208,0.319436908741807,30.74362077469,9.12781792446993,0.573899797126476
"SG220973","T_2022_09_29_tcd_fid_ecd_trap.xls",564657.532917756,941.239732479684,0.316362954973858,30.6429603438864,9.01740949928648,0.553249256304674
"SG220979","T_2022_09_29_tcd_fid_ecd_trap.xls",407293.808326735,485.25457100918,0.32942725848764,44.9931910748091,12.233149781941,0.698536047790251
"SG220980","T_2022_09_29_tcd_fid_ecd_trap.xls",269562.619761718,452.495277648047,0.349151795165312,56.691621228371,15.3616370409609,0.793523480358588
"SG220981","T_2022_09_29_tcd_fid_ecd_trap.xls",438469.956578837,636.033756600632,0.330708072557619,42.3370842942361,11.5906687311222,0.699850402897636
"SG220982","T_2022_09_29_tcd_fid_ecd_trap.xls",251427.566163977,524.410138008106,0.356836679585184,58.5079714910651,15.912011652598,0.8111408940095
"SG220983","T_2022_09_29_tcd_fid_ecd_trap.xls",436921.997085803,934.584150451169,0.32225469969576,44.0148857900602,10.3738306884907,0.69308905691253
"SG220984","T_2022_09_29_tcd_fid_ecd_trap.xls",506778.236769131,1158.5055894521,0.325328653463709,37.4667762765187,8.37545717250768,0.63683718592242
"SG220985","T_2022_09_29_tcd_fid_ecd_trap.xls",502211.411294067,999.324812001271,0.326865630347683,37.5506495485206,8.37904978457468,0.649715338368819
"SG220986","T_2022_09_29_tcd_fid_ecd_trap.xls",619596.703631829,1636.80855975069,0.303554814274071,25.4344004546153,6.51369781425714,0.50464339339118
"SG220987","T_2022_09_29_tcd_fid_ecd_trap.xls",608876.245249802,1444.85120171268,0.315082140903879,26.0422706648564,6.81360635820462,0.504302166584455
"SG220988","T_2022_09_29_tcd_fid_ecd_trap.xls",1.63609913793103,420.773217849799,0.360935284609115,77.6635889509874,20.7936122581518,0.914065009341663
"SG220989","T_2022_09_29_tcd_fid_ecd_trap.xls",488874.135545526,1107.43912370603,0.321486211253773,40.0739439563392,10.9760880411859,0.683699000712653
"SG220990","T_2022_09_29_tcd_fid_ecd_trap.xls",467819.057796021,1010.38863667205,0.335319003209542,40.4709430684481,11.1216362794926,0.686681575764027
"SG220948","T_2022_09_29_tcd_fid_ecd_trap.xls",449593.232728836,2538.71771713171,0.346077841397363,41.1413978074062,11.3519701625803,0.57863905833099
"SG220249","T_2022_09_29_tcd_fid_ecd_trap.xls",746104.052233475,4463.36198537075,0.291515162016272,13.7057565413106,2.95369039639772,0.282428914033934
"SG220251","T_2022_09_29_tcd_fid_ecd_trap.xls",728503.984347012,3858.07347942874,0.297919232366165,14.1014348760278,3.06115694679423,0.290972222231938
"SG220252","T_2022_09_29_tcd_fid_ecd_trap.xls",725766.295246366,4809.53797263452,0.291258999202276,13.5995941739165,2.9233633277416,0.279635909430741
"SG220250","T_2022_09_29_tcd_fid_ecd_trap.xls",506103.575268207,2889.1287611758,0.316362954973858,37.9761352499369,4.9615538310483,0.637646019834657
"SG220047","T_2022_09_29_tcd_fid_ecd_trap.xls",278419.261029577,2116.40807200288,0.285367254480374,61.2583458272556,8.12409634105799,0.824752052188864
"SG220046","T_2022_09_29_tcd_fid_ecd_trap.xls",390724.542487116,1794.2606145967,0.21722794595751,54.9041405022754,2.1180488296145,0.751337736623475
"SG220045","T_2022_09_29_tcd_fid_ecd_trap.xls",399653.300407442,1918.29646149176,0.223375853493407,54.9699761753413,2.22620678837108,0.740696515465606
"SG220054","T_2022_09_29_tcd_fid_ecd_trap.xls",392837.553516452,1791.16620113409,0.21543480625954,54.9751342408949,2.14265483301676,0.768803493915843
"SG220051","T_2022_09_29_tcd_fid_ecd_trap.xls",648084.40002022,2433.47409846808,0.264874229360716,24.9913773303168,1.07353415295883,0.518722158676056
"SG220053","T_2022_09_29_tcd_fid_ecd_trap.xls",639389.143009027,4050.74555877468,0.216203294701527,25.5164840341751,0.729185675593952,0.499562905379941
"SG220052","T_2022_09_29_tcd_fid_ecd_trap.xls",626060.867492185,2752.94923677424,0.221070388167446,26.5541617795463,0.91613707334441,0.505919834408929
"SG220050","T_2022_09_29_tcd_fid_ecd_trap.xls",444956.299581595,2690.93174248515,0.252066088660929,46.0707187842073,3.68366849733125,0.72262413273906
"SG220049","T_2022_09_29_tcd_fid_ecd_trap.xls",531508.967816954,433.237307830473,0.256164693684861,32.6269399218217,7.18887841339899,0.574582250739926
"SG220055","T_2022_09_29_tcd_fid_ecd_trap.xls",521239.933046029,366.733349223466,0.263337252476742,33.4359512429008,7.632911707853,0.588168132859533
"SG220056","T_2022_09_29_tcd_fid_ecd_trap.xls",535619.835125405,467.742611022463,0.252066088660929,32.1250679587071,6.98930542382071,0.579157217556017
"SG220066","T_2022_09_29_tcd_fid_ecd_trap.xls",517508.372696212,436.694753040091,0.249504460520972,34.8887751128286,6.49154563268178,0.601829843158411
"SG220072","T_2022_09_29_tcd_fid_ecd_trap.xls",527078.316765888,467.898196056896,0.26461806654672,35.3968992766142,6.79039672854916,0.632274857136208
"SG220070","T_2022_09_29_tcd_fid_ecd_trap.xls",448476.021569748,443.923194475136,0.247711320823002,47.7644165002375,2.00422403371075,0.693051142822894
"SG220071","T_2022_09_29_tcd_fid_ecd_trap.xls",441855.455723845,144.317851356314,0.24540585549704,48.2625215124478,2.17969262987348,0.689461942337342
"SG220759","T_2022_09_29_tcd_fid_ecd_trap.xls",406.05581025052,515.973971696638,0.474927736837216,80.9340135237435,17.5582549579088,0.950588915691116
"SG220893","T_2022_09_29_tcd_fid_ecd_trap.xls",559836.772334038,1891.10365491811,0.388344705706659,33.1621986365196,4.13853385609291,0.543770733895647
"SG220894","T_2022_09_29_tcd_fid_ecd_trap.xls",549534.193332214,1801.00263275546,0.38527075193871,33.1830653562592,4.28888128184002,0.565369126958351
"SG220895","T_2022_09_29_tcd_fid_ecd_trap.xls",548193.112889498,1713.09708830091,0.381940635356765,33.0968944005107,4.10830168662348,0.554083366276669
"SG220896","T_2022_09_29_tcd_fid_ecd_trap.xls",379007.767639908,1060.52159221151,0.407556916756339,47.5756391162265,9.6551320337449,0.681247222916185
"SG220897","T_2022_09_29_tcd_fid_ecd_trap.xls",410098.069294247,1338.91508048998,0.424719825294053,44.2868721497517,9.67786716746698,0.679781211450255
"SG220898","T_2022_09_29_tcd_fid_ecd_trap.xls",394535.497737992,1190.71169157969,0.42548831373604,45.6394419819195,10.0939729869851,0.699875678957394
"SG220899","T_2022_09_29_tcd_fid_ecd_trap.xls",275965.331784975,715.433985839515,0.423182848410078,56.4333506339015,13.8117164101256,0.802850346409071
"SG220760","T_2022_09_29_tcd_fid_ecd_trap.xls",856.079636846758,1263.17974317329,0.553569720733906,79.1157485245939,18.5737575974952,0.948061309715376
"SG220758","T_2022_09_29_tcd_fid_ecd_trap.xls",398.333952947364,513.519185597809,0.476208550907195,80.3247756446056,17.4985904835434,0.938393216858167
"SG221082","T_2022_10_19_shorts_tcd_fid_ecd_trap.xls",381667.511912184,645.956163116272,0.439918255408176,51.5862506027867,12.3461645850219,0.762421701564518
"SG221076","T_2022_10_19_shorts_tcd_fid_ecd_trap.xls",307115.29083171,602.444771635028,0.331400927842884,54.922293656106,14.8137228246079,0.785781885202726
"SG221084","T_2022_10_19_shorts_tcd_fid_ecd_trap.xls",503439.001925085,1926.86216233766,0.304271595951562,40.5206823530584,7.95712035419035,0.650772806007255
"SG221232","T_2022_10_19_shorts_tcd_fid_ecd_trap.xls",140.642625177193,1602.5086115546,0.296053561205279,79.3176879905535,19.9204545787978,0.957285544978714
"SG221069","T_2022_10_19_shorts_tcd_fid_ecd_trap.xls",535355.324205898,696.483998851227,0.295228485321121,39.3575175039788,5.22539013294974,0.653081433870998
"SG221070","T_2022_10_19_shorts_tcd_fid_ecd_trap.xls",504379.791181586,2102.61935649895,0.298242855531268,38.6469816911904,8.52072923042616,0.670141802491196
"SG221068","T_2022_10_19_shorts_tcd_fid_ecd_trap.xls",237086.176416509,4320.34623663214,0.693376550578034,66.5927982178704,8.25246399994967,0.945103293991508
"SG221074","T_2022_10_19_shorts_tcd_fid_ecd_trap.xls",384476.739342103,3302.58335728163,0.271364721157457,52.9953829035511,7.15704764217068,0.77650824446193
"SG221075","T_2022_10_19_shorts_tcd_fid_ecd_trap.xls",1823.35736648685,562.356636626429,0.312309916511954,65.6468927810395,34.2611586709571,0.812663704565287
"SG221172","T_2022_10_19_shorts_tcd_fid_ecd_trap.xls",2.29572192513369,509.994325449467,0.346472778893619,78.1940420698678,21.1151493327503,0.943916372321449
"SG221216","T_2022_10_19_shorts_tcd_fid_ecd_trap.xls",1.41978609625668,495.265314047431,0.342202421095911,78.1354817728209,21.1423783357824,0.938986082307354
"SG221086","T_2022_10_19_shorts_tcd_fid_ecd_trap.xls",146.748128342246,370.136281402613,1.01038781767849,68.8252073318154,30.9404523826217,0.851688645629228
"SG221072","T_2022_10_19_shorts_tcd_fid_ecd_trap.xls",14937.7362530012,95.2622995037649,0.307034768644196,64.5545274178925,32.9909646954248,0.839936816786109
"SG221173","T_2022_10_19_shorts_tcd_fid_ecd_trap.xls",7.09411764705882,2360.19688464128,1.27706004802858,79.1938046724912,19.8233665498868,0.956176881880307
"SG221237","T_2022_10_19_shorts_tcd_fid_ecd_trap.xls",2097.26903306022,717.394120558562,0.356771877111621,77.9631467334449,21.033010560406,0.939325202784514
"SG221219","T_2022_10_19_shorts_tcd_fid_ecd_trap.xls",314340.410583143,5611.6025369297,0.748640004430728,63.3939745427143,5.20167940733302,0.875779242602857
"SG221165","T_2022_10_19_shorts_tcd_fid_ecd_trap.xls",4712.71015791164,843.221317352406,0.34873355655123,74.8610292219205,24.0746777492924,0.916447613671496
"SG221141","T_2022_10_19_shorts_tcd_fid_ecd_trap.xls",572608.642162727,2681.55508601078,0.291962917593461,37.0379899855872,4.24355800752752,0.653877062682796
"SG221136","T_2022_10_19_shorts_tcd_fid_ecd_trap.xls",542104.783350295,4358.1161392681,0.184701577615732,39.7322923574556,2.40058299284765,0.667507097245569
"SG221242","T_2022_10_19_shorts_tcd_fid_ecd_trap.xls",389517.769785264,1756.91549561019,0.55772989112142,49.4779299770593,9.82169786599677,0.754308896303231
"SG221127","T_2022_10_19_shorts_tcd_fid_ecd_trap.xls",283662.712952378,573.527263010848,0.422334429182318,55.8530007191178,16.022805553516,0.77992553542408
"SG221135","T_2022_10_19_shorts_tcd_fid_ecd_trap.xls",339443.860507746,2723.15215643824,0.362549420014403,56.6460780636554,8.37464542381182,0.788286159495599
"SG221154","T_2022_10_19_shorts_tcd_fid_ecd_trap.xls",328073.468068832,1804.09787922986,0.334666495570544,55.401823656234,10.6671796293274,0.78540363543974
"SG221170","T_2022_10_19_shorts_tcd_fid_ecd_trap.xls",126314.098019363,815.204665694711,0.34873355655123,68.8372018947465,17.7465287605473,0.864809999476261
"SG221133","T_2022_10_19_shorts_tcd_fid_ecd_trap.xls",230856.019063138,663.545395386899,0.319343447002296,60.5619161938146,16.0069117010674,0.792864285937258
"SG221131","T_2022_10_19_shorts_tcd_fid_ecd_trap.xls",398683.525755694,3355.08079700356,0.274379091367604,55.4233744137108,3.03819890296568,0.774160487312362
"SG221159","T_2022_10_19_shorts_tcd_fid_ecd_trap.xls",546811.350318504,1668.36125580468,0.254283289966624,37.1368030888916,4.70981874873995,0.62167366044788
"SG221245","T_2022_10_19_shorts_tcd_fid_ecd_trap.xls",211180.501378096,438.443760886367,0.43263352740032,60.2675759324143,17.7648183271893,0.791403459266416
"SG221145","T_2022_10_19_shorts_tcd_fid_ecd_trap.xls",157500.565483588,336.376666583574,0.418817663937147,65.1125350024608,19.8645454544221,0.823450344358027
"SG221231","T_2022_10_19_shorts_tcd_fid_ecd_trap.xls",466023.792031696,2501.29360701705,0.546928397868393,46.7738899139692,6.36110924835901,0.775986520650915
"SG221126","T_2022_10_19_shorts_tcd_fid_ecd_trap.xls",1050.41529321657,3550.64521412307,0.323362607282492,77.7600519530787,20.5458865710181,0.985836880536524
"SG221117","T_2022_10_19_shorts_tcd_fid_ecd_trap.xls",215920.435950192,1237.32371876559,0.351747926761377,63.8125453332092,14.63212768875,0.869518556870674
"SG221120","T_2022_10_19_shorts_tcd_fid_ecd_trap.xls",426990.277957156,156.025101893203,0.30075483070639,42.8705513809697,13.9558381066532,0.657594344836279
"SG221163","T_2022_10_19_shorts_tcd_fid_ecd_trap.xls",485298.812344271,6297.39040753108,0.423088021734855,46.9699615620929,1.20828395308855,0.752861112727664
"SG221160","T_2022_10_19_shorts_tcd_fid_ecd_trap.xls",4771.29172689567,1194.89577778382,1.70204480766322,58.909633585422,16.6959738622637,0.705710323307161
"SG221225","T_2022_10_19_shorts_tcd_fid_ecd_trap.xls",3.04652406417112,434.164690295561,0.303266805881513,78.1429625923331,20.9157163934983,0.906900067929917
"SG221244","T_2022_10_19_shorts_tcd_fid_ecd_trap.xls",2.22352941176471,426.912791715354,0.324116199835029,78.1575296733665,21.1257315445873,0.907852213885019
"SG221174","T_2022_10_19_shorts_tcd_fid_ecd_trap.xls",1.92994652406417,435.425890048641,0.330144940255323,78.1382673522384,21.0470836700676,0.952329168774069
"SG221132","T_2022_10_19_shorts_tcd_fid_ecd_trap.xls",1.47754010695187,435.741189986911,0.325623384940103,78.1037119633732,21.079857040233,0.905674016974031
"SG2201","T_2022_10_19_shorts_tcd_fid_ecd_trap.xls",1.57860962566845,435.155632958695,0.326125779975127,78.0909677402589,20.9291323929812,0.886252848108988
