<?xml version="1.0" encoding="UTF-8"?>
<metadata xml:lang="en"><Esri><CreaDate>20200107</CreaDate><CreaTime>15550200</CreaTime><ArcGISFormat>1.0</ArcGISFormat><SyncOnce>TRUE</SyncOnce><DataProperties><itemProps><itemLocation><linkage Sync="TRUE">file://\\LZ2626CJBEAULIE\C$\Users\JBEAULIE\GitRepository\NRS\output\surveyDsgnOutput\NLA_Methane_Design_Lakes_20191206_1</linkage><protocol Sync="TRUE">Local Area Network</protocol></itemLocation></itemProps><copyHistory><copy source="C:\Users\JBEAULIE\GitRepository\NRS\output\surveyDsgnOutput\NLA_Methane_Design_Lakes_20191206" dest="\\LZ2626CJBEAULIE\C$\Users\JBEAULIE\GitRepository\NRS\output\surveyDsgnOutput\NLA_Methane_Design_Lakes_20191206_1" date="20200107" time="15550200"></copy></copyHistory><lineage><Process ToolSource="c:\program files\arcgis\pro\Resources\ArcToolbox\Toolboxes\Data Management Tools.tbx\Copy" Date="20200107" Time="155502">Copy C:\Users\JBEAULIE\GitRepository\NRS\output\surveyDsgnOutput\NLA_Methane_Design_Lakes_20191206.shp C:\Users\JBEAULIE\GitRepository\NRS\output\surveyDsgnOutput\NLA_Methane_Design_Lakes_20191206_1.shp Shapefile #</Process><Process ToolSource="c:\program files\arcgis\pro\Resources\ArcToolbox\Toolboxes\Data Management Tools.tbx\Rename" Date="20200107" Time="155537">Rename C:\Users\JBEAULIE\GitRepository\NRS\output\surveyDsgnOutput\NLA_Methane_Design_Lakes_20191206_1.shp C:\Users\JBEAULIE\GitRepository\NRS\output\surveyDsgnOutput\National_Reservoir_Methane_Survey_20191206.shp ShapeFile</Process><Process ToolSource="c:\program files\arcgis\pro\Resources\ArcToolbox\Toolboxes\Data Management Tools.tbx\UpdateSchema" Date="20200107" Time="155755">UpdateSchema "CIMDATA=&lt;CIMStandardDataConnection xsi:type='typens:CIMStandardDataConnection' xmlns:xsi='http://www.w3.org/2001/XMLSchema-instance' xmlns:xs='http://www.w3.org/2001/XMLSchema' xmlns:typens='http://www.esri.com/schemas/ArcGIS/2.4.0'&gt;&lt;WorkspaceConnectionString&gt;DATABASE=C:\Users\JBEAULIE\GitRepository\NRS\output\surveyDsgnOutput&lt;/WorkspaceConnectionString&gt;&lt;WorkspaceFactory&gt;Shapefile&lt;/WorkspaceFactory&gt;&lt;Dataset&gt;National_Reservoir_Methane_Survey_20191206.shp&lt;/Dataset&gt;&lt;DatasetType&gt;esriDTFeatureClass&lt;/DatasetType&gt;&lt;/CIMStandardDataConnection&gt;" &lt;operationSequence&gt;&lt;workflow&gt;&lt;AddField&gt;&lt;field_name&gt;lab&lt;/field_name&gt;&lt;field_type&gt;TEXT&lt;/field_type&gt;&lt;field_length&gt;255&lt;/field_length&gt;&lt;field_is_nullable&gt;False&lt;/field_is_nullable&gt;&lt;field_is_required&gt;False&lt;/field_is_required&gt;&lt;/AddField&gt;&lt;/workflow&gt;&lt;/operationSequence&gt;</Process></lineage></DataProperties></Esri></metadata>
