lake_id,site_id,visit,shortwave_radiation_sum_mj_m2
1001,1,1,23.310000000000002
1001,4,1,23.310000000000002
1001,5,1,23.310000000000002
1001,6,1,23.310000000000002
1001,7,1,23.310000000000002
1001,8,1,23.310000000000002
1001,9,1,23.310000000000002
1001,11,1,23.310000000000002
1001,12,1,23.310000000000002
1001,13,1,23.310000000000002
1001,14,1,23.310000000000002
1001,15,1,23.310000000000002
1001,16,1,23.310000000000002
1001,17,1,23.310000000000002
1001,18,1,23.310000000000002
1002,1,1,23.55
1002,2,1,23.55
1002,3,1,23.55
1002,4,1,23.55
1002,5,1,23.55
1002,6,1,23.55
1002,7,1,23.55
1002,8,1,23.55
1002,29,1,23.55
1002,30,1,23.55
1002,31,1,23.55
1002,32,1,23.55
1002,33,1,23.55
1002,34,1,23.55
1002,35,1,23.55
1003,1,1,27.145
1003,2,1,27.145
1003,3,1,27.145
1003,4,1,27.145
1003,5,1,27.145
1003,6,1,27.145
1003,7,1,27.145
1003,8,1,27.145
1003,9,1,27.145
1003,10,1,27.145
1003,31,1,27.145
1003,32,1,27.145
1003,33,1,27.145
1003,35,1,27.145
1003,37,1,27.145
1004,1,1,25.485
1004,2,1,25.485
1004,3,1,25.485
1004,4,1,25.485
1004,5,1,25.485
1004,6,1,25.485
1004,7,1,25.485
1004,8,1,25.485
1004,9,1,25.485
1004,10,1,25.485
1004,31,1,25.485
1004,33,1,25.485
1004,34,1,25.485
1004,35,1,25.485
1004,36,1,25.485
1005,1,1,20.384999999999998
1005,2,1,20.384999999999998
1005,3,1,20.384999999999998
1005,4,1,20.384999999999998
1005,5,1,20.384999999999998
1005,6,1,20.384999999999998
1005,7,1,20.384999999999998
1005,8,1,20.384999999999998
1005,9,1,20.384999999999998
1005,10,1,20.384999999999998
1005,11,1,20.384999999999998
1005,12,1,20.384999999999998
1005,13,1,20.384999999999998
1005,14,1,20.384999999999998
1005,15,1,20.384999999999998
1005,31,1,20.384999999999998
1005,32,1,20.384999999999998
1005,33,1,20.384999999999998
1005,34,1,20.384999999999998
1005,35,1,20.384999999999998
1006,1,1,20.854999999999997
1006,2,1,20.854999999999997
1006,3,1,20.854999999999997
1006,4,1,20.854999999999997
1006,5,1,20.854999999999997
1006,6,1,20.854999999999997
1006,7,1,20.854999999999997
1006,8,1,20.854999999999997
1006,9,1,20.854999999999997
1006,29,1,20.854999999999997
1006,30,1,20.854999999999997
1006,31,1,20.854999999999997
1006,32,1,20.854999999999997
1006,33,1,20.854999999999997
1006,39,1,20.854999999999997
1007,1,1,21.025
1007,2,1,21.025
1007,3,1,21.025
1007,4,1,21.025
1007,5,1,21.025
1007,6,1,21.025
1007,7,1,21.025
1007,8,1,21.025
1007,19,1,21.025
1007,20,1,21.025
1007,21,1,21.025
1007,22,1,21.025
1007,23,1,21.025
1007,24,1,21.025
1007,25,1,21.025
1008,2,1,24.365000000000002
1008,3,1,24.365000000000002
1008,4,1,24.365000000000002
1008,5,1,24.365000000000002
1008,6,1,24.365000000000002
1008,7,1,24.365000000000002
1008,8,1,24.365000000000002
1008,9,1,24.365000000000002
1008,10,1,24.365000000000002
1008,12,1,24.365000000000002
1008,32,1,24.365000000000002
1008,33,1,24.365000000000002
1008,34,1,24.365000000000002
1008,35,1,24.365000000000002
1008,36,1,24.365000000000002
1009,1,1,22.86
1009,2,1,22.86
1009,3,1,22.86
1009,4,1,22.86
1009,5,1,22.86
1009,6,1,22.86
1009,7,1,22.86
1009,29,1,22.86
1009,30,1,22.86
1009,31,1,22.86
1009,32,1,22.86
1009,33,1,22.86
1009,34,1,22.86
1009,35,1,22.86
1009,36,1,22.86
1010,1,1,17.09
1010,2,1,17.09
1010,3,1,17.09
1010,4,1,17.09
1010,5,1,17.09
1010,6,1,17.09
1010,7,1,17.09
1010,8,1,17.09
1010,9,1,17.09
1010,10,1,17.09
1010,11,1,17.09
1010,12,1,17.09
1010,13,1,17.09
1010,14,1,17.09
1010,15,1,17.09
1010,46,1,16.84
1010,47,1,17.09
1010,48,1,17.09
1010,49,1,17.09
1010,50,1,16.84
1010,51,1,16.965
1010,52,1,17.09
1010,53,1,17.09
1010,54,1,16.965
1010,55,1,17.09
1010,56,1,17.09
1010,57,1,17.09
1010,58,1,17.09
1011,1,1,21.5975
1011,2,1,21.5975
1011,3,1,21.5975
1011,4,1,21.5975
1011,5,1,21.5975
1011,7,1,21.5975
1011,8,1,21.5975
1011,9,1,21.5975
1011,11,1,21.5975
1011,12,1,21.5975
1011,13,1,21.5975
1011,14,1,21.5975
1011,15,1,21.5975
1011,16,1,21.5975
1011,17,1,21.5975
1012,1,1,20.05
1012,2,1,20.05
1012,3,1,20.05
1012,4,1,20.05
1012,5,1,20.05
1012,6,1,20.05
1012,7,1,20.05
1012,8,1,20.05
1012,9,1,20.05
1012,10,1,20.05
1012,11,1,20.05
1012,13,1,20.05
1012,14,1,20.05
1012,38,1,20.05
1012,41,1,20.05
1013,1,1,25.205000000000002
1013,2,1,25.205000000000002
1013,3,1,25.205000000000002
1013,4,1,25.205000000000002
1013,5,1,25.205000000000002
1013,6,1,25.205000000000002
1013,7,1,25.205000000000002
1013,8,1,25.205000000000002
1013,29,1,25.205000000000002
1013,30,1,25.205000000000002
1013,31,1,25.205000000000002
1013,32,1,25.205000000000002
1013,33,1,25.205000000000002
1013,34,1,25.205000000000002
1013,35,1,25.205000000000002
1014,1,1,18.5775
1014,2,1,18.495
1014,3,1,18.5775
1014,4,1,18.495
1014,5,1,18.495
1014,6,1,18.495
1014,7,1,18.495
1014,8,1,18.495
1014,19,1,18.5775
1014,20,1,18.5775
1014,22,1,18.5775
1014,23,1,18.5775
1014,24,1,18.5775
1014,25,1,18.5775
1014,27,1,18.5775
1015,2,1,22.17
1015,3,1,22.17
1015,4,1,22.17
1015,6,1,22.17
1015,7,1,22.17
1015,8,1,22.17
1015,10,1,22.17
1015,11,1,22.17
1015,13,1,22.17
1015,14,1,22.17
1015,15,1,22.17
1015,16,1,22.17
1015,18,1,22.17
1015,19,1,22.17
1015,20,1,22.17
1016,1,1,24.759999999999998
1016,2,1,24.759999999999998
1016,3,1,24.759999999999998
1016,4,1,24.759999999999998
1016,5,1,24.759999999999998
1016,6,1,24.759999999999998
1016,7,1,24.759999999999998
1016,8,1,24.759999999999998
1016,9,1,24.759999999999998
1016,10,1,24.759999999999998
1016,11,1,24.759999999999998
1016,12,1,24.759999999999998
1016,13,1,24.759999999999998
1016,14,1,24.759999999999998
1016,15,1,24.759999999999998
1017,1,1,22.665
1017,2,1,22.665
1017,3,1,22.665
1017,4,1,22.665
1017,5,1,22.665
1017,6,1,22.665
1017,7,1,22.665
1017,8,1,22.665
1017,9,1,22.665
1017,10,1,22.665
1017,31,1,22.665
1017,32,1,22.665
1017,33,1,22.665
1017,35,1,22.665
1017,37,1,22.665
1018,1,1,12.3475
1018,2,1,12.3475
1018,3,1,12.3475
1018,4,1,12.3475
1018,5,1,12.3475
1018,6,1,12.3475
1018,7,1,12.3475
1018,8,1,12.3475
1018,9,1,12.3475
1018,11,1,12.3475
1018,14,1,12.3475
1018,15,1,12.3475
1018,34,1,12.3475
1018,37,1,12.3475
1018,40,1,12.3475
1019,1,1,22.2025
1019,3,1,22.2025
1019,4,1,22.2025
1019,5,1,22.2025
1019,6,1,22.2025
1019,7,1,22.2025
1019,8,1,22.2025
1019,9,1,22.2025
1019,10,1,22.2025
1019,11,1,22.2025
1019,31,1,22.2025
1019,32,1,22.2025
1019,33,1,22.2025
1019,34,1,22.2025
1019,35,1,22.2025
1020,1,1,15.6775
1020,2,1,15.655000000000001
1020,3,1,15.655000000000001
1020,4,1,15.655000000000001
1020,5,1,15.655000000000001
1020,6,1,15.655000000000001
1020,7,1,15.655000000000001
1020,8,1,15.655000000000001
1020,9,1,15.655000000000001
1020,10,1,15.655000000000001
1020,31,1,15.655000000000001
1020,32,1,15.655000000000001
1020,33,1,15.655000000000001
1020,34,1,15.655000000000001
1020,35,1,15.655000000000001
1021,1,1,23.05
1021,2,1,23.05
1021,3,1,23.05
1021,4,1,23.05
1021,5,1,23.05
1021,6,1,23.05
1021,7,1,23.05
1021,28,1,23.05
1021,29,1,23.05
1021,30,1,23.05
1021,31,1,23.05
1021,32,1,23.05
1021,33,1,23.05
1021,34,1,23.05
1021,35,1,23.05
1022,1,1,12.105
1022,2,1,12.105
1022,3,1,12.105
1022,4,1,12.105
1022,5,1,12.105
1022,6,1,12.105
1022,7,1,12.105
1022,8,1,12.105
1022,9,1,12.105
1022,10,1,12.105
1022,31,1,12.19
1022,32,1,12.19
1022,33,1,12.105
1022,34,1,12.105
1022,36,1,12.105
1023,1,1,17.72
1023,2,1,17.72
1023,3,1,17.72
1023,4,1,17.72
1023,5,1,17.72
1023,6,1,17.72
1023,7,1,17.72
1023,8,1,17.72
1023,25,1,17.72
1023,26,1,17.72
1023,27,1,17.72
1023,28,1,17.72
1023,29,1,17.72
1023,30,1,17.72
1023,31,1,17.72
1024,1,1,17.14
1024,2,1,17.14
1024,3,1,17.14
1024,4,1,17.14
1024,5,1,17.14
1024,6,1,17.14
1024,7,1,17.14
1024,8,1,17.14
1024,9,1,17.14
1024,21,1,17.14
1024,22,1,17.14
1024,23,1,17.435
1024,25,1,17.14
1024,26,1,17.14
1024,27,1,17.14
1025,1,1,23.91
1025,2,1,23.91
1025,3,1,23.91
1025,4,1,23.91
1025,5,1,23.91
1025,6,1,23.91
1025,7,1,23.91
1025,8,1,23.91
1025,9,1,23.91
1025,10,1,23.91
1025,31,1,23.91
1025,33,1,23.91
1025,34,1,23.91
1025,35,1,23.91
1025,36,1,23.91
1026,1,1,24.685000000000002
1026,2,1,24.685000000000002
1026,3,1,24.685000000000002
1026,4,1,24.685000000000002
1026,5,1,24.685000000000002
1026,6,1,24.685000000000002
1026,7,1,24.685000000000002
1026,8,1,24.685000000000002
1026,9,1,24.685000000000002
1026,10,1,24.685000000000002
1026,32,1,24.685000000000002
1026,33,1,24.685000000000002
1026,35,1,24.685000000000002
1026,36,1,24.685000000000002
1026,39,1,24.685000000000002
1027,1,1,27.240000000000002
1027,2,1,26.95
1027,3,1,26.95
1027,4,1,26.95
1027,5,1,26.95
1027,6,1,26.95
1027,7,1,26.95
1027,8,1,26.95
1027,9,1,26.95
1027,10,1,26.95
1027,31,1,26.95
1027,32,1,26.95
1027,33,1,26.95
1027,34,1,26.95
1027,35,1,26.95
1028,1,1,22.615000000000002
1028,2,1,22.615000000000002
1028,3,1,22.615000000000002
1028,4,1,22.615000000000002
1028,5,1,22.615000000000002
1028,6,1,22.615000000000002
1028,7,1,22.615000000000002
1028,8,1,22.615000000000002
1028,9,1,22.615000000000002
1028,10,1,22.615000000000002
1028,31,1,22.615000000000002
1028,32,1,22.615000000000002
1028,33,1,22.615000000000002
1028,34,1,22.615000000000002
1028,35,1,22.615000000000002
1029,1,1,20.175
1029,2,1,20.175
1029,3,1,20.175
1029,4,1,20.175
1029,5,1,20.175
1029,6,1,20.18
1029,7,1,20.175
1029,8,1,20.175
1029,20,1,20.18
1029,21,1,20.18
1029,22,1,20.18
1029,23,1,20.18
1029,24,1,20.18
1029,25,1,20.18
1029,26,1,20.18
1030,1,1,23.38
1030,2,1,23.38
1030,3,1,23.38
1030,4,1,23.38
1030,5,1,23.38
1030,6,1,23.38
1030,7,1,23.38
1030,8,1,23.38
1030,9,1,23.38
1030,28,1,23.38
1030,30,1,23.38
1030,31,1,23.38
1030,33,1,23.38
1030,34,1,23.38
1030,35,1,23.38
1031,1,1,18.115000000000002
1031,2,1,18.115000000000002
1031,3,1,17.96
1031,4,1,18.115000000000002
1031,5,1,18.115000000000002
1031,6,1,18.115000000000002
1031,7,1,17.96
1031,8,1,18.115000000000002
1031,9,1,18.115000000000002
1031,10,1,17.96
1031,31,1,18.115000000000002
1031,32,1,18.115000000000002
1031,33,1,18.115000000000002
1031,34,1,18.115000000000002
1031,35,1,18.115000000000002
1032,2,1,13.645
1032,3,1,13.645
1032,4,1,13.645
1032,6,1,13.645
1032,7,1,13.645
1032,8,1,13.645
1032,10,1,13.645
1032,12,1,13.645
1032,14,1,13.645
1032,15,1,13.645
1032,16,1,13.645
1032,17,1,13.645
1032,19,1,13.645
1032,20,1,13.645
1032,21,1,13.645
3,1,1,23.270000000000003
3,4,1,23.355
3,5,1,23.355
3,6,1,23.365000000000002
3,7,1,23.275
3,8,1,23.355
3,10,1,23.365000000000002
3,11,1,23.275
3,12,1,23.275
3,14,1,23.415
3,15,1,23.275
3,16,1,23.270000000000003
3,17,1,23.275
3,19,1,23.275
3,20,1,23.275
3,21,1,23.275
3,25,1,23.275
3,30,1,23.365000000000002
3,34,1,23.365000000000002
4,1,1,24.54
4,2,1,24.54
4,3,1,24.97
4,4,1,24.97
4,5,1,24.54
4,6,1,24.54
4,7,1,24.54
4,8,1,24.97
4,9,1,24.54
4,10,1,24.54
4,11,1,24.97
4,22,1,24.97
4,23,1,24.54
4,24,1,24.97
4,25,1,24.97
11,1,1,23.345
11,2,1,23.345
11,3,1,23.28
11,4,1,23.345
11,5,1,23.345
11,6,1,23.345
11,7,1,23.28
11,8,1,23.345
11,9,1,23.345
11,10,1,23.345
11,11,1,23.28
11,12,1,23.28
11,13,1,23.345
11,14,1,23.28
11,16,1,23.28
18,2,1,26.759999999999998
18,3,1,26.759999999999998
18,4,1,26.759999999999998
18,5,1,26.759999999999998
18,6,1,26.759999999999998
18,7,1,26.759999999999998
18,8,1,26.759999999999998
18,18,1,26.759999999999998
18,19,1,26.759999999999998
18,20,1,26.759999999999998
18,21,1,26.759999999999998
18,22,1,26.759999999999998
18,24,1,26.759999999999998
18,25,1,26.759999999999998
18,26,1,26.759999999999998
99,1,1,25.66
99,2,1,25.66
99,3,1,25.66
99,14,1,25.41
99,15,1,25.41
99,16,1,25.41
99,17,1,25.41
99,18,1,25.41
99,19,1,25.41
99,20,1,25.41
99,21,1,25.41
99,22,1,25.41
99,23,1,25.41
99,24,1,25.41
99,25,1,25.41
99,36,1,25.66
99,37,1,25.674999999999997
99,38,1,25.674999999999997
99,39,1,25.66
100,2,1,25.655
100,3,1,25.655
100,4,1,25.655
100,5,1,25.655
100,6,1,25.655
100,7,1,25.655
100,8,1,25.655
100,10,1,25.655
100,11,1,25.655
100,12,1,25.655
100,13,1,25.655
100,14,1,25.655
100,15,1,25.655
100,16,1,25.655
100,17,1,25.655
136,1,1,27.485
136,2,1,27.485
136,3,1,27.485
136,4,1,27.485
136,5,1,27.485
136,6,1,27.485
136,7,1,27.485
136,8,1,27.485
136,9,1,27.485
136,10,1,27.485
136,11,1,27.485
136,12,1,27.485
136,13,1,27.485
136,14,1,27.485
136,15,1,27.485
146,1,1,25.939999999999998
146,2,1,25.939999999999998
146,3,1,25.905
146,4,1,25.939999999999998
146,10,1,25.895000000000003
146,11,1,25.895000000000003
146,12,1,25.939999999999998
146,13,1,25.939999999999998
146,19,1,25.939999999999998
146,20,1,25.939999999999998
146,21,1,25.939999999999998
146,27,1,25.895000000000003
146,28,1,25.895000000000003
146,29,1,25.895000000000003
146,30,1,25.895000000000003
147,1,1,25.415
147,1,2,24.080000000000002
147,2,1,25.415
147,2,2,24.080000000000002
147,3,1,25.415
147,3,2,24.080000000000002
147,4,1,25.415
147,4,2,24.080000000000002
147,5,1,25.415
147,5,2,24.080000000000002
147,6,1,25.415
147,6,2,24.080000000000002
147,7,1,25.53
147,7,2,24.06
147,8,1,25.53
147,8,2,24.06
147,9,1,25.415
147,9,2,24.080000000000002
147,10,1,25.415
147,10,2,24.080000000000002
147,11,1,25.53
147,11,2,24.06
147,12,1,25.415
147,12,2,24.080000000000002
147,13,1,25.415
147,13,2,24.080000000000002
147,14,1,25.415
147,14,2,24.080000000000002
147,15,1,25.415
147,15,2,24.080000000000002
148,1,1,20.744999999999997
148,1,2,22.585
148,2,1,20.4
148,2,2,22.78
148,3,1,20.73
148,3,2,22.825000000000003
148,4,1,20.450000000000003
148,4,2,22.564999999999998
148,5,1,20.744999999999997
148,5,2,22.585
148,6,1,20.4
148,6,2,22.78
148,7,1,20.58
148,7,2,22.905
148,8,1,20.450000000000003
148,8,2,22.564999999999998
148,9,1,20.450000000000003
148,9,2,22.564999999999998
148,10,1,20.450000000000003
148,10,2,22.564999999999998
148,11,1,20.4
148,11,2,22.78
148,12,1,20.450000000000003
148,12,2,22.564999999999998
148,13,1,20.450000000000003
148,13,2,22.564999999999998
148,14,1,20.4
148,14,2,22.78
148,15,1,20.58
148,15,2,22.905
166,1,1,26.975
166,2,1,26.975
166,3,1,26.975
166,4,1,26.975
166,5,1,26.975
166,6,1,26.975
166,7,1,26.975
166,8,1,26.975
166,9,1,26.975
166,10,1,26.975
166,11,1,26.975
166,12,1,26.975
166,13,1,26.975
166,14,1,26.975
166,15,1,26.975
167,1,1,25.035
167,2,1,24.835
167,3,1,24.835
167,4,1,25.009999999999998
167,5,1,25.035
167,6,1,25.035
167,7,1,24.835
167,8,1,25.009999999999998
167,9,1,25.035
167,10,1,24.835
167,11,1,25.035
167,12,1,24.835
167,13,1,25.035
167,14,1,25.035
167,15,1,25.009999999999998
184,1,1,28.955
184,2,1,28.955
184,3,1,28.955
184,4,1,28.955
184,5,1,28.955
184,6,1,28.955
184,7,1,28.955
184,8,1,28.955
184,9,1,28.955
184,10,1,28.955
184,11,1,28.955
184,12,1,28.955
184,13,1,28.955
184,14,1,28.955
184,15,1,28.955
186,1,1,24.215
186,2,1,24.215
186,3,1,24.215
186,4,1,24.215
186,5,1,24.215
186,6,1,24.215
186,7,1,24.215
186,8,1,24.215
186,9,1,24.215
186,10,1,24.215
186,11,1,24.215
186,12,1,24.095
186,13,1,24.215
186,14,1,24.095
186,15,1,24.215
190,1,1,21.064999999999998
190,2,1,21.064999999999998
190,3,1,21.064999999999998
190,4,1,21.064999999999998
190,5,1,21.064999999999998
190,6,1,21.064999999999998
190,7,1,21.064999999999998
190,8,1,21.064999999999998
190,9,1,21.064999999999998
190,10,1,21.064999999999998
190,31,1,21.064999999999998
190,32,1,21.064999999999998
190,33,1,21.064999999999998
190,34,1,21.064999999999998
190,35,1,21.064999999999998
206,1,1,13.57
206,2,1,13.57
206,3,1,13.57
206,4,1,13.57
206,5,1,13.57
206,6,1,13.57
206,7,1,13.57
206,9,1,13.57
206,10,1,13.57
206,11,1,13.57
206,12,1,13.57
206,13,1,13.57
206,14,1,13.57
206,15,1,13.52
206,16,1,13.52
13,1,1,21.555
13,2,1,21.555
13,3,1,21.555
13,5,1,21.555
13,6,1,21.555
13,7,1,21.555
13,8,1,21.555
13,9,1,21.555
13,10,1,21.555
13,11,1,21.555
13,12,1,21.555
13,13,1,21.555
13,14,1,21.555
13,15,1,21.555
13,34,1,21.555
17,1,1,20.585
17,2,1,20.585
17,3,1,20.585
17,4,1,20.585
17,5,1,20.585
17,6,1,20.585
17,7,1,20.585
17,8,1,20.585
17,9,1,20.585
17,10,1,20.585
17,11,1,20.585
17,12,1,20.585
17,13,1,20.585
17,14,1,20.585
17,15,1,20.585
46,1,1,13.395
46,4,1,13.395
46,5,1,13.395
46,7,1,13.395
46,8,1,13.395
46,9,1,13.395
46,10,1,13.395
46,11,1,13.395
46,12,1,13.395
46,15,1,13.395
46,18,1,13.395
46,19,1,13.395
46,28,1,13.395
46,31,1,13.395
46,32,1,13.395
47,1,1,20.94333333333333
47,2,1,20.94333333333333
47,3,1,20.94333333333333
47,4,1,20.94333333333333
47,11,1,20.94333333333333
47,16,1,20.94333333333333
47,17,1,20.94333333333333
47,18,1,20.94333333333333
47,19,1,20.94333333333333
47,21,1,20.94333333333333
47,23,1,20.94333333333333
47,24,1,20.94333333333333
47,26,1,20.94333333333333
47,27,1,20.94333333333333
47,28,1,20.94333333333333
49,2,1,19.105
49,3,1,19.105
49,4,1,19.105
49,5,1,19.105
49,6,1,19.105
49,7,1,19.105
49,8,1,19.105
49,9,1,19.105
49,10,1,19.105
49,11,1,19.105
49,12,1,19.105
49,13,1,19.105
49,15,1,19.105
49,21,1,19.105
49,35,1,19.105
54,1,1,23.905
54,2,1,23.905
54,3,1,23.905
54,4,1,23.905
54,5,1,23.905
54,16,1,23.905
54,18,1,23.905
54,19,1,23.905
54,20,1,23.905
54,21,1,23.905
54,22,1,23.905
54,23,1,23.905
54,24,1,23.905
54,25,1,23.905
54,26,1,23.905
55,1,1,19.189999999999998
55,2,1,19.189999999999998
55,3,1,19.189999999999998
55,5,1,19.189999999999998
55,6,1,19.189999999999998
55,7,1,19.189999999999998
55,8,1,19.189999999999998
55,9,1,19.189999999999998
55,10,1,19.189999999999998
55,11,1,19.189999999999998
55,12,1,19.189999999999998
55,13,1,19.189999999999998
55,14,1,19.189999999999998
55,15,1,19.189999999999998
55,16,1,19.189999999999998
67,1,1,20.990000000000002
67,2,1,20.990000000000002
67,3,1,20.990000000000002
67,4,1,20.990000000000002
67,5,1,20.990000000000002
67,6,1,20.990000000000002
67,7,1,20.990000000000002
67,8,1,20.990000000000002
67,9,1,20.990000000000002
67,10,1,20.990000000000002
67,11,1,20.990000000000002
67,12,1,20.990000000000002
67,13,1,20.990000000000002
67,14,1,20.990000000000002
67,15,1,20.990000000000002
68,2,1,20.990000000000002
68,4,1,20.575
68,5,1,20.990000000000002
68,6,1,20.575
68,7,1,20.990000000000002
68,8,1,20.575
68,9,1,20.990000000000002
68,10,1,20.990000000000002
68,11,1,20.990000000000002
68,13,1,20.990000000000002
68,17,1,20.575
68,25,1,20.990000000000002
68,27,1,20.990000000000002
68,29,1,20.990000000000002
68,34,1,20.990000000000002
69,1_lacustrine,1,25.372682926829267
69,2_lacustrine,1,25.030243902439025
69,3_lacustrine,1,25.030243902439025
69,4_lacustrine,1,25.303658536585367
69,5_lacustrine,1,25.372682926829267
69,6_lacustrine,1,25.030243902439025
69,7_lacustrine,1,25.23560975609756
69,8_lacustrine,1,25.303658536585367
69,9_lacustrine,1,25.303658536585367
69,10_lacustrine,1,25.030243902439025
69,11_lacustrine,1,25.303658536585367
69,12_lacustrine,1,25.23560975609756
69,14_lacustrine,1,25.030243902439025
69,15_lacustrine,1,25.030243902439025
69,16_lacustrine,1,25.303658536585367
69,17_lacustrine,1,25.030243902439025
69,18_lacustrine,1,25.23560975609756
69,19_lacustrine,1,25.303658536585367
69,20_lacustrine,1,25.030243902439025
69,21_lacustrine,1,25.303658536585367
69,22_lacustrine,1,25.372682926829267
69,23_lacustrine,1,25.030243902439025
69,24_lacustrine,1,25.030243902439025
69,26_lacustrine,1,25.030243902439025
69,30_lacustrine,1,25.303658536585367
69,1_riverine,1,24.961951219512194
69,2_riverine,1,24.961951219512194
69,3_riverine,1,24.961951219512194
69,4_riverine,1,24.961951219512194
69,5_riverine,1,24.961951219512194
69,6_riverine,1,24.961951219512194
69,7_riverine,1,24.961951219512194
69,8_riverine,1,24.961951219512194
69,9_riverine,1,24.961951219512194
69,10_riverine,1,24.961951219512194
69,11_riverine,1,24.961951219512194
69,12_riverine,1,24.961951219512194
69,13_riverine,1,24.961951219512194
69,14_riverine,1,24.961951219512194
69,15_riverine,1,24.961951219512194
69,1_transitional,1,24.733414634146342
69,2_transitional,1,24.733414634146342
69,3_transitional,1,24.66951219512195
69,4_transitional,1,24.768048780487806
69,5_transitional,1,24.733414634146342
69,6_transitional,1,24.733414634146342
69,7_transitional,1,24.768048780487806
69,8_transitional,1,24.768048780487806
69,9_transitional,1,24.733414634146342
69,10_transitional,1,24.733414634146342
69,11_transitional,1,24.768048780487806
69,12_transitional,1,24.66951219512195
69,13_transitional,1,24.733414634146342
69,14_transitional,1,24.733414634146342
69,15_transitional,1,24.733414634146342
70,1_lacustrine,1,23.85157894736842
70,2_lacustrine,1,23.85157894736842
70,3_lacustrine,1,23.67
70,4_lacustrine,1,23.67
70,5_lacustrine,1,23.85157894736842
70,6_lacustrine,1,23.85157894736842
70,7_lacustrine,1,23.67
70,8_lacustrine,1,23.67
70,9_lacustrine,1,23.85157894736842
70,10_lacustrine,1,23.67
70,11_lacustrine,1,23.67
70,12_lacustrine,1,23.67
70,13_lacustrine,1,23.85157894736842
70,14_lacustrine,1,22.92105263157895
70,15_lacustrine,1,23.67
70,1_riverine,1,24.743157894736843
70,2_riverine,1,24.743157894736843
70,3_riverine,1,24.743157894736843
70,4_riverine,1,24.743157894736843
70,5_riverine,1,24.743157894736843
70,6_riverine,1,24.743157894736843
70,7_riverine,1,24.743157894736843
70,8_riverine,1,24.743157894736843
70,9_riverine,1,24.743157894736843
70,10_riverine,1,24.743157894736843
70,11_riverine,1,24.743157894736843
70,12_riverine,1,24.743157894736843
70,13_riverine,1,24.743157894736843
70,14_riverine,1,24.743157894736843
70,15_riverine,1,24.743157894736843
70,1_transitional,1,23.7
70,2_transitional,1,23.7
70,3_transitional,1,23.7
70,4_transitional,1,23.7
70,5_transitional,1,23.7
70,6_transitional,1,23.7
70,7_transitional,1,23.7
70,8_transitional,1,23.7
70,9_transitional,1,23.7
70,10_transitional,1,23.7
70,12_transitional,1,23.7
70,13_transitional,1,23.7
70,14_transitional,1,23.7
70,15_transitional,1,23.7
70,25_transitional,1,23.7
71,1,1,17.443333333333335
71,2,1,17.443333333333335
71,3,1,17.443333333333335
71,4,1,17.443333333333335
71,5,1,17.443333333333335
71,6,1,17.443333333333335
71,7,1,17.443333333333335
71,8,1,17.443333333333335
71,9,1,17.443333333333335
71,10,1,17.443333333333335
71,11,1,17.443333333333335
71,12,1,17.443333333333335
71,13,1,17.443333333333335
71,14,1,17.443333333333335
71,15,1,17.443333333333335
72,2,1,17.645
72,5,1,17.645
72,6,1,17.645
72,7,1,17.645
72,9,1,17.645
72,10,1,17.645
72,11,1,17.645
72,12,1,17.645
72,13,1,17.645
72,14,1,17.645
72,15,1,17.645
72,22,1,17.645
72,23,1,17.645
72,32,1,17.645
72,35,1,17.645
75,1,1,25.380000000000003
75,2,1,25.380000000000003
75,3,1,25.380000000000003
75,4,1,25.380000000000003
75,5,1,25.380000000000003
75,6,1,25.380000000000003
75,7,1,25.380000000000003
75,8,1,25.380000000000003
75,9,1,25.380000000000003
75,10,1,25.380000000000003
75,11,1,25.380000000000003
75,12,1,25.380000000000003
75,13,1,25.380000000000003
75,14,1,25.380000000000003
75,15,1,25.380000000000003
76,1,1,29.200000000000003
76,2,1,29.08
76,3,1,29.200000000000003
76,4,1,29.200000000000003
76,5,1,29.08
76,6,1,29.08
76,7,1,29.200000000000003
76,8,1,29.200000000000003
76,9,1,29.08
76,10,1,29.200000000000003
76,11,1,29.08
76,12,1,29.08
76,13,1,29.08
76,14,1,29.200000000000003
76,15,1,29.200000000000003
77,1,1,26.66
77,2,1,26.66
77,3,1,26.66
77,4,1,26.66
77,5,1,26.66
77,6,1,26.66
77,7,1,26.66
77,8,1,26.66
77,9,1,26.66
77,10,1,26.66
77,11,1,26.66
77,12,1,26.66
77,13,1,26.66
77,14,1,26.66
77,15,1,26.66
78,2,1,27.215
78,3,1,27.215
78,4,1,27.215
78,5,1,27.215
78,7,1,27.215
78,8,1,27.215
78,10,1,27.215
78,11,1,27.215
78,12,1,27.215
78,15,1,27.215
78,18,1,27.215
78,19,1,27.215
78,24,1,27.215
78,27,1,27.215
78,29,1,27.215
79,1,1,25.18
79,3,1,25.18
79,4,1,25.18
79,5,1,25.18
79,6,1,25.18
79,7,1,25.18
79,8,1,25.18
79,9,1,25.18
79,10,1,25.18
79,11,1,25.18
79,12,1,25.18
79,13,1,25.18
79,14,1,25.18
79,15,1,25.18
79,16,1,25.18
83,1,1,16.283333333333335
83,2,1,15.82
83,3,1,15.983333333333334
83,4,1,15.82
83,5,1,15.966666666666667
83,6,1,16.34
83,7,1,15.82
83,8,1,15.82
83,9,1,15.82
83,10,1,15.82
83,11,1,15.82
83,12,1,15.82
83,13,1,15.966666666666667
83,14,1,15.82
83,15,1,15.82
83,16,1,15.82
83,17,1,15.966666666666667
83,18,1,16.34
83,19,1,15.82
83,20,1,15.74
101,1,1,24.405
101,2,1,24.405
101,3,1,24.405
101,4,1,24.405
101,5,1,24.405
101,6,1,24.405
101,7,1,24.405
101,8,1,24.405
101,9,1,24.405
101,10,1,24.405
101,11,1,24.405
101,12,1,24.405
101,13,1,24.405
101,14,1,24.405
101,15,1,24.405
103,2,1,20.376666666666665
103,4,1,20.376666666666665
103,5,1,20.376666666666665
103,6,1,20.376666666666665
103,7,1,20.376666666666665
103,8,1,20.376666666666665
103,10,1,20.376666666666665
103,11,1,20.376666666666665
103,12,1,20.376666666666665
103,14,1,20.376666666666665
103,15,1,20.376666666666665
103,17,1,20.376666666666665
103,18,1,20.376666666666665
103,23,1,20.376666666666665
103,31,1,20.376666666666665
116,1,1,21.115000000000002
116,2,1,21.115000000000002
116,3,1,21.115000000000002
116,4,1,21.115000000000002
116,5,1,21.115000000000002
116,6,1,21.115000000000002
116,7,1,21.115000000000002
116,8,1,21.115000000000002
116,9,1,21.115000000000002
116,10,1,21.115000000000002
116,11,1,21.115000000000002
116,12,1,21.115000000000002
116,13,1,21.115000000000002
116,14,1,21.115000000000002
116,15,1,21.115000000000002
149,1,1,27.96666666666667
149,2,1,27.723333333333333
149,3,1,27.723333333333333
149,4,1,27.723333333333333
149,5,1,27.723333333333333
149,6,1,27.723333333333333
149,7,1,27.723333333333333
149,8,1,27.723333333333333
149,9,1,27.723333333333333
149,10,1,27.723333333333333
149,31,1,27.96666666666667
149,32,1,27.96666666666667
149,33,1,27.96666666666667
149,34,1,27.96666666666667
149,35,1,27.96666666666667
155,1,1,28.37
155,2,1,28.37
155,3,1,28.37
155,4,1,28.37
155,5,1,28.37
155,16,1,28.37
155,17,1,28.37
155,18,1,28.37
155,19,1,28.37
155,20,1,28.37
155,21,1,28.37
155,22,1,28.37
155,23,1,28.37
155,24,1,28.37
155,25,1,28.37
157,1,1,21.615
157,2,1,21.615
157,3,1,21.615
157,4,1,21.615
157,5,1,21.615
157,6,1,21.615
157,7,1,21.615
157,8,1,21.615
157,10,1,21.615
157,11,1,21.615
157,13,1,21.615
157,14,1,21.615
157,15,1,21.615
157,16,1,21.615
157,17,1,21.615
159,1,1,25.54
159,2,1,25.54
159,3,1,25.54
159,4,1,25.54
159,5,1,25.54
159,6,1,25.54
159,7,1,25.54
159,8,1,25.54
159,9,1,25.54
159,10,1,25.54
159,11,1,25.54
159,12,1,25.54
159,13,1,25.54
159,14,1,25.54
159,15,1,25.54
165,5,1,22.225
165,6,1,22.225
165,7,1,22.225
165,9,1,22.225
165,10,1,22.225
165,13,1,22.225
165,15,1,22.225
165,18,1,22.225
165,19,1,22.225
165,21,1,22.225
165,26,1,22.225
165,28,1,22.225
165,29,1,22.225
165,32,1,22.225
165,33,1,22.225
188,1,1,24.93
188,2,1,24.93
188,3,1,24.955
188,4,1,24.93
188,5,1,24.93
188,6,1,24.93
188,7,1,24.955
188,8,1,24.93
188,9,1,24.93
188,10,1,24.93
188,11,1,24.93
188,12,1,24.955
188,13,1,24.93
188,14,1,24.955
188,15,1,24.93
191,1,1,4.45
191,2,1,4.45
191,3,1,4.45
191,4,1,4.45
191,5,1,4.45
191,6,1,4.45
191,7,1,4.45
191,8,1,4.45
191,9,1,4.45
191,10,1,4.45
191,11,1,4.45
191,12,1,4.45
191,13,1,4.45
191,14,1,4.45
191,15,1,4.45
195,1,1,27.575000000000003
195,2,1,27.575000000000003
195,3,1,27.575000000000003
195,6,1,27.575000000000003
195,7,1,27.575000000000003
195,8,1,27.575000000000003
195,11,1,27.575000000000003
195,12,1,27.575000000000003
195,13,1,27.575000000000003
195,14,1,27.575000000000003
195,15,1,27.575000000000003
195,18,1,27.575000000000003
195,19,1,27.575000000000003
195,24,1,27.575000000000003
195,28,1,27.575000000000003
204,2,1,21.54
204,3,1,21.54
204,4,1,21.54
204,5,1,21.54
204,6,1,21.54
204,7,1,21.54
204,8,1,21.54
204,9,1,21.54
204,10,1,21.54
204,11,1,21.54
204,12,1,21.54
204,13,1,21.54
204,14,1,21.54
204,15,1,21.54
204,16,1,21.54
205,3,1,19.924999999999997
205,4,1,19.924999999999997
205,5,1,19.924999999999997
205,6,1,19.924999999999997
205,7,1,19.924999999999997
205,10,1,19.924999999999997
205,11,1,19.924999999999997
205,12,1,19.924999999999997
205,13,1,19.924999999999997
205,14,1,19.924999999999997
205,15,1,19.924999999999997
205,16,1,19.924999999999997
205,18,1,19.924999999999997
205,19,1,19.924999999999997
205,20,1,19.924999999999997
207,1,1,16.235
207,2,1,16.235
207,3,1,16.235
207,4,1,16.235
207,5,1,16.235
207,6,1,16.235
207,7,1,16.235
207,8,1,16.235
207,9,1,16.235
207,20,1,16.235
207,21,1,16.235
207,22,1,16.235
207,23,1,16.235
207,24,1,16.235
207,25,1,16.235
208,1,1,11.105
208,2,1,11.105
208,3,1,11.105
208,4,1,11.105
208,5,1,11.105
208,6,1,11.105
208,7,1,11.105
208,8,1,11.105
208,9,1,11.105
208,10,1,11.105
208,11,1,11.105
208,12,1,11.105
208,13,1,11.105
208,14,1,11.105
208,15,1,11.105
209,2,1,14.57
209,3,1,14.57
209,4,1,14.57
209,6,1,14.57
209,7,1,14.57
209,8,1,14.57
209,9,1,14.57
209,10,1,14.57
209,11,1,14.57
209,12,1,14.57
209,13,1,14.57
209,14,1,14.57
209,15,1,14.57
209,16,1,14.57
209,17,1,14.57
210,1,1,22.44
210,2,1,22.44
210,3,1,22.115000000000002
210,4,1,22.115000000000002
210,5,1,22.44
210,6,1,22.44
210,7,1,22.115000000000002
210,8,1,22.115000000000002
210,10,1,22.44
210,11,1,22.44
210,12,1,22.115000000000002
210,13,1,22.44
210,23,1,22.44
210,24,1,22.44
210,25,1,22.44
211,2,1,16.42
211,4,1,16.42
211,6,1,16.42
211,7,1,16.42
211,8,1,16.42
211,10,1,16.42
211,12,1,16.42
211,14,1,16.42
211,15,1,16.42
211,16,1,16.42
211,17,1,16.42
211,18,1,16.42
211,19,1,16.42
211,20,1,16.42
211,22,1,16.42
214,1,1,24.82
214,2,1,24.82
214,3,1,24.82
214,4,1,24.82
214,5,1,24.82
214,6,1,24.82
214,8,1,24.82
214,9,1,24.82
214,10,1,24.82
214,12,1,24.82
214,13,1,24.82
214,15,1,24.82
214,18,1,24.82
214,19,1,24.82
214,30,1,24.82
230,1,1,30.43
230,2,1,30.43
230,3,1,30.43
230,4,1,30.43
230,5,1,30.43
230,6,1,30.43
230,7,1,30.43
230,8,1,30.43
230,9,1,30.43
230,10,1,30.43
230,11,1,30.43
230,12,1,30.43
230,13,1,30.43
230,14,1,30.43
230,15,1,30.43
231,1,1,25.725
231,2,1,25.725
231,3,1,25.725
231,4,1,25.725
231,5,1,25.725
231,6,1,25.725
231,7,1,25.725
231,18,1,25.725
231,19,1,25.725
231,20,1,25.725
231,21,1,25.725
231,22,1,25.725
231,23,1,25.725
231,24,1,25.725
231,25,1,25.725
232,1,1,23.509999999999998
232,2,1,23.509999999999998
232,4,1,23.509999999999998
232,5,1,23.509999999999998
232,7,1,23.509999999999998
232,8,1,23.509999999999998
232,9,1,23.509999999999998
232,10,1,23.525
232,12,1,23.509999999999998
232,13,1,23.509999999999998
232,14,1,23.509999999999998
232,15,1,23.509999999999998
232,20,1,23.509999999999998
232,26,1,23.509999999999998
232,32,1,23.509999999999998
233,2,1,26.369999999999997
233,3,1,26.369999999999997
233,4,1,26.369999999999997
233,5,1,26.369999999999997
233,6,1,26.369999999999997
233,16,1,26.369999999999997
233,17,1,26.369999999999997
233,18,1,26.369999999999997
233,19,1,26.369999999999997
233,20,1,26.369999999999997
233,21,1,26.369999999999997
233,22,1,26.369999999999997
233,23,1,26.369999999999997
233,24,1,26.369999999999997
233,25,1,26.369999999999997
234,1,1,15.120000000000001
234,3,1,15.120000000000001
234,4,1,15.120000000000001
234,14,1,15.120000000000001
234,15,1,15.120000000000001
234,16,1,15.120000000000001
234,17,1,15.120000000000001
234,18,1,15.120000000000001
234,19,1,15.120000000000001
234,20,1,15.120000000000001
234,21,1,15.120000000000001
234,22,1,15.120000000000001
234,23,1,15.120000000000001
234,24,1,15.120000000000001
234,25,1,15.120000000000001
235,1,1,18.22
235,2,1,18.22
235,3,1,18.22
235,4,1,18.22
235,15,1,18.22
235,16,1,18.22
235,17,1,18.22
235,18,1,18.22
235,19,1,18.22
235,20,1,18.22
235,21,1,18.22
235,22,1,18.22
235,23,1,18.22
235,24,1,18.22
235,26,1,18.22
236,1,1,28.775
236,2,1,28.775
236,3,1,28.775
236,4,1,28.775
236,5,1,28.775
236,6,1,28.775
236,7,1,28.775
236,8,1,28.775
236,9,1,28.775
236,10,1,28.775
236,11,1,28.775
236,12,1,28.775
236,14,1,28.775
236,15,1,28.775
236,16,1,28.775
237,2,1,27.18
237,4,1,27.18
237,5,1,27.18
237,6,1,27.18
237,7,1,27.18
237,8,1,27.18
237,11,1,27.18
237,12,1,27.18
237,15,1,27.18
237,16,1,27.18
237,17,1,27.18
237,18,1,27.18
237,19,1,27.18
237,20,1,27.18
237,21,1,27.18
240,1,1,29.05
240,2,1,29.05
240,3,1,29.05
240,4,1,29.05
240,5,1,29.05
240,6,1,29.05
240,7,1,29.05
240,8,1,29.05
240,10,1,29.05
240,11,1,29.05
240,12,1,29.05
240,13,1,29.05
240,14,1,29.05
240,15,1,29.05
240,16,1,29.05
247,1,1,18.333333333333332
247,2,1,18.333333333333332
247,3,1,18.71666666666667
247,4,1,18.333333333333332
247,5,1,18.333333333333332
247,6,1,18.333333333333332
247,7,1,18.71666666666667
247,8,1,18.333333333333332
247,9,1,18.333333333333332
247,10,1,18.71666666666667
247,11,1,18.71666666666667
247,12,1,18.333333333333332
247,13,1,18.333333333333332
247,14,1,18.71666666666667
247,15,1,18.71666666666667
250,1,1,28.65
250,2,1,28.65
250,2,2,23.259999999999998
250,3,2,23.259999999999998
250,3,1,28.65
250,4,1,28.65
250,4,2,23.259999999999998
250,5,1,28.65
250,6,1,28.65
250,7,1,28.65
250,7,2,23.259999999999998
250,8,1,28.65
250,8,2,23.259999999999998
250,9,1,28.65
250,10,1,28.65
250,10,2,23.259999999999998
250,11,1,28.65
250,11,2,23.259999999999998
250,12,1,28.65
250,12,2,23.259999999999998
250,13,1,28.65
250,13,2,23.259999999999998
250,14,1,28.65
250,14,2,23.259999999999998
250,15,1,28.65
250,15,2,23.259999999999998
250,17,2,23.259999999999998
250,18,2,23.259999999999998
250,20,2,23.259999999999998
250,21,2,23.259999999999998
264,2,1,22.770000000000003
264,3,1,22.770000000000003
264,4,1,22.770000000000003
264,5,1,22.770000000000003
264,6,1,22.770000000000003
264,7,1,22.770000000000003
264,8,1,22.770000000000003
264,10,1,22.770000000000003
264,11,1,22.770000000000003
264,12,1,22.770000000000003
264,13,1,22.770000000000003
264,15,1,22.770000000000003
264,16,1,22.770000000000003
264,17,1,22.770000000000003
264,18,1,22.770000000000003
276,2,1,26.645
276,3,1,26.645
276,4,1,26.645
276,6,1,26.645
276,7,1,26.645
276,8,1,26.645
276,10,1,26.645
276,11,1,26.645
276,12,1,26.645
276,15,1,26.645
276,16,1,26.645
276,17,1,26.645
276,18,1,26.645
276,19,1,26.645
276,20,1,26.645
281,1,1,26.775
281,1,2,23.035
281,2,1,26.775
281,2,2,23.035
281,3,1,26.775
281,3,2,23.035
281,4,1,26.775
281,4,2,23.035
281,5,1,26.775
281,5,2,23.035
281,6,1,26.775
281,6,2,23.035
281,7,1,26.775
281,8,1,26.775
281,8,2,23.035
281,9,1,26.775
281,9,2,23.035
281,10,1,26.775
281,10,2,23.035
281,11,1,26.775
281,12,2,23.035
281,12,1,26.775
281,13,1,26.775
281,13,2,23.035
281,14,1,26.775
281,14,2,23.035
281,15,2,23.035
281,15,1,26.775
281,16,2,23.035
281,17,2,23.035
328,1,1,28.205
328,2,1,28.205
328,4,1,28.205
328,5,1,28.205
328,7,1,28.205
328,8,1,28.205
328,9,1,28.205
328,11,1,28.205
328,12,1,28.205
328,13,1,28.205
328,14,1,28.205
328,15,1,28.205
328,16,1,28.205
328,18,1,28.205
328,20,1,28.205
1,1,1,22.165
1,2,1,22.165
1,3,1,22.165
1,4,1,22.165
1,5,1,22.165
1,6,1,22.165
1,7,1,22.165
1,8,1,22.165
1,9,1,22.165
1,19,1,22.165
1,20,1,22.165
1,21,1,22.165
1,22,1,22.165
1,23,1,22.165
1,24,1,22.165
2,1,1,19.30666666666667
2,2,1,19.493333333333332
2,3,1,19.30666666666667
2,4,1,19.30666666666667
2,5,1,19.64333333333333
2,6,1,19.493333333333332
2,7,1,19.30666666666667
2,8,1,19.30666666666667
2,9,1,19.64333333333333
2,10,1,19.30666666666667
2,11,1,19.30666666666667
2,12,1,19.30666666666667
2,13,1,19.64333333333333
2,14,1,19.30666666666667
2,15,1,19.30666666666667
2,16,1,19.30666666666667
2,17,1,19.64333333333333
2,18,1,19.64333333333333
2,19,1,19.30666666666667
2,20,1,19.30666666666667
14,1,1,24.065
14,2,1,24.065
14,3,1,24.065
14,4,1,24.065
14,5,1,24.065
14,6,1,24.065
14,7,1,24.065
14,8,1,24.065
14,9,1,24.065
14,10,1,24.065
14,11,1,24.065
14,12,1,24.065
14,13,1,24.065
14,14,1,24.065
14,15,1,24.065
84,1,1,20.645
84,2,1,20.645
84,3,1,20.645
84,4,1,20.645
84,5,1,20.645
84,6,1,20.645
84,7,1,20.645
84,8,1,20.645
84,9,1,20.645
84,10,1,20.645
84,11,1,20.645
84,12,1,20.645
84,13,1,20.645
84,14,1,20.645
84,15,1,20.645
117,1,1,24.195
117,2,1,24.195
117,3,1,24.195
117,4,1,24.195
117,5,1,24.195
117,6,1,24.195
117,8,1,24.195
117,9,1,24.195
117,10,1,24.195
117,11,1,24.195
117,12,1,24.195
117,13,1,24.195
117,14,1,24.195
117,15,1,24.195
117,16,1,24.195
51,2,1,21.505000000000003
51,3,1,21.505000000000003
51,4,1,21.505000000000003
51,6,1,21.505000000000003
51,7,1,21.505000000000003
51,8,1,21.505000000000003
51,9,1,21.505000000000003
51,10,1,21.505000000000003
51,11,1,21.505000000000003
51,13,1,21.505000000000003
51,14,1,21.505000000000003
51,16,1,21.505000000000003
51,17,1,21.505000000000003
51,18,1,21.505000000000003
51,19,1,21.505000000000003
51,22,1,21.505000000000003
52,1,1,20.165
52,2,1,20.564999999999998
52,3,1,20.564999999999998
52,4,1,20.259999999999998
52,5,1,20.165
52,6,1,20.564999999999998
52,7,1,20.259999999999998
52,8,1,20.165
52,9,1,20.165
52,10,1,20.564999999999998
52,11,1,20.564999999999998
52,12,1,20.259999999999998
52,14,1,20.564999999999998
52,15,1,20.165
52,17,1,20.564999999999998
53,1,1,20.335
53,2,1,20.335
53,3,1,20.335
53,4,1,20.335
53,5,1,20.335
53,6,1,20.335
53,7,1,20.335
53,8,1,20.135
53,9,1,20.335
53,10,1,20.335
53,11,1,20.335
53,12,1,20.135
53,13,1,20.335
53,14,1,20.335
53,15,1,20.135
57,1,1,22.16
57,2,1,22.16
57,3,1,22.16
57,4,1,22.16
57,5,1,22.16
57,6,1,22.16
57,17,1,22.16
57,18,1,22.16
57,19,1,22.16
57,21,1,22.16
57,23,1,22.16
57,24,1,22.16
57,26,1,22.16
57,27,1,22.16
57,28,1,22.16
64,1,1,24.155
64,2,1,24.155
64,3,1,24.155
64,4,1,24.155
64,5,1,24.155
64,6,1,24.155
64,7,1,24.155
64,8,1,24.155
64,9,1,24.155
64,10,1,24.155
64,11,1,24.155
64,12,1,24.155
64,13,1,24.155
64,14,1,24.155
64,15,1,24.155
65,7,1,21.18
65,8,1,21.18
65,10,1,21.18
65,11,1,21.18
65,12,1,21.18
65,14,1,21.18
65,15,1,21.18
65,17,1,21.18
65,18,1,21.18
65,20,1,21.18
65,21,1,21.18
65,25,1,21.18
65,28,1,21.18
65,29,1,21.18
65,31,1,21.18
66,1,1,24.32
66,2,1,24.64
66,6,1,24.64
66,8,1,24.32
66,9,1,24.64
66,10,1,24.64
66,11,1,24.64
66,13,1,24.64
66,14,1,24.64
66,15,1,24.64
66,16,1,24.32
66,17,1,24.64
66,18,1,24.64
238,1,1,30.494999999999997
238,2,1,30.525
238,3,1,30.525
238,4,1,30.494999999999997
238,5,1,30.494999999999997
238,6,1,30.525
238,7,1,30.525
238,8,1,30.494999999999997
238,9,1,30.525
238,10,1,30.525
238,31,1,30.525
238,32,1,30.525
238,33,1,30.525
238,34,1,30.525
238,35,1,30.525
239,1,1,27.09
239,2,1,27.09
239,3,1,27.09
239,4,1,27.09
239,5,1,27.09
239,6,1,27.09
239,7,1,27.09
239,8,1,27.09
239,9,1,27.09
239,10,1,27.09
239,31,1,27.09
239,32,1,27.09
239,33,1,27.09
239,34,1,27.09
239,35,1,27.09
249,2,1,28.8
249,3,1,28.8
249,4,1,28.8
249,5,1,28.8
249,6,1,28.8
249,8,1,28.8
249,9,1,28.8
249,10,1,28.8
249,11,1,28.8
249,12,1,28.8
249,13,1,28.8
249,14,1,28.8
249,35,1,28.8
249,36,1,28.8
249,37,1,28.8
253,1,1,28.28
253,2,1,28.28
253,3,1,28.28
253,4,1,28.28
253,5,1,28.28
253,6,1,28.28
253,7,1,28.28
253,8,1,28.28
253,9,1,28.28
253,10,1,28.28
253,31,1,28.28
253,32,1,28.28
253,34,1,28.28
253,35,1,28.28
253,36,1,28.28
263,1,1,26.96
263,2,1,26.96
263,3,1,26.96
263,4,1,26.96
263,5,1,26.96
263,6,1,26.96
263,7,1,26.96
263,8,1,26.96
263,9,1,26.96
263,10,1,26.96
263,11,1,26.96
263,12,1,26.96
263,13,1,26.96
263,14,1,26.96
263,15,1,26.96
265,1,1,26.134999999999998
265,2,1,26.134999999999998
265,3,1,26.134999999999998
265,4,1,26.134999999999998
265,5,1,26.134999999999998
265,6,1,26.134999999999998
265,7,1,26.134999999999998
265,8,1,26.134999999999998
265,9,1,26.134999999999998
265,10,1,26.134999999999998
265,11,1,26.134999999999998
265,12,1,26.134999999999998
265,13,1,26.134999999999998
265,14,1,26.134999999999998
265,15,1,26.134999999999998
287,2,1,29.645
287,3,1,29.77
287,4,1,29.799999999999997
287,5,1,29.67
287,6,1,29.645
287,7,1,29.880000000000003
287,8,1,29.78
287,9,1,29.645
287,10,1,29.73
287,11,1,29.78
287,12,1,29.78
287,13,1,29.645
287,14,1,29.77
287,15,1,29.799999999999997
287,16,1,29.78
302,1,1,26.66
302,2,1,26.66
302,3,1,26.66
302,4,1,26.66
302,5,1,26.66
302,6,1,26.66
302,7,1,26.66
302,8,1,26.66
302,9,1,26.66
302,10,1,26.66
302,31,1,26.66
302,32,1,26.66
302,33,1,26.66
302,34,1,26.66
302,35,1,26.66
308,1,1,27.04
308,2,1,27.04
308,3,1,27.04
308,4,1,27.04
308,5,1,27.04
308,6,1,27.04
308,7,1,27.04
308,8,1,27.04
308,9,1,27.04
308,10,1,27.04
308,11,1,27.04
308,32,1,27.04
308,33,1,27.04
308,34,1,27.04
308,35,1,27.04
323,1,1,24.035
323,2,1,24.035
323,3,1,24.035
323,4,1,24.035
323,5,1,24.035
323,6,1,24.035
323,7,1,24.035
323,8,1,24.035
323,9,1,24.035
323,10,1,24.035
323,31,1,24.035
323,32,1,24.035
323,33,1,24.035
323,34,1,24.035
323,35,1,24.035
331,2,1,27.305
331,3,1,27.305
331,4,1,27.305
331,5,1,27.305
331,7,1,27.305
331,8,1,27.305
331,9,1,27.305
331,12,1,27.305
331,17,1,27.305
331,18,1,27.305
331,20,1,27.305
331,21,1,27.305
331,22,1,27.305
331,24,1,27.305
331,26,1,27.305
999,1,1,8.385
999,2,1,8.385
999,3,1,8.385
999,4,1,8.385
999,5,1,8.385
999,6,1,8.385
999,7,1,8.385
999,8,1,8.385
999,9,1,8.385
999,10,1,8.385
999,31,1,8.385
999,32,1,8.385
999,33,1,8.385
999,34,1,8.385
999,35,1,8.385
10,1,1,21.655
10,2,1,21.655
10,3,1,21.655
10,4,1,21.810000000000002
10,5,1,21.655
10,6,1,21.655
10,7,1,21.810000000000002
10,8,1,21.810000000000002
10,9,1,21.655
10,10,1,21.655
10,11,1,21.810000000000002
10,12,1,21.810000000000002
10,13,1,21.655
10,14,1,21.655
10,15,1,21.810000000000002
16,1,1,21.814999999999998
16,2,1,21.814999999999998
16,3,1,21.814999999999998
16,5,1,21.814999999999998
16,7,1,21.814999999999998
16,8,1,21.814999999999998
16,9,1,21.814999999999998
16,11,1,21.814999999999998
16,12,1,21.814999999999998
16,13,1,21.814999999999998
16,15,1,21.814999999999998
16,16,1,21.814999999999998
16,18,1,21.814999999999998
16,20,1,21.814999999999998
16,21,1,21.814999999999998
44,1,1,22.335
44,2,1,22.335
44,3,1,22.335
44,5,1,22.335
44,7,1,22.335
44,8,1,22.335
44,9,1,22.335
44,10,1,22.335
44,11,1,22.335
44,12,1,22.335
44,13,1,22.335
44,14,1,22.335
44,15,1,22.335
44,19,1,22.335
44,20,1,22.335
44,26,1,22.335
44,27,1,22.335
45,1,1,21.905
45,2,1,21.905
45,3,1,21.905
45,5,1,21.905
45,6,1,21.905
45,7,1,21.905
45,8,1,21.905
45,9,1,21.905
45,10,1,21.905
45,11,1,21.905
45,12,1,21.905
45,13,1,21.905
45,14,1,21.905
45,15,1,21.905
45,17,1,21.905
82,1,1,19.104999999999997
82,2,1,19.104999999999997
82,3,1,19.104999999999997
82,4,1,19.104999999999997
82,5,1,19.104999999999997
82,6,1,19.104999999999997
82,7,1,19.104999999999997
82,8,1,19.104999999999997
82,9,1,19.104999999999997
82,10,1,19.104999999999997
82,11,1,19.104999999999997
82,12,1,19.104999999999997
82,13,1,19.104999999999997
82,14,1,19.104999999999997
82,15,1,19.104999999999997
98,1,1,12.695
98,2,1,12.695
98,3,1,12.695
98,4,1,12.695
98,5,1,12.695
98,6,1,12.695
98,7,1,12.695
98,8,1,12.695
98,9,1,12.695
98,10,1,12.695
98,11,1,12.695
98,12,1,12.695
98,13,1,12.695
98,14,1,12.695
98,15,1,12.695
102,1,1,16.805
102,2,1,16.805
102,3,1,16.805
102,4,1,16.805
102,5,1,16.805
102,6,1,16.805
102,7,1,16.805
102,8,1,16.805
102,9,1,16.805
102,10,1,16.805
102,11,1,16.805
102,12,1,16.805
102,13,1,16.805
102,14,1,16.805
102,15,1,16.805
119,1,1,22.119999999999997
119,2,1,22.119999999999997
119,3,1,22.119999999999997
119,4,1,22.119999999999997
119,5,1,22.119999999999997
119,6,1,22.119999999999997
119,9,1,22.119999999999997
119,10,1,22.119999999999997
119,11,1,22.119999999999997
119,12,1,22.119999999999997
119,13,1,22.119999999999997
119,14,1,22.119999999999997
119,15,1,22.24
119,16,1,22.24
119,17,1,22.119999999999997
137,1,1,20.92
137,2,1,20.92
137,3,1,20.92
137,4,1,20.744999999999997
137,5,1,20.945
137,6,1,20.744999999999997
137,7,1,20.92
137,8,1,20.744999999999997
137,9,1,20.92
137,10,1,20.744999999999997
137,11,1,20.92
137,12,1,20.744999999999997
137,33,1,20.945
137,34,1,20.945
137,35,1,20.945
138,1,1,20.92
138,2,1,20.92
138,3,1,20.92
138,4,1,20.92
138,5,1,20.92
138,6,1,20.92
138,7,1,20.92
138,8,1,20.92
138,10,1,20.92
138,11,1,20.92
138,12,1,20.92
138,13,1,20.92
138,14,1,20.92
138,15,1,20.92
138,16,1,20.92
275,1,1,27.655
275,2,1,27.655
275,5,1,27.655
275,6,1,27.655
275,8,1,27.655
275,9,1,27.655
275,10,1,27.655
275,12,1,27.655
275,13,1,27.655
275,14,1,27.655
275,15,1,27.655
275,16,1,27.655
275,17,1,27.655
275,21,1,27.655
275,22,1,27.655
288,1,1,26.270000000000003
288,2,1,26.270000000000003
288,3,1,26.270000000000003
288,4,1,26.270000000000003
288,5,1,26.270000000000003
288,6,1,26.270000000000003
288,7,1,26.270000000000003
288,8,1,26.270000000000003
288,9,1,26.270000000000003
288,10,1,26.270000000000003
288,11,1,26.270000000000003
288,12,1,26.270000000000003
288,13,1,26.270000000000003
288,14,1,26.270000000000003
288,15,1,26.270000000000003
291,1,1,26.005
291,2,1,26.11
291,3,1,26.11
291,4,1,26.11
291,5,1,26.005
291,6,1,26.11
291,7,1,26.11
291,8,1,26.11
291,9,1,26.005
291,10,1,26.11
291,11,1,26.11
291,12,1,26.11
291,13,1,26.11
291,14,1,26.11
291,15,1,26.11
296,2,1,26.455
296,3,1,26.455
296,4,1,26.455
296,5,1,26.455
296,6,1,26.455
296,8,1,26.455
296,9,1,26.455
296,10,1,26.455
296,11,1,26.455
296,12,1,26.455
296,13,1,26.455
296,14,1,26.455
296,15,1,26.455
296,16,1,26.455
296,17,1,26.455
297,2,1,26.106666666666666
297,3,1,26.133333333333333
297,4,1,26.133333333333333
297,6,1,26.106666666666666
297,9,1,26.133333333333333
297,10,1,26.133333333333333
297,11,1,26.133333333333333
297,13,1,26.133333333333333
297,14,1,26.35333333333333
297,15,1,26.133333333333333
297,16,1,26.21
297,19,1,26.133333333333333
297,22,1,26.133333333333333
297,26,1,26.133333333333333
297,27,1,26.133333333333333
297,29,1,26.106666666666666
297,30,1,26.35333333333333
297,31,1,26.133333333333333
297,32,1,26.133333333333333
297,33,1,26.106666666666666
297,34,1,26.106666666666666
297,35,1,26.133333333333333
297,37,1,26.106666666666666
297,40,1,26.133333333333333
297,41,1,26.133333333333333
298,1,1,30.4
298,2,1,30.4
298,3,1,30.335
298,4,1,30.335
298,5,1,30.4
298,6,1,30.335
298,7,1,30.335
298,8,1,30.335
298,9,1,30.4
298,10,1,30.335
298,12,1,30.335
298,13,1,30.4
298,14,1,30.4
298,15,1,30.335
298,16,1,30.335
316,1,1,27.604999999999997
316,2,1,27.575
316,3,1,27.604999999999997
316,4,1,27.604999999999997
316,5,1,27.604999999999997
316,6,1,27.604999999999997
316,7,1,27.575
316,8,1,27.604999999999997
316,9,1,27.575
316,10,1,27.575
316,11,1,27.575
316,12,1,27.604999999999997
316,13,1,27.604999999999997
316,14,1,27.604999999999997
316,15,1,27.575
317,2,1,25.62
317,3,1,25.62
317,4,1,25.62
317,5,1,25.62
317,7,1,25.62
317,8,1,25.62
317,9,1,25.62
317,10,1,25.62
317,11,1,25.62
317,12,1,25.62
317,13,1,25.62
317,14,1,25.62
317,15,1,25.62
317,16,1,25.62
317,18,1,25.62
326,1,1,25.7
326,2,1,25.7
326,4,1,25.7
326,5,1,25.7
326,6,1,25.7
326,7,1,25.7
326,8,1,25.7
326,9,1,25.7
326,10,1,25.7
326,11,1,25.7
326,12,1,25.7
326,13,1,25.7
326,15,1,25.7
326,17,1,25.7
326,19,1,25.7
327,1,1,25.625
327,2,1,25.625
327,3,1,25.625
327,4,1,25.625
327,5,1,25.625
327,6,1,25.625
327,7,1,25.625
327,8,1,25.625
327,9,1,25.625
327,10,1,25.625
327,11,1,25.625
327,12,1,25.625
327,13,1,25.625
327,14,1,25.625
327,15,1,25.625
1000,1,1,16.4325
1000,2,1,16.4325
1000,3,1,16.4325
1000,4,1,16.4325
1000,5,1,16.4325
1000,6,1,16.4325
1000,7,1,16.4325
1000,8,1,16.4325
1000,19,1,15.9525
1000,20,1,16.4325
1000,21,1,15.9525
1000,22,1,16.4325
1000,33,1,15.9525
1000,34,1,15.9525
1000,35,1,15.9525
