abbrev,Date Time,GAGE_HT Value,GAGE_HT Units,GAGE_HT Review Status,GAGE_HT Observation Flag,GAGE_HT Modified
BFCINFCO,07/23/2022 00:00,1.524687,ft,U,,07/24/2022 00:51
BFCINFCO,07/24/2022 00:00,1.532916,ft,U,,07/25/2022 00:51
BFCINFCO,07/25/2022 00:00,1.627604,ft,U,,07/26/2022 00:51
BFCINFCO,07/26/2022 00:00,2.009895,ft,U,,07/27/2022 00:51
BFCINFCO,07/27/2022 00:00,2.192604,ft,U,,07/28/2022 00:51
BFCINFCO,07/28/2022 00:00,2.007708,ft,U,,07/29/2022 00:51
BFCINFCO,07/29/2022 00:00,1.634583,ft,U,,07/30/2022 00:51
BFCINFCO,07/30/2022 00:00,1.31375,ft,U,,07/31/2022 00:51
BFCINFCO,07/31/2022 00:00,1.047604,ft,U,,08/01/2022 00:51
BFCINFCO,08/01/2022 00:00,1.00552,ft,U,,08/02/2022 00:51
BFCINFCO,08/02/2022 00:00,1.00177,ft,U,,08/03/2022 00:51
BFCINFCO,08/03/2022 00:00,0.957395,ft,U,,08/04/2022 00:51
BFCINFCO,08/04/2022 00:00,1.120937,ft,U,,08/05/2022 00:51
BFCINFCO,08/05/2022 00:00,2.093437,ft,U,,08/06/2022 00:51
BFCINFCO,08/06/2022 00:00,2.046041,ft,U,,08/07/2022 01:23
BFCINFCO,08/07/2022 00:00,2.332604,ft,U,,08/08/2022 00:53
BFCINFCO,08/08/2022 00:00,2.455,ft,U,,08/09/2022 00:53
BFCINFCO,08/09/2022 00:00,2.982604,ft,U,,08/10/2022 00:53
BFCINFCO,08/10/2022 00:00,2.293229,ft,U,,08/11/2022 00:53
BFCINFCO,08/11/2022 00:00,2.112604,ft,U,,08/12/2022 00:53
BFCINFCO,08/12/2022 00:00,2.186562,ft,U,,08/13/2022 00:53
BFCINFCO,08/13/2022 00:00,2.0325,ft,U,,08/14/2022 01:22
BFCINFCO,08/14/2022 00:00,2.280104,ft,U,,08/15/2022 00:51
BFCINFCO,08/15/2022 00:00,2.459375,ft,U,,08/16/2022 00:52
BFCINFCO,08/16/2022 00:00,2.390312,ft,U,,08/17/2022 00:53
BFCINFCO,08/17/2022 00:00,2.175208,ft,U,,08/18/2022 00:53
BFCINFCO,08/18/2022 00:00,2.220312,ft,U,,08/19/2022 00:53
BFCINFCO,08/19/2022 00:00,1.783437,ft,U,,08/20/2022 00:53
BFCINFCO,08/20/2022 00:00,1.312187,ft,U,,08/21/2022 01:20
BFCINFCO,08/21/2022 00:00,1.220312,ft,U,,08/22/2022 00:53
BFCINFCO,08/22/2022 00:00,1.14125,ft,U,,08/23/2022 00:53
BFCINFCO,08/23/2022 00:00,1.307812,ft,U,,08/24/2022 00:55
BFCINFCO,08/24/2022 00:00,1.114062,ft,U,,08/25/2022 00:55
BFCINFCO,08/25/2022 00:00,1.080937,ft,U,,08/26/2022 00:53
BFCINFCO,08/26/2022 00:00,1.130937,ft,U,,08/27/2022 00:53
BFCINFCO,08/27/2022 00:00,1.54052,ft,U,,08/28/2022 01:23
BFCINFCO,08/28/2022 00:00,1.689375,ft,U,,08/29/2022 00:53
BFCINFCO,08/29/2022 00:00,1.658229,ft,U,,08/30/2022 00:53
BFCINFCO,08/30/2022 00:00,1.865208,ft,U,,08/31/2022 00:53
BFCINFCO,08/31/2022 00:00,2.017291,ft,U,,09/01/2022 00:53
BFCINFCO,09/01/2022 00:00,1.856458,ft,U,,09/02/2022 00:45
BFCINFCO,09/02/2022 00:00,2.000729,ft,U,,09/03/2022 00:45
BFCINFCO,09/03/2022 00:00,2.127916,ft,U,,09/04/2022 01:23
BFCINFCO,09/04/2022 00:00,1.99125,ft,U,,09/05/2022 00:45
BFCINFCO,09/05/2022 00:00,1.82875,ft,U,,09/06/2022 00:45
BFCINFCO,09/06/2022 00:00,2.079791,ft,U,,09/07/2022 00:45
BFCINFCO,09/07/2022 00:00,2.006354,ft,U,,09/08/2022 00:45
BFCINFCO,09/08/2022 00:00,1.642842,ft,U,,09/09/2022 00:46
BFCINFCO,09/09/2022 00:00,1.746354,ft,U,,09/10/2022 00:46
BFCINFCO,09/10/2022 00:00,2.321875,ft,U,,09/11/2022 01:21
BFCINFCO,09/11/2022 00:00,1.361145,ft,U,,09/12/2022 00:51
BFCINFCO,09/12/2022 00:00,1.141875,ft,U,,09/13/2022 00:51
BFCINFCO,09/13/2022 00:00,1.497812,ft,U,,09/14/2022 00:51
BFCINFCO,09/14/2022 00:00,1.72625,ft,U,,09/15/2022 00:51
BFCINFCO,09/15/2022 00:00,1.592916,ft,U,,09/16/2022 00:51
BFCINFCO,09/16/2022 00:00,1.247083,ft,U,,09/17/2022 00:51
BFCINFCO,09/17/2022 00:00,1.247708,ft,U,,09/18/2022 01:29
BFCINFCO,09/18/2022 00:00,1.065416,ft,U,,09/19/2022 00:51
BFCINFCO,09/19/2022 00:00,1.571145,ft,U,,09/20/2022 00:51
BFCINFCO,09/20/2022 00:00,2.216979,ft,U,,09/21/2022 04:04
BFCINFCO,09/21/2022 00:00,2.35375,ft,U,,09/22/2022 00:51
BFCINFCO,09/22/2022 00:00,2.11375,ft,U,,09/23/2022 00:55
BFCINFCO,09/23/2022 00:00,1.846354,ft,U,,09/24/2022 00:55
BFCINFCO,09/24/2022 00:00,1.632708,ft,U,,09/25/2022 01:25
BFCINFCO,09/25/2022 00:00,1.571979,ft,U,,09/26/2022 00:50
BFCINFCO,09/26/2022 00:00,1.528645,ft,U,,09/27/2022 00:49
BFCINFCO,09/27/2022 00:00,1.617604,ft,U,,09/28/2022 00:49
BFCINFCO,09/28/2022 00:00,1.674791,ft,U,,09/29/2022 00:49
BFCINFCO,09/29/2022 00:00,1.732187,ft,U,,09/30/2022 00:49
BFCINFCO,09/30/2022 00:00,1.573958,ft,U,,10/01/2022 00:49
BFCINFCO,10/01/2022 00:00,1.571875,ft,U,,10/02/2022 01:20
BFCINFCO,10/02/2022 00:00,1.156354,ft,U,,10/03/2022 00:54
BFCINFCO,10/03/2022 00:00,0.63052,ft,U,,10/04/2022 00:54
BFCINFCO,10/04/2022 00:00,1.02,ft,U,,10/05/2022 00:54
BFCINFCO,10/05/2022 00:00,1.025416,ft,U,,10/06/2022 00:54
BFCINFCO,10/06/2022 00:00,1.18302,ft,U,,10/07/2022 00:54
BFCINFCO,10/07/2022 00:00,1.228229,ft,U,,10/08/2022 00:54
BFCINFCO,10/08/2022 00:00,1.734166,ft,U,,10/09/2022 00:54
BFCINFCO,10/09/2022 00:00,1.878229,ft,U,,10/10/2022 00:54
BFCINFCO,10/10/2022 00:00,1.91177,ft,U,,10/11/2022 00:54
BFCINFCO,10/11/2022 00:00,1.993541,ft,U,,10/12/2022 00:54
BFCINFCO,10/12/2022 00:00,2.35427,ft,U,,10/13/2022 00:54
BFCINFCO,10/13/2022 00:00,2.265416,ft,U,,10/14/2022 00:54
BFCINFCO,10/14/2022 00:00,2.326875,ft,U,,10/15/2022 00:54
BFCINFCO,10/15/2022 00:00,2.3625,ft,U,,10/16/2022 00:54
BFCINFCO,10/16/2022 00:00,2.335416,ft,U,,10/17/2022 00:54
BFCINFCO,10/17/2022 00:00,2.389479,ft,U,,10/18/2022 00:54
BFCINFCO,10/18/2022 00:00,2.467187,ft,U,,10/19/2022 00:54
BFCINFCO,10/19/2022 00:00,2.622812,ft,U,,10/20/2022 00:45
BFCINFCO,10/20/2022 00:00,2.762105,ft,U,,10/21/2022 00:45
BFCINFCO,10/21/2022 00:00,3.19302,ft,U,,10/22/2022 00:45
BFCINFCO,10/22/2022 00:00,3.233958,ft,U,,10/23/2022 00:55
BFCINFCO,10/23/2022 00:00,3.279895,ft,U,,10/24/2022 00:45
BFCINFCO,10/24/2022 00:00,3.04125,ft,U,,10/25/2022 00:45
BFCINFCO,10/25/2022 00:00,2.861041,ft,U,,10/26/2022 00:45
BFCINFCO,10/26/2022 00:00,2.460416,ft,U,,10/27/2022 00:45
BFCINFCO,10/27/2022 00:00,2.034791,ft,U,,10/28/2022 00:54
BFCINFCO,10/28/2022 00:00,1.920937,ft,U,,10/29/2022 00:54
BFCINFCO,10/29/2022 00:00,1.805833,ft,U,,10/30/2022 00:54
BFCINFCO,10/30/2022 00:00,1.749687,ft,U,,10/31/2022 00:54
BFCINFCO,10/31/2022 00:00,0.839375,ft,U,,11/01/2022 00:54
BFCINFCO,11/01/2022 00:00,0.461875,ft,U,,11/02/2022 00:54
BFCINFCO,11/02/2022 00:00,0.098229,ft,U,,11/03/2022 00:54
BFCINFCO,11/03/2022 00:00,0,ft,U,,11/04/2022 00:54
BFCINFCO,11/04/2022 00:00,0.000104,ft,U,,11/05/2022 00:54
BFCINFCO,11/05/2022 00:00,0,ft,U,,11/06/2022 01:22
BFCINFCO,11/06/2022 00:00,0,ft,U,,11/06/2022 23:50
BFCINFCO,11/07/2022 00:00,0,ft,U,,11/08/2022 00:20
BFCINFCO,11/08/2022 00:00,0,ft,U,,11/09/2022 00:20
BFCINFCO,11/09/2022 00:00,0,ft,U,,11/10/2022 00:20
BFCINFCO,11/10/2022 00:00,0,ft,U,,11/11/2022 00:20
BFCINFCO,11/11/2022 00:00,0,ft,U,,11/12/2022 00:20
BFCINFCO,11/12/2022 00:00,0,ft,U,,11/13/2022 01:34
BFCINFCO,11/13/2022 00:00,0,ft,U,,11/14/2022 00:14
BFCINFCO,11/14/2022 00:00,0,ft,U,,11/15/2022 00:14
BFCINFCO,11/15/2022 00:00,0,ft,U,,11/16/2022 00:14
BFCINFCO,11/16/2022 00:00,0,ft,U,,11/17/2022 00:14
BFCINFCO,11/17/2022 00:00,0,ft,U,,11/18/2022 00:14
BFCINFCO,11/18/2022 00:00,0,ft,U,,11/19/2022 00:14
BFCINFCO,11/19/2022 00:00,0,ft,U,,11/20/2022 01:27
BFCINFCO,11/20/2022 00:00,0,ft,U,,11/21/2022 00:11
BFCINFCO,11/21/2022 00:00,0,ft,U,,11/22/2022 00:11
BFCINFCO,11/22/2022 00:00,0,ft,U,,11/23/2022 00:11
BFCINFCO,11/23/2022 00:00,0,ft,U,,11/24/2022 00:11
BFCINFCO,11/24/2022 00:00,0,ft,U,,11/25/2022 00:20
BFCINFCO,11/25/2022 00:00,0,ft,U,,11/26/2022 00:20
BFCINFCO,11/26/2022 00:00,0,ft,U,,11/27/2022 01:27
BFCINFCO,11/27/2022 00:00,0,ft,U,,11/28/2022 00:11
BFCINFCO,11/28/2022 00:00,0,ft,U,,11/29/2022 00:21
BFCINFCO,11/29/2022 00:00,0,ft,U,,11/29/2022 11:21
BFCINFCO,11/30/2022 00:00,0,ft,U,,12/01/2022 00:21
BFCINFCO,12/01/2022 00:00,0,ft,U,,12/02/2022 00:11
BFCINFCO,12/02/2022 00:00,0,ft,U,,12/03/2022 00:21
BFCINFCO,12/03/2022 00:00,0,ft,U,,12/04/2022 01:26
BFCINFCO,12/04/2022 00:00,0,ft,U,,12/05/2022 00:20
BFCINFCO,12/05/2022 00:00,0,ft,U,,12/06/2022 00:20
BFCINFCO,12/06/2022 00:00,0,ft,U,,12/07/2022 00:12
BFCINFCO,12/07/2022 00:00,0,ft,U,,12/08/2022 00:20
BFCINFCO,12/08/2022 00:00,0,ft,U,,12/09/2022 00:20
BFCINFCO,12/09/2022 00:00,0,ft,U,,12/10/2022 00:21
BFCINFCO,12/10/2022 00:00,0,ft,U,,12/11/2022 01:24
BFCINFCO,12/11/2022 00:00,0,ft,U,,12/12/2022 00:15
BFCINFCO,12/12/2022 00:00,0,ft,U,,12/13/2022 00:15
BFCINFCO,12/13/2022 00:00,0,ft,U,,12/14/2022 00:15
BFCINFCO,12/14/2022 00:00,0,ft,U,,12/15/2022 00:15
BFCINFCO,12/15/2022 00:00,0,ft,U,,12/16/2022 00:15
BFCINFCO,12/16/2022 00:00,0,ft,U,,12/17/2022 00:15
BFCINFCO,12/17/2022 00:00,0,ft,U,,12/18/2022 00:49
BFCINFCO,12/18/2022 00:00,0,ft,U,,12/19/2022 00:16
BFCINFCO,12/19/2022 00:00,0,ft,U,,12/20/2022 00:16
BFCINFCO,12/20/2022 00:00,0,ft,U,,12/21/2022 00:16
BFCINFCO,12/21/2022 00:00,0,ft,U,,12/22/2022 00:16
BFCINFCO,12/22/2022 00:00,0,ft,U,,12/23/2022 00:19
BFCINFCO,12/23/2022 00:00,0,ft,U,,12/24/2022 00:19
BFCINFCO,12/24/2022 00:00,0,ft,U,,12/25/2022 00:59
BFCINFCO,12/25/2022 00:00,0,ft,U,,12/26/2022 00:19
BFCINFCO,12/26/2022 00:00,0,ft,U,,12/27/2022 00:19
BFCINFCO,12/27/2022 00:00,0,ft,U,,12/28/2022 00:19
BFCINFCO,12/28/2022 00:00,0,ft,U,,12/29/2022 00:19
BFCINFCO,12/29/2022 00:00,0,ft,U,,12/30/2022 00:19
BFCINFCO,12/30/2022 00:00,0,ft,U,,12/31/2022 00:19
BFCINFCO,12/31/2022 00:00,0,ft,U,,01/01/2023 00:49
BFCINFCO,01/01/2023 00:00,0,ft,U,,01/02/2023 00:19
BFCINFCO,01/02/2023 00:00,0,ft,U,,01/03/2023 00:19
BFCINFCO,01/03/2023 00:00,0,ft,U,,01/03/2023 16:19
BFCINFCO,01/04/2023 00:00,0,ft,U,,01/05/2023 00:19
BFCINFCO,01/05/2023 00:00,0,ft,U,,01/06/2023 00:19
BFCINFCO,01/06/2023 00:00,0,ft,U,,01/07/2023 00:19
BFCINFCO,01/07/2023 00:00,0,ft,U,,01/08/2023 00:48
BFCINFCO,01/08/2023 00:00,0,ft,U,,01/09/2023 00:20
BFCINFCO,01/09/2023 00:00,0,ft,U,,01/10/2023 00:20
BFCINFCO,01/10/2023 00:00,0,ft,U,,01/11/2023 00:20
BFCINFCO,01/11/2023 00:00,0,ft,U,,01/12/2023 00:20
BFCINFCO,01/12/2023 00:00,0,ft,U,,01/13/2023 00:20
BFCINFCO,01/13/2023 00:00,0,ft,U,,01/14/2023 00:20
BFCINFCO,01/14/2023 00:00,0,ft,U,,01/15/2023 00:20
BFCINFCO,01/15/2023 00:00,0,ft,U,,01/16/2023 00:20
BFCINFCO,01/16/2023 00:00,0,ft,U,,01/17/2023 00:20
BFCINFCO,01/17/2023 00:00,0,ft,U,,01/18/2023 00:20
BFCINFCO,01/18/2023 00:00,0,ft,U,,01/19/2023 00:20
BFCINFCO,01/19/2023 00:00,0,ft,U,,01/20/2023 00:20
BFCINFCO,01/20/2023 00:00,0,ft,U,,01/21/2023 00:20
BFCINFCO,01/21/2023 00:00,0,ft,U,,01/22/2023 00:20
BFCINFCO,01/22/2023 00:00,0,ft,U,,01/23/2023 00:20
BFCINFCO,01/23/2023 00:00,0,ft,U,,01/24/2023 00:20
BFCINFCO,01/24/2023 00:00,0,ft,U,,01/25/2023 00:20
BFCINFCO,01/25/2023 00:00,0,ft,U,,01/26/2023 00:20
BFCINFCO,01/26/2023 00:00,0,ft,U,,01/26/2023 23:14
BFCINFCO,01/27/2023 00:00,0,ft,U,,01/28/2023 00:21
BFCINFCO,01/28/2023 00:00,0,ft,U,,01/29/2023 00:21
BFCINFCO,01/29/2023 00:00,0,ft,U,,01/30/2023 00:21
BFCINFCO,01/30/2023 00:00,0,ft,U,,01/31/2023 00:21
BFCINFCO,01/31/2023 00:00,0,ft,U,,02/01/2023 00:21
BFCINFCO,02/01/2023 00:00,0,ft,U,,02/02/2023 00:11
BFCINFCO,02/02/2023 00:00,0,ft,U,,02/02/2023 14:21
BFCINFCO,02/03/2023 00:00,0,ft,U,,02/04/2023 00:21
BFCINFCO,02/04/2023 00:00,0,ft,U,,02/05/2023 00:11
BFCINFCO,02/05/2023 00:00,0,ft,U,,02/06/2023 00:21
BFCINFCO,02/06/2023 00:00,0,ft,U,,02/07/2023 00:11
BFCINFCO,02/07/2023 00:00,0,ft,U,,02/08/2023 00:11
BFCINFCO,02/08/2023 00:00,0,ft,U,,02/09/2023 00:11
BFCINFCO,02/09/2023 00:00,0,ft,U,,02/10/2023 00:11
BFCINFCO,02/10/2023 00:00,0,ft,U,,02/11/2023 00:22
BFCINFCO,02/11/2023 00:00,0,ft,U,,02/14/2023 12:05
BFCINFCO,02/12/2023 00:00,0,ft,U,,02/14/2023 12:05
BFCINFCO,02/13/2023 00:00,0,ft,U,,02/14/2023 12:05
BFCINFCO,02/14/2023 00:00,0,ft,U,,02/15/2023 00:12
BFCINFCO,02/15/2023 00:00,0,ft,U,,02/16/2023 00:12
BFCINFCO,02/16/2023 00:00,0,ft,U,,02/17/2023 00:12
BFCINFCO,02/17/2023 00:00,0,ft,U,,02/18/2023 00:12
BFCINFCO,02/18/2023 00:00,0,ft,U,,02/19/2023 00:12
BFCINFCO,02/19/2023 00:00,0,ft,U,,02/20/2023 00:12
BFCINFCO,02/20/2023 00:00,0,ft,U,,02/21/2023 00:12
BFCINFCO,02/21/2023 00:00,0,ft,U,,02/22/2023 00:12
BFCINFCO,02/22/2023 00:00,0,ft,U,,02/23/2023 00:12
BFCINFCO,02/23/2023 00:00,0,ft,U,,02/24/2023 00:21
BFCINFCO,02/24/2023 00:00,0,ft,U,,02/25/2023 00:21
BFCINFCO,02/25/2023 00:00,0,ft,U,,02/26/2023 00:21
BFCINFCO,02/26/2023 00:00,0,ft,U,,02/27/2023 00:21
BFCINFCO,02/27/2023 00:00,0,ft,U,,02/28/2023 00:21
BFCINFCO,02/28/2023 00:00,0,ft,U,,03/01/2023 00:21
BFCINFCO,03/01/2023 00:00,0,ft,U,,03/02/2023 00:21
BFCINFCO,03/02/2023 00:00,0,ft,U,,03/03/2023 00:21
BFCINFCO,03/03/2023 00:00,0,ft,U,,03/04/2023 00:21
BFCINFCO,03/04/2023 00:00,0,ft,U,,03/05/2023 00:21
BFCINFCO,03/05/2023 00:00,0,ft,U,,03/06/2023 00:21
BFCINFCO,03/06/2023 00:00,0,ft,U,,03/07/2023 00:21
BFCINFCO,03/07/2023 00:00,0,ft,U,,03/08/2023 00:21
BFCINFCO,03/08/2023 00:00,0,ft,U,,03/09/2023 02:21
BFCINFCO,03/09/2023 00:00,0,ft,U,,03/10/2023 00:21
BFCINFCO,03/10/2023 00:00,0,ft,U,,03/11/2023 00:21
BFCINFCO,03/11/2023 00:00,0,ft,U,,03/12/2023 00:21
BFCINFCO,03/12/2023 00:00,0,ft,U,,03/13/2023 00:18
BFCINFCO,03/13/2023 00:00,0,ft,U,,03/14/2023 00:18
BFCINFCO,03/14/2023 00:00,0,ft,U,,03/15/2023 00:18
BFCINFCO,03/15/2023 00:00,0,ft,U,,03/16/2023 00:18
BFCINFCO,03/16/2023 00:00,0,ft,U,,03/17/2023 00:19
BFCINFCO,03/17/2023 00:00,0,ft,U,,03/18/2023 00:19
BFCINFCO,03/18/2023 00:00,0,ft,U,,03/19/2023 00:19
BFCINFCO,03/19/2023 00:00,0,ft,U,,03/20/2023 00:19
BFCINFCO,03/20/2023 00:00,0,ft,U,,03/21/2023 00:19
BFCINFCO,03/21/2023 00:00,0,ft,U,,03/22/2023 00:19
BFCINFCO,03/22/2023 00:00,0,ft,U,,03/23/2023 00:19
BFCINFCO,03/23/2023 00:00,0.042187,ft,U,,03/24/2023 00:12
BFCINFCO,03/24/2023 00:00,0.06802,ft,U,,03/25/2023 00:12
BFCINFCO,03/25/2023 00:00,0.06,ft,U,,03/26/2023 00:12
BFCINFCO,03/26/2023 00:00,0.06,ft,U,,03/27/2023 00:12
BFCINFCO,03/27/2023 00:00,0.06,ft,U,,03/28/2023 00:12
BFCINFCO,03/28/2023 00:00,0.06,ft,U,,03/29/2023 00:12
BFCINFCO,03/29/2023 00:00,0.053645,ft,U,,03/30/2023 00:12
BFCINFCO,03/30/2023 00:00,0.014687,ft,U,,03/31/2023 00:12
BFCINFCO,03/31/2023 00:00,0.038541,ft,U,,04/01/2023 00:12
BFCINFCO,04/01/2023 00:00,0.696562,ft,U,,04/02/2023 00:12
BFCINFCO,04/02/2023 00:00,0.386562,ft,U,,04/03/2023 00:12
BFCINFCO,04/03/2023 00:00,0.667604,ft,U,,04/04/2023 00:12
BFCINFCO,04/04/2023 00:00,0.640104,ft,U,,04/05/2023 00:12
BFCINFCO,04/05/2023 00:00,0.555937,ft,U,,04/06/2023 00:12
BFCINFCO,04/06/2023 00:00,0.34552,ft,U,,04/07/2023 00:12
BFCINFCO,04/07/2023 00:00,0.340104,ft,U,,04/08/2023 00:12
BFCINFCO,04/08/2023 00:00,0.296875,ft,U,,04/09/2023 00:13
BFCINFCO,04/09/2023 00:00,0.269375,ft,U,,04/10/2023 00:13
BFCINFCO,04/10/2023 00:00,0.455,ft,U,,04/11/2023 00:13
BFCINFCO,04/11/2023 00:00,0.49375,ft,U,,04/12/2023 00:13
BFCINFCO,04/12/2023 00:00,0.711562,ft,U,,04/13/2023 00:13
BFCINFCO,04/13/2023 00:00,0.959687,ft,U,,04/14/2023 00:13
BFCINFCO,04/14/2023 00:00,1.008958,ft,U,,04/15/2023 00:13
BFCINFCO,04/15/2023 00:00,1.037604,ft,U,,04/16/2023 00:13
BFCINFCO,04/16/2023 00:00,1.00927,ft,U,,04/17/2023 00:13
BFCINFCO,04/17/2023 00:00,0.69625,ft,U,,04/18/2023 00:13
BFCINFCO,04/18/2023 00:00,0.971562,ft,U,,04/19/2023 00:13
BFCINFCO,04/19/2023 00:00,0.987894,ft,U,,04/19/2023 14:13
BFCINFCO,04/20/2023 00:00,0.9,ft,U,,04/21/2023 00:14
BFCINFCO,04/21/2023 00:00,0.999583,ft,U,,04/22/2023 00:13
BFCINFCO,04/22/2023 00:00,1.026145,ft,U,,04/23/2023 00:13
BFCINFCO,04/23/2023 00:00,1.025312,ft,U,,04/24/2023 00:13
BFCINFCO,04/24/2023 00:00,1.010208,ft,U,,04/25/2023 00:13
BFCINFCO,04/25/2023 00:00,1.004583,ft,U,,04/26/2023 00:13
BFCINFCO,04/26/2023 00:00,0.986145,ft,U,,04/27/2023 00:13
BFCINFCO,04/27/2023 00:00,1.00927,ft,U,,04/28/2023 00:12
BFCINFCO,04/28/2023 00:00,1.116145,ft,U,,04/29/2023 00:12
BFCINFCO,04/29/2023 00:00,1.012604,ft,U,,04/30/2023 00:12
BFCINFCO,04/30/2023 00:00,1.001875,ft,U,,05/01/2023 00:12
BFCINFCO,05/01/2023 00:00,0.566458,ft,U,,05/02/2023 00:12
BFCINFCO,05/02/2023 00:00,0.08,ft,U,,05/03/2023 00:12
BFCINFCO,05/03/2023 00:00,0.070833,ft,U,,05/04/2023 00:12
BFCINFCO,05/04/2023 00:00,0.07,ft,U,,05/05/2023 00:12
BFCINFCO,05/05/2023 00:00,0.292604,ft,U,,05/06/2023 00:12
BFCINFCO,05/06/2023 00:00,1.614375,ft,U,,05/07/2023 00:12
BFCINFCO,05/07/2023 00:00,1.661145,ft,U,,05/08/2023 00:12
BFCINFCO,05/08/2023 00:00,1.631562,ft,U,,05/09/2023 00:22
BFCINFCO,05/09/2023 00:00,1.678229,ft,U,,05/10/2023 00:12
BFCINFCO,05/10/2023 00:00,1.813958,ft,U,,05/11/2023 00:13
BFCINFCO,05/11/2023 00:00,1.863958,ft,U,,05/12/2023 00:13
BFCINFCO,05/12/2023 00:00,1.880208,ft,U,,05/13/2023 00:13
BFCINFCO,05/13/2023 00:00,1.79677,ft,U,,05/14/2023 00:13
BFCINFCO,05/14/2023 00:00,1.547083,ft,U,,05/15/2023 00:13
BFCINFCO,05/15/2023 00:00,1.554375,ft,U,,05/16/2023 00:13
BFCINFCO,05/16/2023 00:00,1.522604,ft,U,,05/17/2023 00:13
BFCINFCO,05/17/2023 00:00,1.506354,ft,U,,05/18/2023 00:13
BFCINFCO,05/18/2023 00:00,1.593645,ft,U,,05/19/2023 00:13
BFCINFCO,05/19/2023 00:00,1.711562,ft,U,,05/20/2023 00:13
BFCINFCO,05/20/2023 00:00,1.709895,ft,U,,05/21/2023 00:13
BFCINFCO,05/21/2023 00:00,1.72875,ft,U,,05/22/2023 00:14
BFCINFCO,05/22/2023 00:00,1.69875,ft,U,,05/23/2023 00:13
BFCINFCO,05/23/2023 00:00,1.69875,ft,U,,05/24/2023 00:13
BFCINFCO,05/24/2023 00:00,1.711458,ft,U,,05/25/2023 00:13
BFCINFCO,05/25/2023 00:00,1.716145,ft,U,,05/26/2023 00:19
BFCINFCO,05/26/2023 00:00,1.722604,ft,U,,05/27/2023 00:19
BFCINFCO,05/27/2023 00:00,1.731145,ft,U,,05/28/2023 00:19
BFCINFCO,05/28/2023 00:00,1.72,ft,U,,05/29/2023 00:19
BFCINFCO,05/29/2023 00:00,1.69802,ft,U,,05/30/2023 00:19
BFCINFCO,05/30/2023 00:00,1.711145,ft,U,,05/31/2023 00:20
BFCINFCO,05/31/2023 00:00,1.725312,ft,U,,06/01/2023 00:19
BFCINFCO,06/01/2023 00:00,1.719687,ft,U,,06/02/2023 00:19
BFCINFCO,06/02/2023 00:00,1.647395,ft,U,,06/03/2023 00:19
BFCINFCO,06/03/2023 00:00,1.282083,ft,U,,06/04/2023 00:20
BFCINFCO,06/04/2023 00:00,1.358541,ft,U,,06/05/2023 00:20
BFCINFCO,06/05/2023 00:00,1.329166,ft,U,,06/06/2023 16:44
BFCINFCO,06/06/2023 00:00,1.311562,ft,U,,06/07/2023 00:13
BFCINFCO,06/07/2023 00:00,0.951458,ft,U,,06/08/2023 00:13
BFCINFCO,06/08/2023 00:00,0.949375,ft,U,,06/09/2023 00:13
BFCINFCO,06/09/2023 00:00,0.970937,ft,U,,06/10/2023 00:13
BFCINFCO,06/10/2023 00:00,0.981666,ft,U,,06/11/2023 00:13
BFCINFCO,06/11/2023 00:00,1.000312,ft,U,,06/12/2023 00:13
BFCINFCO,06/12/2023 00:00,1.058229,ft,U,,06/13/2023 00:13
BFCINFCO,06/13/2023 00:00,1.073645,ft,U,,06/14/2023 00:13
BFCINFCO,06/14/2023 00:00,1.030104,ft,U,,06/15/2023 00:13
BFCINFCO,06/15/2023 00:00,1.019687,ft,U,,06/16/2023 00:13
BFCINFCO,06/16/2023 00:00,0.865208,ft,U,,06/17/2023 00:13
BFCINFCO,06/17/2023 00:00,0.915312,ft,U,,06/18/2023 00:13
BFCINFCO,06/18/2023 00:00,0.768541,ft,U,,06/19/2023 00:13
BFCINFCO,06/19/2023 00:00,0.729166,ft,U,,06/20/2023 00:13
BFCINFCO,06/20/2023 00:00,0.682708,ft,U,,06/21/2023 00:13
BFCINFCO,06/21/2023 00:00,0.664062,ft,U,,06/22/2023 00:13
BFCINFCO,06/22/2023 00:00,0.705555,ft,U,,06/22/2023 11:13
BFCINFCO,06/23/2023 00:00,0.760784,ft,U,,06/24/2023 00:14
BFCINFCO,06/24/2023 00:00,0.843645,ft,U,,06/25/2023 00:14
BFCINFCO,06/25/2023 00:00,0.841875,ft,U,,06/26/2023 00:14
BFCINFCO,06/26/2023 00:00,0.789166,ft,U,,06/27/2023 00:14
BFCINFCO,06/27/2023 00:00,0.795416,ft,U,,06/28/2023 00:14
BFCINFCO,06/28/2023 00:00,0.721354,ft,U,,06/29/2023 00:19
BFCINFCO,06/29/2023 00:00,0.661875,ft,U,,06/30/2023 00:20
BFCINFCO,06/30/2023 00:00,0.859166,ft,U,,07/01/2023 00:20
BFCINFCO,07/01/2023 00:00,0.710312,ft,U,,07/02/2023 00:20
BFCINFCO,07/02/2023 00:00,0.643229,ft,U,,07/03/2023 00:20
BFCINFCO,07/03/2023 00:00,0.489062,ft,U,,07/04/2023 00:20
BFCINFCO,07/04/2023 00:00,0.335104,ft,U,,07/05/2023 00:20
BFCINFCO,07/05/2023 00:00,0.494375,ft,U,,07/06/2023 00:20
BFCINFCO,07/06/2023 00:00,0.52677,ft,U,,07/07/2023 00:20
BFCINFCO,07/07/2023 00:00,0.458229,ft,U,,07/08/2023 00:20
BFCINFCO,07/08/2023 00:00,0.660625,ft,U,,07/09/2023 00:20
BFCINFCO,07/09/2023 00:00,0.723541,ft,U,,07/10/2023 00:20
BFCINFCO,07/10/2023 00:00,0.573125,ft,U,,07/11/2023 00:20
BFCINFCO,07/11/2023 00:00,0.472291,ft,U,,07/12/2023 00:20
BFCINFCO,07/12/2023 00:00,0.593207,ft,U,,07/12/2023 13:20
BFCINFCO,07/13/2023 00:00,0.302073,ft,U,,07/14/2023 00:20
BFCINFCO,07/14/2023 00:00,0.246875,ft,U,,07/15/2023 00:20
BFCINFCO,07/15/2023 00:00,0.301145,ft,U,,07/16/2023 00:20
BFCINFCO,07/16/2023 00:00,0.436875,ft,U,,07/17/2023 00:20
BFCINFCO,07/17/2023 00:00,0.722187,ft,U,,07/18/2023 00:20
BFCINFCO,07/18/2023 00:00,0.972395,ft,U,,07/19/2023 00:20
BFCINFCO,07/19/2023 00:00,0.988541,ft,U,,07/20/2023 00:20
BFCINFCO,07/20/2023 00:00,1.10677,ft,U,,07/21/2023 00:20
BFCINFCO,07/21/2023 00:00,0.954895,ft,U,,07/22/2023 00:11
BFCINFCO,07/22/2023 00:00,0.918333,ft,U,,07/23/2023 00:11
BFCINFCO,07/23/2023 00:00,0.78177,ft,U,,07/24/2023 00:11
BFCINFCO,07/24/2023 00:00,0.488333,ft,U,,07/25/2023 00:21
BFCINFCO,07/25/2023 00:00,0.577395,ft,U,,07/26/2023 00:11
BFCINFCO,07/26/2023 00:00,0.496354,ft,U,,07/27/2023 00:13
BFCINFCO,07/27/2023 00:00,0.633437,ft,U,,07/28/2023 00:13
