Elev_m,number,datetime
1607.35,3,4/1/2021 0:00
1607.29,3,4/1/2021 1:00
1607.19,3,4/1/2021 2:00
1607.22,3,4/1/2021 3:00
1607.23,3,4/1/2021 4:00
1607.18,3,4/1/2021 5:00
1607.15,3,4/1/2021 6:00
1607.19,3,4/1/2021 7:00
1607.22,3,4/1/2021 8:00
1607.22,3,4/1/2021 9:00
1607.23,3,4/1/2021 10:00
1607.26,3,4/1/2021 11:00
1607.26,3,4/1/2021 12:00
1607.19,3,4/1/2021 13:00
1607.21,3,4/1/2021 14:00
1607.2,3,4/1/2021 15:00
1607.14,3,4/1/2021 16:00
1607.14,3,4/1/2021 17:00
1607.18,3,4/1/2021 18:00
1607.13,3,4/1/2021 19:00
1607.15,3,4/1/2021 20:00
1607.16,3,4/1/2021 21:00
1607.13,3,4/1/2021 22:00
1607.11,3,4/1/2021 23:00
1607.12,3,4/2/2021 0:00
1607.15,3,4/2/2021 1:00
1607.23,3,4/2/2021 2:00
1607.2,3,4/2/2021 3:00
1607.28,3,4/2/2021 4:00
1607.31,3,4/2/2021 5:00
1607.33,3,4/2/2021 6:00
1607.35,3,4/2/2021 7:00
1607.34,3,4/2/2021 8:00
1607.27,3,4/2/2021 9:00
1607.23,3,4/2/2021 10:00
1607.19,3,4/2/2021 11:00
1607.18,3,4/2/2021 12:00
1607.12,3,4/2/2021 13:00
1607.16,3,4/2/2021 14:00
1607.14,3,4/2/2021 15:00
1607.07,3,4/2/2021 16:00
1607.16,3,4/2/2021 17:00
1607.2,3,4/2/2021 18:00
1607.23,3,4/2/2021 19:00
1607.25,3,4/2/2021 20:00
1607.32,3,4/2/2021 21:00
1607.38,3,4/2/2021 22:00
1607.4,3,4/2/2021 23:00
1607.48,3,4/3/2021 0:00
1607.46,3,4/3/2021 1:00
1607.38,3,4/3/2021 2:00
1607.52,3,4/3/2021 3:00
1607.35,3,4/3/2021 4:00
1607.23,3,4/3/2021 5:00
1607.23,3,4/3/2021 6:00
1607.21,3,4/3/2021 7:00
1607.17,3,4/3/2021 8:00
1607.11,3,4/3/2021 9:00
1607.13,3,4/3/2021 10:00
1607.2,3,4/3/2021 11:00
1607.16,3,4/3/2021 12:00
1607.24,3,4/3/2021 13:00
1607.18,3,4/3/2021 14:00
1607.26,3,4/3/2021 15:00
1607.25,3,4/3/2021 16:00
1607.27,3,4/3/2021 17:00
1607.3,3,4/3/2021 18:00
1607.21,3,4/3/2021 19:00
1607.19,3,4/3/2021 20:00
1607.06,3,4/3/2021 21:00
1607,3,4/3/2021 22:00
1606.99,3,4/3/2021 23:00
1606.89,3,4/4/2021 0:00
1606.9,3,4/4/2021 1:00
1606.99,3,4/4/2021 2:00
1607.16,3,4/4/2021 3:00
1607.16,3,4/4/2021 4:00
1607.18,3,4/4/2021 5:00
1607.28,3,4/4/2021 6:00
1607.37,3,4/4/2021 7:00
1607.38,3,4/4/2021 8:00
1607.3,3,4/4/2021 9:00
1607.24,3,4/4/2021 10:00
1607.21,3,4/4/2021 11:00
1607.15,3,4/4/2021 12:00
1607.09,3,4/4/2021 13:00
1607.12,3,4/4/2021 14:00
1607.04,3,4/4/2021 15:00
1606.99,3,4/4/2021 16:00
1607,3,4/4/2021 17:00
1607.03,3,4/4/2021 18:00
1607.05,3,4/4/2021 19:00
1607.08,3,4/4/2021 20:00
1607.1,3,4/4/2021 21:00
1607.19,3,4/4/2021 22:00
1607.1,3,4/4/2021 23:00
1607.1,3,4/5/2021 0:00
1607.11,3,4/5/2021 1:00
1607.05,3,4/5/2021 2:00
1607.12,3,4/5/2021 3:00
1607.06,3,4/5/2021 4:00
1607.08,3,4/5/2021 5:00
1606.99,3,4/5/2021 6:00
1607.06,3,4/5/2021 7:00
1607.11,3,4/5/2021 8:00
1607.05,3,4/5/2021 9:00
1607.1,3,4/5/2021 10:00
1607.12,3,4/5/2021 11:00
1606.96,3,4/5/2021 12:00
1607.02,3,4/5/2021 13:00
1607.06,3,4/5/2021 14:00
1607.09,3,4/5/2021 15:00
1607.02,3,4/5/2021 16:00
1607.16,3,4/5/2021 17:00
1607.16,3,4/5/2021 18:00
1607.1,3,4/5/2021 19:00
1607.23,3,4/5/2021 20:00
1607.2,3,4/5/2021 21:00
1607.21,3,4/5/2021 22:00
1607.35,3,4/5/2021 23:00
1607.34,3,4/6/2021 0:00
1607.39,3,4/6/2021 1:00
1607.29,3,4/6/2021 2:00
1607.14,3,4/6/2021 3:00
1607.29,3,4/6/2021 4:00
1607.18,3,4/6/2021 5:00
1607.09,3,4/6/2021 6:00
1607.04,3,4/6/2021 7:00
1607.03,3,4/6/2021 8:00
1606.99,3,4/6/2021 9:00
1606.93,3,4/6/2021 10:00
1607.08,3,4/6/2021 11:00
1607.12,3,4/6/2021 12:00
1607.11,3,4/6/2021 13:00
1607.14,3,4/6/2021 14:00
1607.1,3,4/6/2021 15:00
1607.21,3,4/6/2021 16:00
1607.23,3,4/6/2021 17:00
1607.24,3,4/6/2021 18:00
1607.49,3,4/6/2021 19:00
1607.19,3,4/6/2021 20:00
1607.16,3,4/6/2021 21:00
1607.37,3,4/6/2021 22:00
1607.11,3,4/6/2021 23:00
1607.2,3,4/7/2021 0:00
1607.1,3,4/7/2021 1:00
1607,3,4/7/2021 2:00
1607.14,3,4/7/2021 3:00
1607.08,3,4/7/2021 4:00
1607.14,3,4/7/2021 5:00
1607.05,3,4/7/2021 6:00
1607.12,3,4/7/2021 7:00
1607.1,3,4/7/2021 8:00
1607.17,3,4/7/2021 9:00
1607.25,3,4/7/2021 10:00
1607.07,3,4/7/2021 11:00
1607.25,3,4/7/2021 12:00
1607.3,3,4/7/2021 13:00
1607.17,3,4/7/2021 14:00
1607.3,3,4/7/2021 15:00
1607.22,3,4/7/2021 16:00
1607.33,3,4/7/2021 17:00
1607.37,3,4/7/2021 18:00
1607.27,3,4/7/2021 19:00
1607.32,3,4/7/2021 20:00
1607.26,3,4/7/2021 21:00
1607.25,3,4/7/2021 22:00
1607.28,3,4/7/2021 23:00
1607.24,3,4/8/2021 0:00
1607.21,3,4/8/2021 1:00
1607.06,3,4/8/2021 2:00
1607.1,3,4/8/2021 3:00
1607.07,3,4/8/2021 4:00
1606.99,3,4/8/2021 5:00
1607.09,3,4/8/2021 6:00
1607.02,3,4/8/2021 7:00
1607.04,3,4/8/2021 8:00
1607.02,3,4/8/2021 9:00
1607.04,3,4/8/2021 10:00
1607.18,3,4/8/2021 11:00
1607.13,3,4/8/2021 12:00
1607.2,3,4/8/2021 13:00
1607.17,3,4/8/2021 14:00
1607.13,3,4/8/2021 15:00
1607.15,3,4/8/2021 16:00
1607.13,3,4/8/2021 17:00
1607.14,3,4/8/2021 18:00
1607.15,3,4/8/2021 19:00
1607.13,3,4/8/2021 20:00
1607.12,3,4/8/2021 21:00
1607.09,3,4/8/2021 22:00
1607.02,3,4/8/2021 23:00
1607.03,3,4/9/2021 0:00
1607,3,4/9/2021 1:00
1606.98,3,4/9/2021 2:00
1606.98,3,4/9/2021 3:00
1607,3,4/9/2021 4:00
1607.02,3,4/9/2021 5:00
1606.99,3,4/9/2021 6:00
1607.1,3,4/9/2021 7:00
1607,3,4/9/2021 8:00
1606.99,3,4/9/2021 9:00
1607.07,3,4/9/2021 10:00
1607.05,3,4/9/2021 11:00
1607.08,3,4/9/2021 12:00
1607.02,3,4/9/2021 13:00
1607.07,3,4/9/2021 14:00
1607.17,3,4/9/2021 15:00
1607.19,3,4/9/2021 16:00
1607.25,3,4/9/2021 17:00
1607.33,3,4/9/2021 18:00
1607.3,3,4/9/2021 19:00
1607.34,3,4/9/2021 20:00
1607.33,3,4/9/2021 21:00
1607.22,3,4/9/2021 22:00
1607.1,3,4/9/2021 23:00
1607.05,3,4/10/2021 0:00
1606.96,3,4/10/2021 1:00
1606.86,3,4/10/2021 2:00
1606.8,3,4/10/2021 3:00
1606.84,3,4/10/2021 4:00
1606.8,3,4/10/2021 5:00
1606.77,3,4/10/2021 6:00
1606.76,3,4/10/2021 7:00
1606.76,3,4/10/2021 8:00
1606.72,3,4/10/2021 9:00
1606.78,3,4/10/2021 10:00
1606.73,3,4/10/2021 11:00
1606.89,3,4/10/2021 12:00
1606.87,3,4/10/2021 13:00
1606.89,3,4/10/2021 14:00
1606.78,3,4/10/2021 15:00
1606.82,3,4/10/2021 16:00
1606.76,3,4/10/2021 17:00
1606.79,3,4/10/2021 18:00
1606.73,3,4/10/2021 19:00
1606.71,3,4/10/2021 20:00
1606.74,3,4/10/2021 21:00
1606.68,3,4/10/2021 22:00
1606.63,3,4/10/2021 23:00
1606.68,3,4/11/2021 0:00
1606.67,3,4/11/2021 1:00
1606.63,3,4/11/2021 2:00
1606.78,3,4/11/2021 3:00
1606.73,3,4/11/2021 4:00
1606.73,3,4/11/2021 5:00
1606.81,3,4/11/2021 6:00
1606.8,3,4/11/2021 7:00
1606.84,3,4/11/2021 8:00
1606.8,3,4/11/2021 9:00
1606.85,3,4/11/2021 10:00
1606.88,3,4/11/2021 11:00
1606.79,3,4/11/2021 12:00
1606.86,3,4/11/2021 13:00
1606.91,3,4/11/2021 14:00
1606.85,3,4/11/2021 15:00
1606.96,3,4/11/2021 16:00
1606.94,3,4/11/2021 17:00
1606.95,3,4/11/2021 18:00
1606.91,3,4/11/2021 19:00
1606.93,3,4/11/2021 20:00
1607.04,3,4/11/2021 21:00
1606.9,3,4/11/2021 22:00
1606.87,3,4/11/2021 23:00
1606.84,3,4/12/2021 0:00
1606.93,3,4/12/2021 1:00
1606.68,3,4/12/2021 2:00
1606.93,3,4/12/2021 3:00
1606.95,3,4/12/2021 4:00
1606.9,3,4/12/2021 5:00
1606.89,3,4/12/2021 6:00
1606.98,3,4/12/2021 7:00
1606.86,3,4/12/2021 8:00
1606.74,3,4/12/2021 9:00
1606.84,3,4/12/2021 10:00
1606.77,3,4/12/2021 11:00
1606.88,3,4/12/2021 12:00
1607,3,4/12/2021 13:00
1606.98,3,4/12/2021 14:00
1606.91,3,4/12/2021 15:00
1607.03,3,4/12/2021 16:00
1606.93,3,4/12/2021 17:00
1607.02,3,4/12/2021 18:00
1607.12,3,4/12/2021 19:00
1607.06,3,4/12/2021 20:00
1607.1,3,4/12/2021 21:00
1607.12,3,4/12/2021 22:00
1607.19,3,4/12/2021 23:00
1607.08,3,4/13/2021 0:00
1607.08,3,4/13/2021 1:00
1607.02,3,4/13/2021 2:00
1607.05,3,4/13/2021 3:00
1606.97,3,4/13/2021 4:00
1606.84,3,4/13/2021 5:00
1606.79,3,4/13/2021 6:00
1606.85,3,4/13/2021 7:00
1606.84,3,4/13/2021 8:00
1606.78,3,4/13/2021 9:00
1606.82,3,4/13/2021 10:00
1606.68,3,4/13/2021 11:00
1606.85,3,4/13/2021 12:00
1606.91,3,4/13/2021 13:00
1606.9,3,4/13/2021 14:00
1606.85,3,4/13/2021 15:00
1606.89,3,4/13/2021 16:00
1606.9,3,4/13/2021 17:00
1606.94,3,4/13/2021 18:00
1606.98,3,4/13/2021 19:00
1606.96,3,4/13/2021 20:00
1607.08,3,4/13/2021 21:00
1606.95,3,4/13/2021 22:00
1607.02,3,4/13/2021 23:00
1607.03,3,4/14/2021 0:00
1606.97,3,4/14/2021 1:00
1606.99,3,4/14/2021 2:00
1606.98,3,4/14/2021 3:00
1606.98,3,4/14/2021 4:00
1606.86,3,4/14/2021 5:00
1606.89,3,4/14/2021 6:00
1606.9,3,4/14/2021 7:00
1606.77,3,4/14/2021 8:00
1606.65,3,4/14/2021 9:00
1606.76,3,4/14/2021 10:00
1606.68,3,4/14/2021 11:00
1606.77,3,4/14/2021 12:00
1606.81,3,4/14/2021 13:00
1606.84,3,4/14/2021 14:00
1606.8,3,4/14/2021 15:00
1606.78,3,4/14/2021 16:00
1606.85,3,4/14/2021 17:00
1606.82,3,4/14/2021 18:00
1606.77,3,4/14/2021 19:00
1606.81,3,4/14/2021 20:00
1606.85,3,4/14/2021 21:00
1606.75,3,4/14/2021 22:00
1606.73,3,4/14/2021 23:00
1606.74,3,4/15/2021 0:00
1606.73,3,4/15/2021 1:00
1606.63,3,4/15/2021 2:00
1606.7,3,4/15/2021 3:00
1606.75,3,4/15/2021 4:00
1606.72,3,4/15/2021 5:00
1606.77,3,4/15/2021 6:00
1606.75,3,4/15/2021 7:00
1606.78,3,4/15/2021 8:00
1606.75,3,4/15/2021 9:00
1606.79,3,4/15/2021 10:00
1606.63,3,4/15/2021 11:00
1606.75,3,4/15/2021 12:00
1606.72,3,4/15/2021 13:00
1606.76,3,4/15/2021 14:00
1606.7,3,4/15/2021 15:00
1606.67,3,4/15/2021 16:00
1606.65,3,4/15/2021 17:00
1606.68,3,4/15/2021 18:00
1606.67,3,4/15/2021 19:00
1606.64,3,4/15/2021 20:00
1606.65,3,4/15/2021 21:00
1606.7,3,4/15/2021 22:00
1606.69,3,4/15/2021 23:00
1606.73,3,4/16/2021 0:00
1606.71,3,4/16/2021 1:00
1606.79,3,4/16/2021 2:00
1606.76,3,4/16/2021 3:00
1606.79,3,4/16/2021 4:00
1606.77,3,4/16/2021 5:00
1606.8,3,4/16/2021 6:00
1606.82,3,4/16/2021 7:00
1606.73,3,4/16/2021 8:00
1606.69,3,4/16/2021 9:00
1606.7,3,4/16/2021 10:00
1606.62,3,4/16/2021 11:00
1606.66,3,4/16/2021 12:00
1606.67,3,4/16/2021 13:00
1606.69,3,4/16/2021 14:00
1606.71,3,4/16/2021 15:00
1606.69,3,4/16/2021 16:00
1606.73,3,4/16/2021 17:00
1606.75,3,4/16/2021 18:00
1606.71,3,4/16/2021 19:00
1606.76,3,4/16/2021 20:00
1606.83,3,4/16/2021 21:00
1606.79,3,4/16/2021 22:00
1606.77,3,4/16/2021 23:00
1606.82,3,4/17/2021 0:00
1606.77,3,4/17/2021 1:00
1606.71,3,4/17/2021 2:00
1606.72,3,4/17/2021 3:00
1606.72,3,4/17/2021 4:00
1606.66,3,4/17/2021 5:00
1606.62,3,4/17/2021 6:00
1606.61,3,4/17/2021 7:00
1606.62,3,4/17/2021 8:00
1606.65,3,4/17/2021 9:00
1606.65,3,4/17/2021 10:00
1606.63,3,4/17/2021 11:00
1606.69,3,4/17/2021 12:00
1606.69,3,4/17/2021 13:00
1606.77,3,4/17/2021 14:00
1606.73,3,4/17/2021 15:00
1606.67,3,4/17/2021 16:00
1606.7,3,4/17/2021 17:00
1606.7,3,4/17/2021 18:00
1606.64,3,4/17/2021 19:00
1606.64,3,4/17/2021 20:00
1606.65,3,4/17/2021 21:00
1606.63,3,4/17/2021 22:00
1606.6,3,4/17/2021 23:00
1606.6,3,4/18/2021 0:00
1606.58,3,4/18/2021 1:00
1606.58,3,4/18/2021 2:00
1606.68,3,4/18/2021 3:00
1606.6,3,4/18/2021 4:00
1606.63,3,4/18/2021 5:00
1606.62,3,4/18/2021 6:00
1606.64,3,4/18/2021 7:00
1606.64,3,4/18/2021 8:00
1606.62,3,4/18/2021 9:00
1606.65,3,4/18/2021 10:00
1606.64,3,4/18/2021 11:00
1606.59,3,4/18/2021 12:00
1606.58,3,4/18/2021 13:00
1606.55,3,4/18/2021 14:00
1606.57,3,4/18/2021 15:00
1606.57,3,4/18/2021 16:00
1606.57,3,4/18/2021 17:00
1606.55,3,4/18/2021 18:00
1606.62,3,4/18/2021 19:00
1606.82,3,4/18/2021 20:00
1606.96,3,4/18/2021 21:00
1607.1,3,4/18/2021 22:00
1607.26,3,4/18/2021 23:00
1607.25,3,4/19/2021 0:00
1607.18,3,4/19/2021 1:00
1607.19,3,4/19/2021 2:00
1607.09,3,4/19/2021 3:00
1606.96,3,4/19/2021 4:00
1606.86,3,4/19/2021 5:00
1606.81,3,4/19/2021 6:00
1606.69,3,4/19/2021 7:00
1606.58,3,4/19/2021 8:00
1606.49,3,4/19/2021 9:00
1606.48,3,4/19/2021 10:00
1606.52,3,4/19/2021 11:00
1606.52,3,4/19/2021 12:00
1606.62,3,4/19/2021 13:00
1606.7,3,4/19/2021 14:00
1606.76,3,4/19/2021 15:00
1606.81,3,4/19/2021 16:00
1606.87,3,4/19/2021 17:00
1606.87,3,4/19/2021 18:00
1606.88,3,4/19/2021 19:00
1606.86,3,4/19/2021 20:00
1606.86,3,4/19/2021 21:00
1606.8,3,4/19/2021 22:00
1606.74,3,4/19/2021 23:00
1606.73,3,4/20/2021 0:00
1606.71,3,4/20/2021 1:00
1606.63,3,4/20/2021 2:00
1606.53,3,4/20/2021 3:00
1606.56,3,4/20/2021 4:00
1606.56,3,4/20/2021 5:00
1606.57,3,4/20/2021 6:00
1606.59,3,4/20/2021 7:00
1606.54,3,4/20/2021 8:00
1606.54,3,4/20/2021 9:00
1606.6,3,4/20/2021 10:00
1606.55,3,4/20/2021 11:00
1606.55,3,4/20/2021 12:00
1606.56,3,4/20/2021 13:00
1606.59,3,4/20/2021 14:00
1606.65,3,4/20/2021 15:00
1606.61,3,4/20/2021 16:00
1606.59,3,4/20/2021 17:00
1606.7,3,4/20/2021 18:00
1606.76,3,4/20/2021 19:00
1606.72,3,4/20/2021 20:00
1606.8,3,4/20/2021 21:00
1606.79,3,4/20/2021 22:00
1606.91,3,4/20/2021 23:00
1607,3,4/21/2021 0:00
1606.91,3,4/21/2021 1:00
1606.88,3,4/21/2021 2:00
1606.94,3,4/21/2021 3:00
1606.79,3,4/21/2021 4:00
1606.61,3,4/21/2021 5:00
1606.64,3,4/21/2021 6:00
1606.55,3,4/21/2021 7:00
1606.5,3,4/21/2021 8:00
1606.43,3,4/21/2021 9:00
1606.45,3,4/21/2021 10:00
1606.36,3,4/21/2021 11:00
1606.44,3,4/21/2021 12:00
1606.49,3,4/21/2021 13:00
1606.53,3,4/21/2021 14:00
1606.53,3,4/21/2021 15:00
1606.58,3,4/21/2021 16:00
1606.64,3,4/21/2021 17:00
1606.66,3,4/21/2021 18:00
1606.58,3,4/21/2021 19:00
1606.65,3,4/21/2021 20:00
1606.66,3,4/21/2021 21:00
1606.55,3,4/21/2021 22:00
1606.49,3,4/21/2021 23:00
1606.52,3,4/22/2021 0:00
1606.47,3,4/22/2021 1:00
1606.41,3,4/22/2021 2:00
1606.42,3,4/22/2021 3:00
1606.49,3,4/22/2021 4:00
1606.42,3,4/22/2021 5:00
1606.49,3,4/22/2021 6:00
1606.52,3,4/22/2021 7:00
1606.55,3,4/22/2021 8:00
1606.55,3,4/22/2021 9:00
1606.58,3,4/22/2021 10:00
1606.62,3,4/22/2021 11:00
1606.5,3,4/22/2021 12:00
1606.52,3,4/22/2021 13:00
1606.52,3,4/22/2021 14:00
1606.47,3,4/22/2021 15:00
1606.44,3,4/22/2021 16:00
1606.41,3,4/22/2021 17:00
1606.34,3,4/22/2021 18:00
1606.29,3,4/22/2021 19:00
1606.24,3,4/22/2021 20:00
1606.17,3,4/22/2021 21:00
1606.18,3,4/22/2021 22:00
1606.13,3,4/22/2021 23:00
1606.25,3,4/23/2021 0:00
1606.26,3,4/23/2021 1:00
1606.29,3,4/23/2021 2:00
1606.44,3,4/23/2021 3:00
1606.48,3,4/23/2021 4:00
1606.57,3,4/23/2021 5:00
1606.59,3,4/23/2021 6:00
1606.69,3,4/23/2021 7:00
1606.7,3,4/23/2021 8:00
1606.74,3,4/23/2021 9:00
1606.76,3,4/23/2021 10:00
1606.71,3,4/23/2021 11:00
1606.62,3,4/23/2021 12:00
1606.64,3,4/23/2021 13:00
1606.64,3,4/23/2021 14:00
1606.64,3,4/23/2021 15:00
1606.58,3,4/23/2021 16:00
1606.62,3,4/23/2021 17:00
1606.75,3,4/23/2021 18:00
1606.84,3,4/23/2021 19:00
1606.92,3,4/23/2021 20:00
1606.83,3,4/23/2021 21:00
1606.81,3,4/23/2021 22:00
1606.77,3,4/23/2021 23:00
1606.68,3,4/24/2021 0:00
1606.65,3,4/24/2021 1:00
1606.7,3,4/24/2021 2:00
1606.69,3,4/24/2021 3:00
1606.51,3,4/24/2021 4:00
1606.45,3,4/24/2021 5:00
1606.47,3,4/24/2021 6:00
1606.44,3,4/24/2021 7:00
1606.43,3,4/24/2021 8:00
1606.46,3,4/24/2021 9:00
1606.5,3,4/24/2021 10:00
1606.52,3,4/24/2021 11:00
1606.56,3,4/24/2021 12:00
1606.63,3,4/24/2021 13:00
1606.59,3,4/24/2021 14:00
1606.5,3,4/24/2021 15:00
1606.57,3,4/24/2021 16:00
1606.57,3,4/24/2021 17:00
1606.52,3,4/24/2021 18:00
1606.45,3,4/24/2021 19:00
1606.53,3,4/24/2021 20:00
1606.46,3,4/24/2021 21:00
1606.39,3,4/24/2021 22:00
1606.34,3,4/24/2021 23:00
1606.38,3,4/25/2021 0:00
1606.36,3,4/25/2021 1:00
1606.46,3,4/25/2021 2:00
1606.45,3,4/25/2021 3:00
1606.55,3,4/25/2021 4:00
1606.52,3,4/25/2021 5:00
1606.58,3,4/25/2021 6:00
1606.61,3,4/25/2021 7:00
1606.55,3,4/25/2021 8:00
1606.57,3,4/25/2021 9:00
1606.52,3,4/25/2021 10:00
1606.47,3,4/25/2021 11:00
1606.44,3,4/25/2021 12:00
1606.39,3,4/25/2021 13:00
1606.41,3,4/25/2021 14:00
1606.35,3,4/25/2021 15:00
1606.43,3,4/25/2021 16:00
1606.43,3,4/25/2021 17:00
1606.45,3,4/25/2021 18:00
1606.41,3,4/25/2021 19:00
1606.5,3,4/25/2021 20:00
1606.58,3,4/25/2021 21:00
1606.53,3,4/25/2021 22:00
1606.57,3,4/25/2021 23:00
1606.65,3,4/26/2021 0:00
1606.63,3,4/26/2021 1:00
1606.74,3,4/26/2021 2:00
1606.74,3,4/26/2021 3:00
1606.67,3,4/26/2021 4:00
1606.74,3,4/26/2021 5:00
1606.59,3,4/26/2021 6:00
1606.7,3,4/26/2021 7:00
1606.68,3,4/26/2021 8:00
1606.61,3,4/26/2021 9:00
1606.59,3,4/26/2021 10:00
1606.65,3,4/26/2021 11:00
1606.65,3,4/26/2021 12:00
1606.56,3,4/26/2021 13:00
1606.58,3,4/26/2021 14:00
1606.55,3,4/26/2021 15:00
1606.6,3,4/26/2021 16:00
1606.6,3,4/26/2021 17:00
1606.59,3,4/26/2021 18:00
1606.69,3,4/26/2021 19:00
1606.69,3,4/26/2021 20:00
1606.59,3,4/26/2021 21:00
1606.68,3,4/26/2021 22:00
1606.7,3,4/26/2021 23:00
1606.65,3,4/27/2021 0:00
1606.59,3,4/27/2021 1:00
1606.58,3,4/27/2021 2:00
1606.47,3,4/27/2021 3:00
1606.6,3,4/27/2021 4:00
1606.6,3,4/27/2021 5:00
1606.59,3,4/27/2021 6:00
1606.59,3,4/27/2021 7:00
1606.58,3,4/27/2021 8:00
1606.69,3,4/27/2021 9:00
1606.58,3,4/27/2021 10:00
1606.48,3,4/27/2021 11:00
1606.68,3,4/27/2021 12:00
1606.61,3,4/27/2021 13:00
1606.59,3,4/27/2021 14:00
1606.69,3,4/27/2021 15:00
1606.63,3,4/27/2021 16:00
1606.6,3,4/27/2021 17:00
1606.57,3,4/27/2021 18:00
1606.5,3,4/27/2021 19:00
1606.56,3,4/27/2021 20:00
1606.69,3,4/27/2021 21:00
1606.47,3,4/27/2021 22:00
1606.53,3,4/27/2021 23:00
1606.52,3,4/28/2021 0:00
1606.36,3,4/28/2021 1:00
1606.51,3,4/28/2021 2:00
1606.6,3,4/28/2021 3:00
1606.47,3,4/28/2021 4:00
1606.53,3,4/28/2021 5:00
1606.57,3,4/28/2021 6:00
1606.59,3,4/28/2021 7:00
1606.62,3,4/28/2021 8:00
1606.58,3,4/28/2021 9:00
1606.61,3,4/28/2021 10:00
1606.6,3,4/28/2021 11:00
1606.47,3,4/28/2021 12:00
1606.44,3,4/28/2021 13:00
1606.54,3,4/28/2021 14:00
1606.43,3,4/28/2021 15:00
1606.37,3,4/28/2021 16:00
1606.45,3,4/28/2021 17:00
1606.39,3,4/28/2021 18:00
1606.34,3,4/28/2021 19:00
1606.42,3,4/28/2021 20:00
1606.36,3,4/28/2021 21:00
1606.41,3,4/28/2021 22:00
1606.46,3,4/28/2021 23:00
1606.42,3,4/29/2021 0:00
1606.48,3,4/29/2021 1:00
1606.55,3,4/29/2021 2:00
1606.48,3,4/29/2021 3:00
1606.49,3,4/29/2021 4:00
1606.58,3,4/29/2021 5:00
1606.52,3,4/29/2021 6:00
1606.53,3,4/29/2021 7:00
1606.63,3,4/29/2021 8:00
1606.61,3,4/29/2021 9:00
1606.66,3,4/29/2021 10:00
1606.68,3,4/29/2021 11:00
1606.59,3,4/29/2021 12:00
1606.66,3,4/29/2021 13:00
1606.58,3,4/29/2021 14:00
1606.48,3,4/29/2021 15:00
1606.45,3,4/29/2021 16:00
1606.39,3,4/29/2021 17:00
1606.34,3,4/29/2021 18:00
1606.26,3,4/29/2021 19:00
1606.33,3,4/29/2021 20:00
1606.24,3,4/29/2021 21:00
1606.29,3,4/29/2021 22:00
1606.27,3,4/29/2021 23:00
1606.3,3,4/30/2021 0:00
1606.36,3,4/30/2021 1:00
1606.41,3,4/30/2021 2:00
1606.47,3,4/30/2021 3:00
1606.64,3,4/30/2021 4:00
1606.63,3,4/30/2021 5:00
1606.73,3,4/30/2021 6:00
1606.7,3,4/30/2021 7:00
1606.59,3,4/30/2021 8:00
1606.58,3,4/30/2021 9:00
1606.54,3,4/30/2021 10:00
1606.42,3,4/30/2021 11:00
1606.38,3,4/30/2021 12:00
1606.29,3,4/30/2021 13:00
1606.29,3,4/30/2021 14:00
1606.24,3,4/30/2021 15:00
1606.24,3,4/30/2021 16:00
1606.23,3,4/30/2021 17:00
1606.23,3,4/30/2021 18:00
1606.3,3,4/30/2021 19:00
1606.28,3,4/30/2021 20:00
1606.29,3,4/30/2021 21:00
1606.21,3,4/30/2021 22:00
1606.2,3,4/30/2021 23:00
1606.28,3,5/1/2021 0:00
1606.21,3,5/1/2021 1:00
1606.23,3,5/1/2021 2:00
1606.46,3,5/1/2021 3:00
1606.3,3,5/1/2021 4:00
1606.4,3,5/1/2021 5:00
1606.4,3,5/1/2021 6:00
1606.43,3,5/1/2021 7:00
1606.42,3,5/1/2021 8:00
1606.41,3,5/1/2021 9:00
1606.49,3,5/1/2021 10:00
1606.44,3,5/1/2021 11:00
1606.38,3,5/1/2021 12:00
1606.47,3,5/1/2021 13:00
1606.43,3,5/1/2021 14:00
1606.41,3,5/1/2021 15:00
1606.4,3,5/1/2021 16:00
1606.42,3,5/1/2021 17:00
1606.41,3,5/1/2021 18:00
1606.34,3,5/1/2021 19:00
1606.4,3,5/1/2021 20:00
1606.46,3,5/1/2021 21:00
1606.32,3,5/1/2021 22:00
1606.37,3,5/1/2021 23:00
1606.42,3,5/2/2021 0:00
1606.4,3,5/2/2021 1:00
1606.39,3,5/2/2021 2:00
1606.55,3,5/2/2021 3:00
1606.48,3,5/2/2021 4:00
1606.46,3,5/2/2021 5:00
1606.39,3,5/2/2021 6:00
1606.41,3,5/2/2021 7:00
1606.41,3,5/2/2021 8:00
1606.37,3,5/2/2021 9:00
1606.3,3,5/2/2021 10:00
1606.42,3,5/2/2021 11:00
1606.41,3,5/2/2021 12:00
1606.36,3,5/2/2021 13:00
1606.47,3,5/2/2021 14:00
1606.37,3,5/2/2021 15:00
1606.36,3,5/2/2021 16:00
1606.39,3,5/2/2021 17:00
1606.44,3,5/2/2021 18:00
1606.5,3,5/2/2021 19:00
1606.43,3,5/2/2021 20:00
1606.53,3,5/2/2021 21:00
1606.61,3,5/2/2021 22:00
1606.53,3,5/2/2021 23:00
1606.53,3,5/3/2021 0:00
1606.53,3,5/3/2021 1:00
1606.6,3,5/3/2021 2:00
1606.57,3,5/3/2021 3:00
1606.6,3,5/3/2021 4:00
1606.6,3,5/3/2021 5:00
1606.56,3,5/3/2021 6:00
1606.55,3,5/3/2021 7:00
1606.6,3,5/3/2021 8:00
1606.53,3,5/3/2021 9:00
1606.48,3,5/3/2021 10:00
1606.46,3,5/3/2021 11:00
1606.51,3,5/3/2021 12:00
1606.47,3,5/3/2021 13:00
1606.44,3,5/3/2021 14:00
1606.57,3,5/3/2021 15:00
1606.53,3,5/3/2021 16:00
1606.55,3,5/3/2021 17:00
1606.6,3,5/3/2021 18:00
1606.65,3,5/3/2021 19:00
1606.61,3,5/3/2021 20:00
1606.57,3,5/3/2021 21:00
1606.65,3,5/3/2021 22:00
1606.5,3,5/3/2021 23:00
1606.44,3,5/4/2021 0:00
1606.41,3,5/4/2021 1:00
1606.34,3,5/4/2021 2:00
1606.24,3,5/4/2021 3:00
1606.33,3,5/4/2021 4:00
1606.27,3,5/4/2021 5:00
1606.3,3,5/4/2021 6:00
1606.33,3,5/4/2021 7:00
1606.3,3,5/4/2021 8:00
1606.37,3,5/4/2021 9:00
1606.33,3,5/4/2021 10:00
1606.33,3,5/4/2021 11:00
1606.43,3,5/4/2021 12:00
1606.42,3,5/4/2021 13:00
1606.44,3,5/4/2021 14:00
1606.39,3,5/4/2021 15:00
1606.38,3,5/4/2021 16:00
1606.33,3,5/4/2021 17:00
1606.35,3,5/4/2021 18:00
1606.31,3,5/4/2021 19:00
1606.29,3,5/4/2021 20:00
1606.31,3,5/4/2021 21:00
1606.28,3,5/4/2021 22:00
1606.21,3,5/4/2021 23:00
1606.26,3,5/5/2021 0:00
1606.23,3,5/5/2021 1:00
1606.26,3,5/5/2021 2:00
1606.36,3,5/5/2021 3:00
1606.31,3,5/5/2021 4:00
1606.37,3,5/5/2021 5:00
1606.34,3,5/5/2021 6:00
1606.39,3,5/5/2021 7:00
1606.35,3,5/5/2021 8:00
1606.31,3,5/5/2021 9:00
1606.31,3,5/5/2021 10:00
1606.34,3,5/5/2021 11:00
1606.31,3,5/5/2021 12:00
1606.3,3,5/5/2021 13:00
1606.32,3,5/5/2021 14:00
1606.2,3,5/5/2021 15:00
1606.25,3,5/5/2021 16:00
1606.35,3,5/5/2021 17:00
1606.44,3,5/5/2021 18:00
1606.4,3,5/5/2021 19:00
1606.43,3,5/5/2021 20:00
1606.5,3,5/5/2021 21:00
1606.46,3,5/5/2021 22:00
1606.37,3,5/5/2021 23:00
1606.36,3,5/6/2021 0:00
1606.3,3,5/6/2021 1:00
1606.23,3,5/6/2021 2:00
1606.38,3,5/6/2021 3:00
1606.21,3,5/6/2021 4:00
1606.23,3,5/6/2021 5:00
1606.19,3,5/6/2021 6:00
1606.2,3,5/6/2021 7:00
1606.25,3,5/6/2021 8:00
1606.17,3,5/6/2021 9:00
1606.22,3,5/6/2021 10:00
1606.28,3,5/6/2021 11:00
1606.32,3,5/6/2021 12:00
1606.32,3,5/6/2021 13:00
1606.28,3,5/6/2021 14:00
1606.28,3,5/6/2021 15:00
1606.2,3,5/6/2021 16:00
1606.28,3,5/6/2021 17:00
1606.32,3,5/6/2021 18:00
1606.2,3,5/6/2021 19:00
1606.2,3,5/6/2021 20:00
1606.19,3,5/6/2021 21:00
1606.18,3,5/6/2021 22:00
1606.14,3,5/6/2021 23:00
1606.11,3,5/7/2021 0:00
1606.22,3,5/7/2021 1:00
1606.18,3,5/7/2021 2:00
1606.28,3,5/7/2021 3:00
1606.36,3,5/7/2021 4:00
1606.39,3,5/7/2021 5:00
1606.4,3,5/7/2021 6:00
1606.44,3,5/7/2021 7:00
1606.42,3,5/7/2021 8:00
1606.36,3,5/7/2021 9:00
1606.32,3,5/7/2021 10:00
1606.24,3,5/7/2021 11:00
1606.23,3,5/7/2021 12:00
1606.18,3,5/7/2021 13:00
1606.16,3,5/7/2021 14:00
1606.15,3,5/7/2021 15:00
1606.15,3,5/7/2021 16:00
1606.16,3,5/7/2021 17:00
1606.16,3,5/7/2021 18:00
1606.18,3,5/7/2021 19:00
1606.19,3,5/7/2021 20:00
1606.16,3,5/7/2021 21:00
1606.23,3,5/7/2021 22:00
1606.22,3,5/7/2021 23:00
1606.2,3,5/8/2021 0:00
1606.23,3,5/8/2021 1:00
1606.22,3,5/8/2021 2:00
1606.15,3,5/8/2021 3:00
1606.24,3,5/8/2021 4:00
1606.24,3,5/8/2021 5:00
1606.18,3,5/8/2021 6:00
1606.28,3,5/8/2021 7:00
1606.21,3,5/8/2021 8:00
1606.28,3,5/8/2021 9:00
1606.19,3,5/8/2021 10:00
1606.12,3,5/8/2021 11:00
1606.12,3,5/8/2021 12:00
1606.32,3,5/8/2021 13:00
1606.43,3,5/8/2021 14:00
1606.12,3,5/8/2021 15:00
1606.17,3,5/8/2021 16:00
1606.27,3,5/8/2021 17:00
1606.13,3,5/8/2021 18:00
1606.29,3,5/8/2021 19:00
1606.26,3,5/8/2021 20:00
1606.19,3,5/8/2021 21:00
1606.29,3,5/8/2021 22:00
1606.13,3,5/8/2021 23:00
1606.39,3,5/9/2021 0:00
1606.43,3,5/9/2021 1:00
1606.31,3,5/9/2021 2:00
1606.29,3,5/9/2021 3:00
1606.4,3,5/9/2021 4:00
1606.32,3,5/9/2021 5:00
1606.29,3,5/9/2021 6:00
1606.28,3,5/9/2021 7:00
1606.33,3,5/9/2021 8:00
1606.3,3,5/9/2021 9:00
1606.3,3,5/9/2021 10:00
1606.31,3,5/9/2021 11:00
1606.25,3,5/9/2021 12:00
1606.28,3,5/9/2021 13:00
1606.29,3,5/9/2021 14:00
1606.36,3,5/9/2021 15:00
1606.25,3,5/9/2021 16:00
1606.31,3,5/9/2021 17:00
1606.46,3,5/9/2021 18:00
1606.35,3,5/9/2021 19:00
1606.34,3,5/9/2021 20:00
1606.33,3,5/9/2021 21:00
1606.29,3,5/9/2021 22:00
1606.25,3,5/9/2021 23:00
1606.18,3,5/10/2021 0:00
1606.2,3,5/10/2021 1:00
1606.19,3,5/10/2021 2:00
1606.27,3,5/10/2021 3:00
1606.23,3,5/10/2021 4:00
1606.19,3,5/10/2021 5:00
1606.24,3,5/10/2021 6:00
1606.33,3,5/10/2021 7:00
1606.29,3,5/10/2021 8:00
1606.37,3,5/10/2021 9:00
1606.37,3,5/10/2021 10:00
1606.37,3,5/10/2021 11:00
1606.39,3,5/10/2021 12:00
1606.35,3,5/10/2021 13:00
1606.33,3,5/10/2021 14:00
1606.25,3,5/10/2021 15:00
1606.25,3,5/10/2021 16:00
1606.26,3,5/10/2021 17:00
1606.19,3,5/10/2021 18:00
1606.22,3,5/10/2021 19:00
1606.16,3,5/10/2021 20:00
1606.23,3,5/10/2021 21:00
1606.19,3,5/10/2021 22:00
1606.14,3,5/10/2021 23:00
1606.24,3,5/11/2021 0:00
1606.28,3,5/11/2021 1:00
1606.24,3,5/11/2021 2:00
1606.38,3,5/11/2021 3:00
1606.29,3,5/11/2021 4:00
1606.29,3,5/11/2021 5:00
1606.26,3,5/11/2021 6:00
1606.27,3,5/11/2021 7:00
1606.24,3,5/11/2021 8:00
1606.2,3,5/11/2021 9:00
1606.22,3,5/11/2021 10:00
1606.25,3,5/11/2021 11:00
1606.18,3,5/11/2021 12:00
1606.18,3,5/11/2021 13:00
1606.19,3,5/11/2021 14:00
1606.21,3,5/11/2021 15:00
1606.17,3,5/11/2021 16:00
1606.18,3,5/11/2021 17:00
1606.2,3,5/11/2021 18:00
1606.18,3,5/11/2021 19:00
1606.18,3,5/11/2021 20:00
1606.19,3,5/11/2021 21:00
1606.16,3,5/11/2021 22:00
1606.16,3,5/11/2021 23:00
1606.18,3,5/12/2021 0:00
1606.19,3,5/12/2021 1:00
1606.17,3,5/12/2021 2:00
1606.18,3,5/12/2021 3:00
1606.18,3,5/12/2021 4:00
1606.19,3,5/12/2021 5:00
1606.17,3,5/12/2021 6:00
1606.19,3,5/12/2021 7:00
1606.18,3,5/12/2021 8:00
1606.17,3,5/12/2021 9:00
1606.17,3,5/12/2021 10:00
1606.17,3,5/12/2021 11:00
1606.16,3,5/12/2021 12:00
1606.14,3,5/12/2021 13:00
1606.14,3,5/12/2021 14:00
1606.12,3,5/12/2021 15:00
1606.07,3,5/12/2021 16:00
1606.12,3,5/12/2021 17:00
1606.08,3,5/12/2021 18:00
1606.06,3,5/12/2021 19:00
1606.08,3,5/12/2021 20:00
1606.07,3,5/12/2021 21:00
1606.09,3,5/12/2021 22:00
1606.07,3,5/12/2021 23:00
1606.09,3,5/13/2021 0:00
1606.12,3,5/13/2021 1:00
1606.15,3,5/13/2021 2:00
1606.18,3,5/13/2021 3:00
1606.18,3,5/13/2021 4:00
1606.14,3,5/13/2021 5:00
1606.13,3,5/13/2021 6:00
1606.18,3,5/13/2021 7:00
1606.18,3,5/13/2021 8:00
1606.16,3,5/13/2021 9:00
1606.16,3,5/13/2021 10:00
1605.96,3,5/13/2021 11:00
1606.07,3,5/13/2021 12:00
1606.1,3,5/13/2021 13:00
1606.03,3,5/13/2021 14:00
1606.06,3,5/13/2021 15:00
1606.05,3,5/13/2021 16:00
1606.1,3,5/13/2021 17:00
1606.11,3,5/13/2021 18:00
1606.14,3,5/13/2021 19:00
1606.08,3,5/13/2021 20:00
1606.12,3,5/13/2021 21:00
1606.13,3,5/13/2021 22:00
1606.12,3,5/13/2021 23:00
1606.13,3,5/14/2021 0:00
1606.13,3,5/14/2021 1:00
1606.14,3,5/14/2021 2:00
1606.13,3,5/14/2021 3:00
1606.15,3,5/14/2021 4:00
1606.18,3,5/14/2021 5:00
1606.17,3,5/14/2021 6:00
1606.17,3,5/14/2021 7:00
1606.16,3,5/14/2021 8:00
1606.15,3,5/14/2021 9:00
1606.14,3,5/14/2021 10:00
1606.13,3,5/14/2021 11:00
1606.14,3,5/14/2021 12:00
1606.12,3,5/14/2021 13:00
1606.12,3,5/14/2021 14:00
1606.12,3,5/14/2021 15:00
1606.11,3,5/14/2021 16:00
1606.14,3,5/14/2021 17:00
1606.08,3,5/14/2021 18:00
1606.08,3,5/14/2021 19:00
1606.09,3,5/14/2021 20:00
1606.06,3,5/14/2021 21:00
1606.06,3,5/14/2021 22:00
1606.09,3,5/14/2021 23:00
1606.19,3,5/15/2021 0:00
1606.08,3,5/15/2021 1:00
1606.06,3,5/15/2021 2:00
1606.18,3,5/15/2021 3:00
1606.13,3,5/15/2021 4:00
1606.11,3,5/15/2021 5:00
1606.1,3,5/15/2021 6:00
1606.12,3,5/15/2021 7:00
1606.13,3,5/15/2021 8:00
1606.12,3,5/15/2021 9:00
1606.13,3,5/15/2021 10:00
1606.16,3,5/15/2021 11:00
1606.08,3,5/15/2021 12:00
1606.08,3,5/15/2021 13:00
1606.14,3,5/15/2021 14:00
1606.08,3,5/15/2021 15:00
1606.06,3,5/15/2021 16:00
1606.09,3,5/15/2021 17:00
1606.11,3,5/15/2021 18:00
1605.98,3,5/15/2021 19:00
1606,3,5/15/2021 20:00
1606.06,3,5/15/2021 21:00
1606.07,3,5/15/2021 22:00
1606.05,3,5/15/2021 23:00
1606.02,3,5/16/2021 0:00
1606.1,3,5/16/2021 1:00
1606.04,3,5/16/2021 2:00
1606.03,3,5/16/2021 3:00
1606.05,3,5/16/2021 4:00
1606.08,3,5/16/2021 5:00
1606.06,3,5/16/2021 6:00
1606.07,3,5/16/2021 7:00
1606.14,3,5/16/2021 8:00
1606.11,3,5/16/2021 9:00
1606.09,3,5/16/2021 10:00
1606.05,3,5/16/2021 11:00
1606.11,3,5/16/2021 12:00
1606.04,3,5/16/2021 13:00
1606.02,3,5/16/2021 14:00
1606.09,3,5/16/2021 15:00
1606.07,3,5/16/2021 16:00
1605.98,3,5/16/2021 17:00
1606.06,3,5/16/2021 18:00
1605.97,3,5/16/2021 19:00
1605.99,3,5/16/2021 20:00
1606.04,3,5/16/2021 21:00
1605.99,3,5/16/2021 22:00
1605.97,3,5/16/2021 23:00
1605.9,3,5/17/2021 0:00
1605.98,3,5/17/2021 1:00
1605.96,3,5/17/2021 2:00
1606,3,5/17/2021 3:00
1606.05,3,5/17/2021 4:00
1606.09,3,5/17/2021 5:00
1606.13,3,5/17/2021 6:00
1606.09,3,5/17/2021 7:00
1606.12,3,5/17/2021 8:00
1606.14,3,5/17/2021 9:00
1606.1,3,5/17/2021 10:00
1606.04,3,5/17/2021 11:00
1606,3,5/17/2021 12:00
1606.05,3,5/17/2021 13:00
1606.02,3,5/17/2021 14:00
1605.97,3,5/17/2021 15:00
1606.03,3,5/17/2021 16:00
1605.96,3,5/17/2021 17:00
1605.95,3,5/17/2021 18:00
1605.95,3,5/17/2021 19:00
1605.91,3,5/17/2021 20:00
1605.88,3,5/17/2021 21:00
1605.87,3,5/17/2021 22:00
1605.88,3,5/17/2021 23:00
1605.92,3,5/18/2021 0:00
1605.86,3,5/18/2021 1:00
1605.86,3,5/18/2021 2:00
1605.88,3,5/18/2021 3:00
1605.91,3,5/18/2021 4:00
1605.94,3,5/18/2021 5:00
1605.96,3,5/18/2021 6:00
1606.03,3,5/18/2021 7:00
1606.07,3,5/18/2021 8:00
1606.1,3,5/18/2021 9:00
1606.13,3,5/18/2021 10:00
1606.05,3,5/18/2021 11:00
1606.07,3,5/18/2021 12:00
1606.02,3,5/18/2021 13:00
1605.98,3,5/18/2021 14:00
1605.93,3,5/18/2021 15:00
1605.94,3,5/18/2021 16:00
1605.83,3,5/18/2021 17:00
1605.84,3,5/18/2021 18:00
1605.78,3,5/18/2021 19:00
1605.75,3,5/18/2021 20:00
1605.73,3,5/18/2021 21:00
1605.64,3,5/18/2021 22:00
1605.77,3,5/18/2021 23:00
1605.81,3,5/19/2021 0:00
1605.84,3,5/19/2021 1:00
1605.81,3,5/19/2021 2:00
1605.88,3,5/19/2021 3:00
1605.86,3,5/19/2021 4:00
1605.93,3,5/19/2021 5:00
1605.94,3,5/19/2021 6:00
1605.97,3,5/19/2021 7:00
1605.99,3,5/19/2021 8:00
1605.98,3,5/19/2021 9:00
1605.96,3,5/19/2021 10:00
1605.89,3,5/19/2021 11:00
1605.82,3,5/19/2021 12:00
1605.87,3,5/19/2021 13:00
1605.87,3,5/19/2021 14:00
1605.8,3,5/19/2021 15:00
1605.83,3,5/19/2021 16:00
1605.86,3,5/19/2021 17:00
1605.93,3,5/19/2021 18:00
1605.86,3,5/19/2021 19:00
1605.9,3,5/19/2021 20:00
1605.95,3,5/19/2021 21:00
1605.99,3,5/19/2021 22:00
1605.96,3,5/19/2021 23:00
1606.06,3,5/20/2021 0:00
1606.07,3,5/20/2021 1:00
1605.98,3,5/20/2021 2:00
1606.02,3,5/20/2021 3:00
1605.98,3,5/20/2021 4:00
1605.96,3,5/20/2021 5:00
1605.88,3,5/20/2021 6:00
1605.91,3,5/20/2021 7:00
1605.91,3,5/20/2021 8:00
1605.88,3,5/20/2021 9:00
1605.83,3,5/20/2021 10:00
1605.85,3,5/20/2021 11:00
1605.88,3,5/20/2021 12:00
1605.91,3,5/20/2021 13:00
1605.95,3,5/20/2021 14:00
1605.9,3,5/20/2021 15:00
1605.85,3,5/20/2021 16:00
1605.9,3,5/20/2021 17:00
1605.92,3,5/20/2021 18:00
1605.94,3,5/20/2021 19:00
1605.95,3,5/20/2021 20:00
1605.86,3,5/20/2021 21:00
1605.86,3,5/20/2021 22:00
1605.84,3,5/20/2021 23:00
1605.77,3,5/21/2021 0:00
1605.77,3,5/21/2021 1:00
1605.76,3,5/21/2021 2:00
1605.83,3,5/21/2021 3:00
1605.74,3,5/21/2021 4:00
1605.77,3,5/21/2021 5:00
1605.81,3,5/21/2021 6:00
1605.86,3,5/21/2021 7:00
1605.9,3,5/21/2021 8:00
1605.88,3,5/21/2021 9:00
1605.93,3,5/21/2021 10:00
1606.01,3,5/21/2021 11:00
1605.93,3,5/21/2021 12:00
1605.95,3,5/21/2021 13:00
1605.95,3,5/21/2021 14:00
1606.01,3,5/21/2021 15:00
1605.93,3,5/21/2021 16:00
1605.88,3,5/21/2021 17:00
1605.84,3,5/21/2021 18:00
1605.85,3,5/21/2021 19:00
1605.9,3,5/21/2021 20:00
1605.9,3,5/21/2021 21:00
1605.89,3,5/21/2021 22:00
1605.94,3,5/21/2021 23:00
1606.01,3,5/22/2021 0:00
1605.99,3,5/22/2021 1:00
1606.03,3,5/22/2021 2:00
1606.06,3,5/22/2021 3:00
1606.04,3,5/22/2021 4:00
1606.1,3,5/22/2021 5:00
1606.17,3,5/22/2021 6:00
1606.14,3,5/22/2021 7:00
1605.97,3,5/22/2021 8:00
1606,3,5/22/2021 9:00
1605.94,3,5/22/2021 10:00
1605.92,3,5/22/2021 11:00
1605.89,3,5/22/2021 12:00
1605.95,3,5/22/2021 13:00
1606.02,3,5/22/2021 14:00
1605.98,3,5/22/2021 15:00
1605.93,3,5/22/2021 16:00
1606.01,3,5/22/2021 17:00
1605.98,3,5/22/2021 18:00
1606.02,3,5/22/2021 19:00
1606.06,3,5/22/2021 20:00
1606.07,3,5/22/2021 21:00
1606.09,3,5/22/2021 22:00
1606.04,3,5/22/2021 23:00
1606.05,3,5/23/2021 0:00
1605.97,3,5/23/2021 1:00
1605.88,3,5/23/2021 2:00
1605.97,3,5/23/2021 3:00
1606.09,3,5/23/2021 4:00
1605.99,3,5/23/2021 5:00
1606.04,3,5/23/2021 6:00
1606.03,3,5/23/2021 7:00
1605.98,3,5/23/2021 8:00
1605.99,3,5/23/2021 9:00
1605.95,3,5/23/2021 10:00
1606.07,3,5/23/2021 11:00
1606,3,5/23/2021 12:00
1605.98,3,5/23/2021 13:00
1606.03,3,5/23/2021 14:00
1605.93,3,5/23/2021 15:00
1605.91,3,5/23/2021 16:00
1605.92,3,5/23/2021 17:00
1605.93,3,5/23/2021 18:00
1605.95,3,5/23/2021 19:00
1605.91,3,5/23/2021 20:00
1605.89,3,5/23/2021 21:00
1605.79,3,5/23/2021 22:00
1605.81,3,5/23/2021 23:00
1605.85,3,5/24/2021 0:00
1605.8,3,5/24/2021 1:00
1605.83,3,5/24/2021 2:00
1605.89,3,5/24/2021 3:00
1605.78,3,5/24/2021 4:00
1605.65,3,5/24/2021 5:00
1605.79,3,5/24/2021 6:00
1606.03,3,5/24/2021 7:00
1605.76,3,5/24/2021 8:00
1605.86,3,5/24/2021 9:00
1606.01,3,5/24/2021 10:00
1605.97,3,5/24/2021 11:00
1605.92,3,5/24/2021 12:00
1605.81,3,5/24/2021 13:00
1605.89,3,5/24/2021 14:00
1605.88,3,5/24/2021 15:00
1605.67,3,5/24/2021 16:00
1605.69,3,5/24/2021 17:00
1605.73,3,5/24/2021 18:00
1605.63,3,5/24/2021 19:00
1605.57,3,5/24/2021 20:00
1605.69,3,5/24/2021 21:00
1605.52,3,5/24/2021 22:00
1605.58,3,5/24/2021 23:00
1605.6,3,5/25/2021 0:00
1605.57,3,5/25/2021 1:00
1605.55,3,5/25/2021 2:00
1605.78,3,5/25/2021 3:00
1605.7,3,5/25/2021 4:00
1605.81,3,5/25/2021 5:00
1605.88,3,5/25/2021 6:00
1605.95,3,5/25/2021 7:00
1606.03,3,5/25/2021 8:00
1606.02,3,5/25/2021 9:00
1606.01,3,5/25/2021 10:00
1606.05,3,5/25/2021 11:00
1605.98,3,5/25/2021 12:00
1605.9,3,5/25/2021 13:00
1605.92,3,5/25/2021 14:00
1605.86,3,5/25/2021 15:00
1605.8,3,5/25/2021 16:00
1605.8,3,5/25/2021 17:00
1605.86,3,5/25/2021 18:00
1605.83,3,5/25/2021 19:00
1605.83,3,5/25/2021 20:00
1606.02,3,5/25/2021 21:00
1606.13,3,5/25/2021 22:00
1606.05,3,5/25/2021 23:00
1606.13,3,5/26/2021 0:00
1606.12,3,5/26/2021 1:00
1606,3,5/26/2021 2:00
1606.05,3,5/26/2021 3:00
1606.02,3,5/26/2021 4:00
1605.93,3,5/26/2021 5:00
1605.91,3,5/26/2021 6:00
1605.93,3,5/26/2021 7:00
1605.89,3,5/26/2021 8:00
1605.87,3,5/26/2021 9:00
1605.86,3,5/26/2021 10:00
1605.87,3,5/26/2021 11:00
1605.89,3,5/26/2021 12:00
1605.88,3,5/26/2021 13:00
1605.97,3,5/26/2021 14:00
1605.95,3,5/26/2021 15:00
1605.93,3,5/26/2021 16:00
1605.95,3,5/26/2021 17:00
1605.89,3,5/26/2021 18:00
1605.81,3,5/26/2021 19:00
1605.9,3,5/26/2021 20:00
1605.86,3,5/26/2021 21:00
1605.81,3,5/26/2021 22:00
1605.84,3,5/26/2021 23:00
1605.91,3,5/27/2021 0:00
1605.86,3,5/27/2021 1:00
1605.76,3,5/27/2021 2:00
1606.02,3,5/27/2021 3:00
1605.98,3,5/27/2021 4:00
1605.98,3,5/27/2021 5:00
1605.93,3,5/27/2021 6:00
1606.14,3,5/27/2021 7:00
1606.01,3,5/27/2021 8:00
1606.23,3,5/27/2021 9:00
1606.16,3,5/27/2021 10:00
1605.94,3,5/27/2021 11:00
1606.04,3,5/27/2021 12:00
1606.03,3,5/27/2021 13:00
1606.11,3,5/27/2021 14:00
1606.02,3,5/27/2021 15:00
1606.13,3,5/27/2021 16:00
1606.01,3,5/27/2021 17:00
1606.02,3,5/27/2021 18:00
1606.1,3,5/27/2021 19:00
1605.93,3,5/27/2021 20:00
1605.99,3,5/27/2021 21:00
1606.03,3,5/27/2021 22:00
1605.98,3,5/27/2021 23:00
1605.96,3,5/28/2021 0:00
1605.96,3,5/28/2021 1:00
1605.86,3,5/28/2021 2:00
1606.05,3,5/28/2021 3:00
1605.89,3,5/28/2021 4:00
1605.85,3,5/28/2021 5:00
1605.83,3,5/28/2021 6:00
1605.86,3,5/28/2021 7:00
1605.83,3,5/28/2021 8:00
1605.84,3,5/28/2021 9:00
1605.88,3,5/28/2021 10:00
1605.85,3,5/28/2021 11:00
1605.9,3,5/28/2021 12:00
1605.84,3,5/28/2021 13:00
1605.82,3,5/28/2021 14:00
1605.83,3,5/28/2021 15:00
1605.81,3,5/28/2021 16:00
1605.74,3,5/28/2021 17:00
1605.72,3,5/28/2021 18:00
1605.69,3,5/28/2021 19:00
1605.61,3,5/28/2021 20:00
1605.58,3,5/28/2021 21:00
1605.6,3,5/28/2021 22:00
1605.57,3,5/28/2021 23:00
1605.5,3,5/29/2021 0:00
1605.54,3,5/29/2021 1:00
1605.63,3,5/29/2021 2:00
1605.56,3,5/29/2021 3:00
1605.58,3,5/29/2021 4:00
1605.67,3,5/29/2021 5:00
1605.64,3,5/29/2021 6:00
1605.67,3,5/29/2021 7:00
1605.7,3,5/29/2021 8:00
1605.68,3,5/29/2021 9:00
1605.78,3,5/29/2021 10:00
1605.78,3,5/29/2021 11:00
1605.69,3,5/29/2021 12:00
1605.67,3,5/29/2021 13:00
1605.58,3,5/29/2021 14:00
1605.43,3,5/29/2021 15:00
1605.62,3,5/29/2021 16:00
1605.76,3,5/29/2021 17:00
1605.64,3,5/29/2021 18:00
1605.84,3,5/29/2021 19:00
1605.91,3,5/29/2021 20:00
1605.91,3,5/29/2021 21:00
1605.75,3,5/29/2021 22:00
1605.89,3,5/29/2021 23:00
1605.86,3,5/30/2021 0:00
1605.86,3,5/30/2021 1:00
1605.9,3,5/30/2021 2:00
1605.84,3,5/30/2021 3:00
1605.86,3,5/30/2021 4:00
1605.75,3,5/30/2021 5:00
1605.78,3,5/30/2021 6:00
1605.77,3,5/30/2021 7:00
1605.7,3,5/30/2021 8:00
1605.69,3,5/30/2021 9:00
1605.8,3,5/30/2021 10:00
1605.8,3,5/30/2021 11:00
1605.83,3,5/30/2021 12:00
1605.9,3,5/30/2021 13:00
1605.87,3,5/30/2021 14:00
1605.9,3,5/30/2021 15:00
1605.86,3,5/30/2021 16:00
1605.88,3,5/30/2021 17:00
1605.86,3,5/30/2021 18:00
1605.83,3,5/30/2021 19:00
1605.81,3,5/30/2021 20:00
1605.84,3,5/30/2021 21:00
1605.76,3,5/30/2021 22:00
1605.76,3,5/30/2021 23:00
1605.78,3,5/31/2021 0:00
1605.77,3,5/31/2021 1:00
1605.74,3,5/31/2021 2:00
1605.85,3,5/31/2021 3:00
1605.87,3,5/31/2021 4:00
1605.86,3,5/31/2021 5:00
1605.82,3,5/31/2021 6:00
1605.88,3,5/31/2021 7:00
1605.87,3,5/31/2021 8:00
1605.88,3,5/31/2021 9:00
1605.88,3,5/31/2021 10:00
1605.86,3,5/31/2021 11:00
1605.93,3,5/31/2021 12:00
1605.88,3,5/31/2021 13:00
1605.9,3,5/31/2021 14:00
1605.85,3,5/31/2021 15:00
1605.81,3,5/31/2021 16:00
1605.78,3,5/31/2021 17:00
1605.81,3,5/31/2021 18:00
1605.8,3,5/31/2021 19:00
1605.78,3,5/31/2021 20:00
1605.73,3,5/31/2021 21:00
1605.78,3,5/31/2021 22:00
1605.75,3,5/31/2021 23:00
1605.81,3,6/1/2021 0:00
1605.85,3,6/1/2021 1:00
1605.8,3,6/1/2021 2:00
1605.88,3,6/1/2021 3:00
1605.88,3,6/1/2021 4:00
1605.87,3,6/1/2021 5:00
1605.83,3,6/1/2021 6:00
1605.81,3,6/1/2021 7:00
1605.82,3,6/1/2021 8:00
1605.75,3,6/1/2021 9:00
1605.75,3,6/1/2021 10:00
1605.67,3,6/1/2021 11:00
1605.73,3,6/1/2021 12:00
1605.7,3,6/1/2021 13:00
1605.73,3,6/1/2021 14:00
1605.72,3,6/1/2021 15:00
1605.77,3,6/1/2021 16:00
1605.67,3,6/1/2021 17:00
1605.8,3,6/1/2021 18:00
1605.88,3,6/1/2021 19:00
1605.79,3,6/1/2021 20:00
1605.75,3,6/1/2021 21:00
1605.81,3,6/1/2021 22:00
1605.83,3,6/1/2021 23:00
1605.83,3,6/2/2021 0:00
1605.81,3,6/2/2021 1:00
1605.8,3,6/2/2021 2:00
1605.87,3,6/2/2021 3:00
1605.8,3,6/2/2021 4:00
1605.84,3,6/2/2021 5:00
1605.78,3,6/2/2021 6:00
1605.78,3,6/2/2021 7:00
1605.81,3,6/2/2021 8:00
1605.85,3,6/2/2021 9:00
1605.82,3,6/2/2021 10:00
1605.75,3,6/2/2021 11:00
1605.77,3,6/2/2021 12:00
1605.8,3,6/2/2021 13:00
1605.77,3,6/2/2021 14:00
1605.77,3,6/2/2021 15:00
1605.73,3,6/2/2021 16:00
1605.78,3,6/2/2021 17:00
1605.78,3,6/2/2021 18:00
1605.71,3,6/2/2021 19:00
1605.74,3,6/2/2021 20:00
1605.73,3,6/2/2021 21:00
1605.76,3,6/2/2021 22:00
1605.77,3,6/2/2021 23:00
1605.78,3,6/3/2021 0:00
1605.8,3,6/3/2021 1:00
1605.78,3,6/3/2021 2:00
1605.96,3,6/3/2021 3:00
1605.85,3,6/3/2021 4:00
1605.83,3,6/3/2021 5:00
1605.82,3,6/3/2021 6:00
1605.85,3,6/3/2021 7:00
1605.83,3,6/3/2021 8:00
1605.8,3,6/3/2021 9:00
1605.81,3,6/3/2021 10:00
1605.71,3,6/3/2021 11:00
1605.78,3,6/3/2021 12:00
1605.78,3,6/3/2021 13:00
1605.72,3,6/3/2021 14:00
1605.72,3,6/3/2021 15:00
1605.73,3,6/3/2021 16:00
1605.74,3,6/3/2021 17:00
1605.75,3,6/3/2021 18:00
1605.72,3,6/3/2021 19:00
1605.73,3,6/3/2021 20:00
1605.75,3,6/3/2021 21:00
1605.73,3,6/3/2021 22:00
1605.75,3,6/3/2021 23:00
1605.76,3,6/4/2021 0:00
1605.76,3,6/4/2021 1:00
1605.86,3,6/4/2021 2:00
1605.81,3,6/4/2021 3:00
1605.81,3,6/4/2021 4:00
1605.8,3,6/4/2021 5:00
1605.82,3,6/4/2021 6:00
1605.81,3,6/4/2021 7:00
1605.82,3,6/4/2021 8:00
1605.78,3,6/4/2021 9:00
1605.78,3,6/4/2021 10:00
1605.74,3,6/4/2021 11:00
1605.75,3,6/4/2021 12:00
1605.76,3,6/4/2021 13:00
1605.8,3,6/4/2021 14:00
1605.72,3,6/4/2021 15:00
1605.7,3,6/4/2021 16:00
1605.73,3,6/4/2021 17:00
1605.75,3,6/4/2021 18:00
1605.7,3,6/4/2021 19:00
1605.71,3,6/4/2021 20:00
1605.73,3,6/4/2021 21:00
1605.73,3,6/4/2021 22:00
1605.72,3,6/4/2021 23:00
1605.72,3,6/5/2021 0:00
1605.76,3,6/5/2021 1:00
1605.73,3,6/5/2021 2:00
1605.76,3,6/5/2021 3:00
1605.77,3,6/5/2021 4:00
1605.8,3,6/5/2021 5:00
1605.8,3,6/5/2021 6:00
1605.87,3,6/5/2021 7:00
1605.9,3,6/5/2021 8:00
1605.84,3,6/5/2021 9:00
1605.78,3,6/5/2021 10:00
1605.8,3,6/5/2021 11:00
1605.9,3,6/5/2021 12:00
1605.83,3,6/5/2021 13:00
1605.81,3,6/5/2021 14:00
1605.77,3,6/5/2021 15:00
1605.82,3,6/5/2021 16:00
1605.76,3,6/5/2021 17:00
1605.76,3,6/5/2021 18:00
1605.72,3,6/5/2021 19:00
1605.73,3,6/5/2021 20:00
1605.75,3,6/5/2021 21:00
1605.68,3,6/5/2021 22:00
1605.73,3,6/5/2021 23:00
1605.73,3,6/6/2021 0:00
1605.74,3,6/6/2021 1:00
1605.71,3,6/6/2021 2:00
1605.8,3,6/6/2021 3:00
1605.75,3,6/6/2021 4:00
1605.72,3,6/6/2021 5:00
1605.7,3,6/6/2021 6:00
1605.69,3,6/6/2021 7:00
1605.73,3,6/6/2021 8:00
1605.67,3,6/6/2021 9:00
1605.59,3,6/6/2021 10:00
1605.53,3,6/6/2021 11:00
1605.5,3,6/6/2021 12:00
1605.6,3,6/6/2021 13:00
1605.72,3,6/6/2021 14:00
1605.84,3,6/6/2021 15:00
1605.95,3,6/6/2021 16:00
1605.93,3,6/6/2021 17:00
1606.09,3,6/6/2021 18:00
1606.19,3,6/6/2021 19:00
1606.25,3,6/6/2021 20:00
1606.2,3,6/6/2021 21:00
1606.19,3,6/6/2021 22:00
1606.1,3,6/6/2021 23:00
1605.99,3,6/7/2021 0:00
1605.82,3,6/7/2021 1:00
1605.8,3,6/7/2021 2:00
1605.66,3,6/7/2021 3:00
1605.63,3,6/7/2021 4:00
1605.69,3,6/7/2021 5:00
1605.61,3,6/7/2021 6:00
1605.61,3,6/7/2021 7:00
1605.67,3,6/7/2021 8:00
1605.71,3,6/7/2021 9:00
1605.78,3,6/7/2021 10:00
1605.81,3,6/7/2021 11:00
1605.82,3,6/7/2021 12:00
1605.9,3,6/7/2021 13:00
1605.97,3,6/7/2021 14:00
1605.85,3,6/7/2021 15:00
1605.86,3,6/7/2021 16:00
1605.77,3,6/7/2021 17:00
1605.67,3,6/7/2021 18:00
1605.6,3,6/7/2021 19:00
1605.57,3,6/7/2021 20:00
1605.48,3,6/7/2021 21:00
1605.45,3,6/7/2021 22:00
1605.5,3,6/7/2021 23:00
1605.52,3,6/8/2021 0:00
1605.57,3,6/8/2021 1:00
1605.57,3,6/8/2021 2:00
1605.69,3,6/8/2021 3:00
1605.86,3,6/8/2021 4:00
1605.9,3,6/8/2021 5:00
1605.91,3,6/8/2021 6:00
1605.96,3,6/8/2021 7:00
1605.89,3,6/8/2021 8:00
1605.92,3,6/8/2021 9:00
1605.89,3,6/8/2021 10:00
1605.81,3,6/8/2021 11:00
1605.75,3,6/8/2021 12:00
1605.67,3,6/8/2021 13:00
1605.62,3,6/8/2021 14:00
1605.48,3,6/8/2021 15:00
1605.5,3,6/8/2021 16:00
1605.46,3,6/8/2021 17:00
1605.44,3,6/8/2021 18:00
1605.44,3,6/8/2021 19:00
1605.42,3,6/8/2021 20:00
1605.39,3,6/8/2021 21:00
1605.45,3,6/8/2021 22:00
1605.37,3,6/8/2021 23:00
1605.42,3,6/9/2021 0:00
1605.53,3,6/9/2021 1:00
1605.66,3,6/9/2021 2:00
1605.82,3,6/9/2021 3:00
1605.85,3,6/9/2021 4:00
1605.97,3,6/9/2021 5:00
1605.99,3,6/9/2021 6:00
1606.08,3,6/9/2021 7:00
1606.03,3,6/9/2021 8:00
1605.86,3,6/9/2021 9:00
1605.67,3,6/9/2021 10:00
1605.82,3,6/9/2021 11:00
1605.62,3,6/9/2021 12:00
1605.43,3,6/9/2021 13:00
1605.39,3,6/9/2021 14:00
1605.5,3,6/9/2021 15:00
1605.61,3,6/9/2021 16:00
1605.63,3,6/9/2021 17:00
1605.63,3,6/9/2021 18:00
1605.74,3,6/9/2021 19:00
1605.73,3,6/9/2021 20:00
1605.76,3,6/9/2021 21:00
1605.93,3,6/9/2021 22:00
1605.86,3,6/9/2021 23:00
1605.89,3,6/10/2021 0:00
1605.93,3,6/10/2021 1:00
1605.87,3,6/10/2021 2:00
1605.82,3,6/10/2021 3:00
1605.86,3,6/10/2021 4:00
1605.81,3,6/10/2021 5:00
1605.82,3,6/10/2021 6:00
1605.82,3,6/10/2021 7:00
1605.78,3,6/10/2021 8:00
1605.81,3,6/10/2021 9:00
1605.84,3,6/10/2021 10:00
1605.73,3,6/10/2021 11:00
1605.82,3,6/10/2021 12:00
1605.75,3,6/10/2021 13:00
1605.75,3,6/10/2021 14:00
1605.78,3,6/10/2021 15:00
1605.8,3,6/10/2021 16:00
1605.76,3,6/10/2021 17:00
1605.79,3,6/10/2021 18:00
1605.76,3,6/10/2021 19:00
1605.75,3,6/10/2021 20:00
1605.8,3,6/10/2021 21:00
1605.75,3,6/10/2021 22:00
1605.69,3,6/10/2021 23:00
1605.7,3,6/11/2021 0:00
1605.65,3,6/11/2021 1:00
1605.68,3,6/11/2021 2:00
1605.59,3,6/11/2021 3:00
1605.68,3,6/11/2021 4:00
1605.63,3,6/11/2021 5:00
1605.6,3,6/11/2021 6:00
1605.69,3,6/11/2021 7:00
1605.95,3,6/11/2021 8:00
1605.77,3,6/11/2021 9:00
1606.03,3,6/11/2021 10:00
1606.15,3,6/11/2021 11:00
1605.76,3,6/11/2021 12:00
1605.89,3,6/11/2021 13:00
1606.13,3,6/11/2021 14:00
1606.08,3,6/11/2021 15:00
1606.14,3,6/11/2021 16:00
1605.95,3,6/11/2021 17:00
1605.99,3,6/11/2021 18:00
1605.98,3,6/11/2021 19:00
1605.67,3,6/11/2021 20:00
1605.75,3,6/11/2021 21:00
1605.7,3,6/11/2021 22:00
1605.63,3,6/11/2021 23:00
1605.76,3,6/12/2021 0:00
1605.81,3,6/12/2021 1:00
1605.78,3,6/12/2021 2:00
1605.83,3,6/12/2021 3:00
1605.91,3,6/12/2021 4:00
1605.88,3,6/12/2021 5:00
1605.91,3,6/12/2021 6:00
1605.9,3,6/12/2021 7:00
1605.9,3,6/12/2021 8:00
1605.89,3,6/12/2021 9:00
1605.9,3,6/12/2021 10:00
1605.86,3,6/12/2021 11:00
1605.82,3,6/12/2021 12:00
1605.83,3,6/12/2021 13:00
1605.76,3,6/12/2021 14:00
1605.76,3,6/12/2021 15:00
1605.73,3,6/12/2021 16:00
1605.75,3,6/12/2021 17:00
1605.72,3,6/12/2021 18:00
1605.68,3,6/12/2021 19:00
1605.67,3,6/12/2021 20:00
1605.61,3,6/12/2021 21:00
1605.75,3,6/12/2021 22:00
1605.73,3,6/12/2021 23:00
1605.8,3,6/13/2021 0:00
1605.83,3,6/13/2021 1:00
1605.88,3,6/13/2021 2:00
1605.86,3,6/13/2021 3:00
1605.78,3,6/13/2021 4:00
1605.8,3,6/13/2021 5:00
1605.79,3,6/13/2021 6:00
1605.8,3,6/13/2021 7:00
1605.8,3,6/13/2021 8:00
1605.81,3,6/13/2021 9:00
1605.76,3,6/13/2021 10:00
1605.73,3,6/13/2021 11:00
1605.8,3,6/13/2021 12:00
1605.74,3,6/13/2021 13:00
1605.72,3,6/13/2021 14:00
1605.83,3,6/13/2021 15:00
1605.74,3,6/13/2021 16:00
1605.8,3,6/13/2021 17:00
1605.82,3,6/13/2021 18:00
1605.94,3,6/13/2021 19:00
1605.97,3,6/13/2021 20:00
1605.91,3,6/13/2021 21:00
1605.86,3,6/13/2021 22:00
1605.84,3,6/13/2021 23:00
1605.78,3,6/14/2021 0:00
1605.68,3,6/14/2021 1:00
1605.77,3,6/14/2021 2:00
1605.76,3,6/14/2021 3:00
1605.76,3,6/14/2021 4:00
1605.8,3,6/14/2021 5:00
1605.82,3,6/14/2021 6:00
1605.82,3,6/14/2021 7:00
1605.84,3,6/14/2021 8:00
1605.88,3,6/14/2021 9:00
1605.86,3,6/14/2021 10:00
1605.89,3,6/14/2021 11:00
1605.8,3,6/14/2021 12:00
1605.9,3,6/14/2021 13:00
1605.86,3,6/14/2021 14:00
1605.83,3,6/14/2021 15:00
1605.83,3,6/14/2021 16:00
1605.83,3,6/14/2021 17:00
1605.77,3,6/14/2021 18:00
1605.67,3,6/14/2021 19:00
1605.68,3,6/14/2021 20:00
1605.61,3,6/14/2021 21:00
1605.66,3,6/14/2021 22:00
1605.61,3,6/14/2021 23:00
1605.63,3,6/15/2021 0:00
1605.77,3,6/15/2021 1:00
1605.76,3,6/15/2021 2:00
1605.81,3,6/15/2021 3:00
1605.85,3,6/15/2021 4:00
1605.83,3,6/15/2021 5:00
1605.83,3,6/15/2021 6:00
1605.88,3,6/15/2021 7:00
1605.83,3,6/15/2021 8:00
1605.79,3,6/15/2021 9:00
1605.77,3,6/15/2021 10:00
1605.73,3,6/15/2021 11:00
1605.64,3,6/15/2021 12:00
1605.69,3,6/15/2021 13:00
1605.69,3,6/15/2021 14:00
1605.66,3,6/15/2021 15:00
1605.62,3,6/15/2021 16:00
1605.58,3,6/15/2021 17:00
1605.62,3,6/15/2021 18:00
1605.56,3,6/15/2021 19:00
1605.48,3,6/15/2021 20:00
1605.61,3,6/15/2021 21:00
1605.63,3,6/15/2021 22:00
1605.57,3,6/15/2021 23:00
1605.58,3,6/16/2021 0:00
1605.7,3,6/16/2021 1:00
1605.65,3,6/16/2021 2:00
1605.77,3,6/16/2021 3:00
1605.69,3,6/16/2021 4:00
1605.64,3,6/16/2021 5:00
1605.65,3,6/16/2021 6:00
1605.67,3,6/16/2021 7:00
1605.61,3,6/16/2021 8:00
1605.65,3,6/16/2021 9:00
1605.64,3,6/16/2021 10:00
1605.63,3,6/16/2021 11:00
1605.57,3,6/16/2021 12:00
1605.53,3,6/16/2021 13:00
1605.56,3,6/16/2021 14:00
1605.47,3,6/16/2021 15:00
1605.45,3,6/16/2021 16:00
1605.48,3,6/16/2021 17:00
1605.63,3,6/16/2021 18:00
1605.6,3,6/16/2021 19:00
1605.71,3,6/16/2021 20:00
1605.73,3,6/16/2021 21:00
1605.85,3,6/16/2021 22:00
1605.91,3,6/16/2021 23:00
1606.06,3,6/17/2021 0:00
1605.99,3,6/17/2021 1:00
1605.92,3,6/17/2021 2:00
1605.99,3,6/17/2021 3:00
1605.9,3,6/17/2021 4:00
1605.82,3,6/17/2021 5:00
1605.7,3,6/17/2021 6:00
1605.67,3,6/17/2021 7:00
1605.57,3,6/17/2021 8:00
1605.56,3,6/17/2021 9:00
1605.49,3,6/17/2021 10:00
1605.46,3,6/17/2021 11:00
1605.54,3,6/17/2021 12:00
1605.59,3,6/17/2021 13:00
1605.6,3,6/17/2021 14:00
1605.58,3,6/17/2021 15:00
1605.61,3,6/17/2021 16:00
1605.7,3,6/17/2021 17:00
1605.63,3,6/17/2021 18:00
1605.7,3,6/17/2021 19:00
1605.63,3,6/17/2021 20:00
1605.58,3,6/17/2021 21:00
1605.59,3,6/17/2021 22:00
1605.56,3,6/17/2021 23:00
1605.46,3,6/18/2021 0:00
1605.45,3,6/18/2021 1:00
1605.47,3,6/18/2021 2:00
1605.51,3,6/18/2021 3:00
1605.58,3,6/18/2021 4:00
1605.56,3,6/18/2021 5:00
1605.56,3,6/18/2021 6:00
1605.6,3,6/18/2021 7:00
1605.59,3,6/18/2021 8:00
1605.59,3,6/18/2021 9:00
1605.61,3,6/18/2021 10:00
1605.59,3,6/18/2021 11:00
1605.62,3,6/18/2021 12:00
1605.6,3,6/18/2021 13:00
1605.62,3,6/18/2021 14:00
1605.55,3,6/18/2021 15:00
1605.51,3,6/18/2021 16:00
1605.5,3,6/18/2021 17:00
1605.41,3,6/18/2021 18:00
1605.36,3,6/18/2021 19:00
1605.39,3,6/18/2021 20:00
1605.39,3,6/18/2021 21:00
1605.41,3,6/18/2021 22:00
1605.46,3,6/18/2021 23:00
1605.61,3,6/19/2021 0:00
1605.74,3,6/19/2021 1:00
1605.73,3,6/19/2021 2:00
1605.72,3,6/19/2021 3:00
1605.74,3,6/19/2021 4:00
1605.73,3,6/19/2021 5:00
1605.67,3,6/19/2021 6:00
1605.65,3,6/19/2021 7:00
1605.6,3,6/19/2021 8:00
1605.5,3,6/19/2021 9:00
1605.44,3,6/19/2021 10:00
1605.36,3,6/19/2021 11:00
1605.36,3,6/19/2021 12:00
1605.32,3,6/19/2021 13:00
1605.34,3,6/19/2021 14:00
1605.33,3,6/19/2021 15:00
1605.36,3,6/19/2021 16:00
1605.45,3,6/19/2021 17:00
1605.29,3,6/19/2021 18:00
1605.54,3,6/19/2021 19:00
1605.42,3,6/19/2021 20:00
1605.52,3,6/19/2021 21:00
1605.46,3,6/19/2021 22:00
1605.41,3,6/19/2021 23:00
1605.48,3,6/20/2021 0:00
1605.31,3,6/20/2021 1:00
1605.42,3,6/20/2021 2:00
1605.39,3,6/20/2021 3:00
1605.32,3,6/20/2021 4:00
1605.41,3,6/20/2021 5:00
1605.46,3,6/20/2021 6:00
1605.26,3,6/20/2021 7:00
1605.38,3,6/20/2021 8:00
1605.39,3,6/20/2021 9:00
1605.41,3,6/20/2021 10:00
1605.34,3,6/20/2021 11:00
1605.56,3,6/20/2021 12:00
1605.53,3,6/20/2021 13:00
1605.54,3,6/20/2021 14:00
1605.84,3,6/20/2021 15:00
1605.87,3,6/20/2021 16:00
1605.96,3,6/20/2021 17:00
1605.95,3,6/20/2021 18:00
1605.94,3,6/20/2021 19:00
1605.89,3,6/20/2021 20:00
1605.76,3,6/20/2021 21:00
1605.68,3,6/20/2021 22:00
1605.66,3,6/20/2021 23:00
1605.67,3,6/21/2021 0:00
1605.54,3,6/21/2021 1:00
1605.58,3,6/21/2021 2:00
1605.68,3,6/21/2021 3:00
1605.55,3,6/21/2021 4:00
1605.46,3,6/21/2021 5:00
1605.49,3,6/21/2021 6:00
1605.47,3,6/21/2021 7:00
1605.45,3,6/21/2021 8:00
1605.45,3,6/21/2021 9:00
1605.43,3,6/21/2021 10:00
1605.51,3,6/21/2021 11:00
1605.41,3,6/21/2021 12:00
1605.45,3,6/21/2021 13:00
1605.37,3,6/21/2021 14:00
1605.34,3,6/21/2021 15:00
1605.32,3,6/21/2021 16:00
1605.28,3,6/21/2021 17:00
1605.33,3,6/21/2021 18:00
1605.32,3,6/21/2021 19:00
1605.34,3,6/21/2021 20:00
1605.36,3,6/21/2021 21:00
1605.33,3,6/21/2021 22:00
1605.33,3,6/21/2021 23:00
1605.4,3,6/22/2021 0:00
1605.4,3,6/22/2021 1:00
1605.37,3,6/22/2021 2:00
1605.45,3,6/22/2021 3:00
1605.4,3,6/22/2021 4:00
1605.39,3,6/22/2021 5:00
1605.37,3,6/22/2021 6:00
1605.36,3,6/22/2021 7:00
1605.37,3,6/22/2021 8:00
1605.34,3,6/22/2021 9:00
1605.38,3,6/22/2021 10:00
1605.36,3,6/22/2021 11:00
1605.31,3,6/22/2021 12:00
1605.16,3,6/22/2021 13:00
1605.24,3,6/22/2021 14:00
1605.24,3,6/22/2021 15:00
1605.16,3,6/22/2021 16:00
1605.25,3,6/22/2021 17:00
1605.25,3,6/22/2021 18:00
1605.3,3,6/22/2021 19:00
1605.28,3,6/22/2021 20:00
1605.25,3,6/22/2021 21:00
1605.25,3,6/22/2021 22:00
1605.26,3,6/22/2021 23:00
1605.21,3,6/23/2021 0:00
1605.28,3,6/23/2021 1:00
1605.29,3,6/23/2021 2:00
1605.27,3,6/23/2021 3:00
1605.27,3,6/23/2021 4:00
1605.22,3,6/23/2021 5:00
1605.26,3,6/23/2021 6:00
1605.24,3,6/23/2021 7:00
1605.23,3,6/23/2021 8:00
1605.26,3,6/23/2021 9:00
1605.23,3,6/23/2021 10:00
1605.15,3,6/23/2021 11:00
1605.16,3,6/23/2021 12:00
1605.1,3,6/23/2021 13:00
1605.13,3,6/23/2021 14:00
1605.06,3,6/23/2021 15:00
1605.09,3,6/23/2021 16:00
1605.03,3,6/23/2021 17:00
1605.15,3,6/23/2021 18:00
1605.13,3,6/23/2021 19:00
1605.18,3,6/23/2021 20:00
1605.19,3,6/23/2021 21:00
1605.17,3,6/23/2021 22:00
1605.19,3,6/23/2021 23:00
1605.2,3,6/24/2021 0:00
1605.2,3,6/24/2021 1:00
1605.08,3,6/24/2021 2:00
1605.26,3,6/24/2021 3:00
1605.31,3,6/24/2021 4:00
1605.31,3,6/24/2021 5:00
1605.43,3,6/24/2021 6:00
1605.49,3,6/24/2021 7:00
1605.54,3,6/24/2021 8:00
1605.52,3,6/24/2021 9:00
1605.4,3,6/24/2021 10:00
1605.4,3,6/24/2021 11:00
1605.25,3,6/24/2021 12:00
1605.18,3,6/24/2021 13:00
1605.17,3,6/24/2021 14:00
1605.02,3,6/24/2021 15:00
1605.11,3,6/24/2021 16:00
1605.06,3,6/24/2021 17:00
1605,3,6/24/2021 18:00
1605.07,3,6/24/2021 19:00
1605.1,3,6/24/2021 20:00
1605.09,3,6/24/2021 21:00
1605.13,3,6/24/2021 22:00
1605.18,3,6/24/2021 23:00
1605.19,3,6/25/2021 0:00
1605.19,3,6/25/2021 1:00
1605.36,3,6/25/2021 2:00
1605.3,3,6/25/2021 3:00
1605.29,3,6/25/2021 4:00
1605.25,3,6/25/2021 5:00
1605.22,3,6/25/2021 6:00
1605.21,3,6/25/2021 7:00
1605.19,3,6/25/2021 8:00
1605.18,3,6/25/2021 9:00
1605.11,3,6/25/2021 10:00
1605.09,3,6/25/2021 11:00
1605.05,3,6/25/2021 12:00
1604.97,3,6/25/2021 13:00
1605.01,3,6/25/2021 14:00
1605.03,3,6/25/2021 15:00
1605,3,6/25/2021 16:00
1604.99,3,6/25/2021 17:00
1605.03,3,6/25/2021 18:00
1605.05,3,6/25/2021 19:00
1605,3,6/25/2021 20:00
1604.97,3,6/25/2021 21:00
1605.02,3,6/25/2021 22:00
1605.05,3,6/25/2021 23:00
1605.06,3,6/26/2021 0:00
1605.16,3,6/26/2021 1:00
1605.23,3,6/26/2021 2:00
1605.33,3,6/26/2021 3:00
1605.33,3,6/26/2021 4:00
1605.3,3,6/26/2021 5:00
1605.25,3,6/26/2021 6:00
1605.22,3,6/26/2021 7:00
1605.21,3,6/26/2021 8:00
1605.18,3,6/26/2021 9:00
1605.2,3,6/26/2021 10:00
1605.07,3,6/26/2021 11:00
1604.98,3,6/26/2021 12:00
1605.14,3,6/26/2021 13:00
1605.04,3,6/26/2021 14:00
1604.97,3,6/26/2021 15:00
1605.05,3,6/26/2021 16:00
1605.11,3,6/26/2021 17:00
1605.13,3,6/26/2021 18:00
1605.12,3,6/26/2021 19:00
1605.18,3,6/26/2021 20:00
1605.15,3,6/26/2021 21:00
1605.12,3,6/26/2021 22:00
1605.08,3,6/26/2021 23:00
1605.12,3,6/27/2021 0:00
1605.1,3,6/27/2021 1:00
1605.12,3,6/27/2021 2:00
1605.29,3,6/27/2021 3:00
1605.17,3,6/27/2021 4:00
1605.09,3,6/27/2021 5:00
1605.12,3,6/27/2021 6:00
1605.09,3,6/27/2021 7:00
1605,3,6/27/2021 8:00
1605.02,3,6/27/2021 9:00
1605.01,3,6/27/2021 10:00
1605.01,3,6/27/2021 11:00
1604.98,3,6/27/2021 12:00
1605.03,3,6/27/2021 13:00
1604.93,3,6/27/2021 14:00
1605,3,6/27/2021 15:00
1604.98,3,6/27/2021 16:00
1605.03,3,6/27/2021 17:00
1605.04,3,6/27/2021 18:00
1605,3,6/27/2021 19:00
1605.03,3,6/27/2021 20:00
1605.07,3,6/27/2021 21:00
1604.99,3,6/27/2021 22:00
1604.97,3,6/27/2021 23:00
1605.16,3,6/28/2021 0:00
1605.28,3,6/28/2021 1:00
1605.2,3,6/28/2021 2:00
1605.26,3,6/28/2021 3:00
1605.32,3,6/28/2021 4:00
1605.16,3,6/28/2021 5:00
1605.11,3,6/28/2021 6:00
1605.03,3,6/28/2021 7:00
1605.05,3,6/28/2021 8:00
1605.01,3,6/28/2021 9:00
1604.99,3,6/28/2021 10:00
1604.97,3,6/28/2021 11:00
1605.03,3,6/28/2021 12:00
1604.9,3,6/28/2021 13:00
1604.88,3,6/28/2021 14:00
1604.93,3,6/28/2021 15:00
1604.94,3,6/28/2021 16:00
1604.95,3,6/28/2021 17:00
1605.02,3,6/28/2021 18:00
1605.07,3,6/28/2021 19:00
1605.08,3,6/28/2021 20:00
1605.08,3,6/28/2021 21:00
1605.06,3,6/28/2021 22:00
1604.99,3,6/28/2021 23:00
1605.01,3,6/29/2021 0:00
1604.99,3,6/29/2021 1:00
1605.16,3,6/29/2021 2:00
1605.01,3,6/29/2021 3:00
1604.98,3,6/29/2021 4:00
1604.99,3,6/29/2021 5:00
1605.02,3,6/29/2021 6:00
1604.98,3,6/29/2021 7:00
1604.96,3,6/29/2021 8:00
1604.98,3,6/29/2021 9:00
1604.97,3,6/29/2021 10:00
1604.91,3,6/29/2021 11:00
1604.97,3,6/29/2021 12:00
1604.93,3,6/29/2021 13:00
1604.93,3,6/29/2021 14:00
1604.89,3,6/29/2021 15:00
1604.8,3,6/29/2021 16:00
1604.89,3,6/29/2021 17:00
1604.88,3,6/29/2021 18:00
1604.85,3,6/29/2021 19:00
1604.82,3,6/29/2021 20:00
1604.77,3,6/29/2021 21:00
1604.8,3,6/29/2021 22:00
1604.8,3,6/29/2021 23:00
1604.79,3,6/30/2021 0:00
1604.75,3,6/30/2021 1:00
1604.84,3,6/30/2021 2:00
1604.87,3,6/30/2021 3:00
1604.93,3,6/30/2021 4:00
1604.94,3,6/30/2021 5:00
1604.92,3,6/30/2021 6:00
1604.95,3,6/30/2021 7:00
1604.95,3,6/30/2021 8:00
1604.94,3,6/30/2021 9:00
1604.89,3,6/30/2021 10:00
1604.87,3,6/30/2021 11:00
1604.77,3,6/30/2021 12:00
1604.82,3,6/30/2021 13:00
1604.79,3,6/30/2021 14:00
1604.73,3,6/30/2021 15:00
1604.76,3,6/30/2021 16:00
1604.77,3,6/30/2021 17:00
1604.77,3,6/30/2021 18:00
1604.75,3,6/30/2021 19:00
1604.78,3,6/30/2021 20:00
1604.78,3,6/30/2021 21:00
1604.79,3,6/30/2021 22:00
1604.76,3,6/30/2021 23:00
1604.8,3,7/1/2021 0:00
1604.76,3,7/1/2021 1:00
1604.93,3,7/1/2021 2:00
1605.01,3,7/1/2021 3:00
1604.86,3,7/1/2021 4:00
1604.91,3,7/1/2021 5:00
1604.91,3,7/1/2021 6:00
1604.89,3,7/1/2021 7:00
1604.88,3,7/1/2021 8:00
1604.84,3,7/1/2021 9:00
1604.77,3,7/1/2021 10:00
1604.77,3,7/1/2021 11:00
1604.76,3,7/1/2021 12:00
1604.73,3,7/1/2021 13:00
1604.8,3,7/1/2021 14:00
1604.76,3,7/1/2021 15:00
1604.73,3,7/1/2021 16:00
1604.75,3,7/1/2021 17:00
1604.75,3,7/1/2021 18:00
1604.73,3,7/1/2021 19:00
1604.73,3,7/1/2021 20:00
1604.73,3,7/1/2021 21:00
1604.71,3,7/1/2021 22:00
1604.67,3,7/1/2021 23:00
1604.71,3,7/2/2021 0:00
1604.68,3,7/2/2021 1:00
1604.77,3,7/2/2021 2:00
1604.74,3,7/2/2021 3:00
1604.79,3,7/2/2021 4:00
1604.81,3,7/2/2021 5:00
1604.82,3,7/2/2021 6:00
1604.82,3,7/2/2021 7:00
1604.81,3,7/2/2021 8:00
1604.78,3,7/2/2021 9:00
1604.79,3,7/2/2021 10:00
1604.74,3,7/2/2021 11:00
1604.73,3,7/2/2021 12:00
1604.77,3,7/2/2021 13:00
1604.66,3,7/2/2021 14:00
1604.66,3,7/2/2021 15:00
1604.56,3,7/2/2021 16:00
1604.59,3,7/2/2021 17:00
1604.56,3,7/2/2021 18:00
1604.64,3,7/2/2021 19:00
1604.67,3,7/2/2021 20:00
1604.65,3,7/2/2021 21:00
1604.54,3,7/2/2021 22:00
1604.55,3,7/2/2021 23:00
1604.44,3,7/3/2021 0:00
1604.41,3,7/3/2021 1:00
1604.57,3,7/3/2021 2:00
1604.7,3,7/3/2021 3:00
1604.58,3,7/3/2021 4:00
1604.64,3,7/3/2021 5:00
1604.67,3,7/3/2021 6:00
1604.71,3,7/3/2021 7:00
1604.74,3,7/3/2021 8:00
1604.73,3,7/3/2021 9:00
1604.68,3,7/3/2021 10:00
1604.65,3,7/3/2021 11:00
1604.61,3,7/3/2021 12:00
1604.47,3,7/3/2021 13:00
1604.43,3,7/3/2021 14:00
1604.35,3,7/3/2021 15:00
1604.3,3,7/3/2021 16:00
1604.25,3,7/3/2021 17:00
1604.17,3,7/3/2021 18:00
1604.21,3,7/3/2021 19:00
1604.28,3,7/3/2021 20:00
1604.28,3,7/3/2021 21:00
1604.32,3,7/3/2021 22:00
1604.35,3,7/3/2021 23:00
1604.38,3,7/4/2021 0:00
1604.43,3,7/4/2021 1:00
1604.57,3,7/4/2021 2:00
1604.58,3,7/4/2021 3:00
1604.95,3,7/4/2021 4:00
1604.77,3,7/4/2021 5:00
1604.49,3,7/4/2021 6:00
1604.7,3,7/4/2021 7:00
1604.7,3,7/4/2021 8:00
1604.72,3,7/4/2021 9:00
1604.7,3,7/4/2021 10:00
1604.68,3,7/4/2021 11:00
1604.73,3,7/4/2021 12:00
1604.72,3,7/4/2021 13:00
1604.71,3,7/4/2021 14:00
1604.57,3,7/4/2021 15:00
1604.64,3,7/4/2021 16:00
1604.59,3,7/4/2021 17:00
1604.68,3,7/4/2021 18:00
1604.72,3,7/4/2021 19:00
1604.64,3,7/4/2021 20:00
1604.66,3,7/4/2021 21:00
1604.74,3,7/4/2021 22:00
1604.7,3,7/4/2021 23:00
1604.6,3,7/5/2021 0:00
1604.59,3,7/5/2021 1:00
1604.67,3,7/5/2021 2:00
1604.79,3,7/5/2021 3:00
1604.65,3,7/5/2021 4:00
1604.68,3,7/5/2021 5:00
1604.72,3,7/5/2021 6:00
1604.75,3,7/5/2021 7:00
1604.73,3,7/5/2021 8:00
1604.71,3,7/5/2021 9:00
1604.71,3,7/5/2021 10:00
1604.65,3,7/5/2021 11:00
1604.71,3,7/5/2021 12:00
1604.57,3,7/5/2021 13:00
1604.46,3,7/5/2021 14:00
1604.48,3,7/5/2021 15:00
1604.61,3,7/5/2021 16:00
1604.44,3,7/5/2021 17:00
1604.48,3,7/5/2021 18:00
1604.79,3,7/5/2021 19:00
1604.42,3,7/5/2021 20:00
1604.36,3,7/5/2021 21:00
1604.58,3,7/5/2021 22:00
1604.43,3,7/5/2021 23:00
1604.34,3,7/6/2021 0:00
1604.37,3,7/6/2021 1:00
1604.44,3,7/6/2021 2:00
1604.51,3,7/6/2021 3:00
1604.57,3,7/6/2021 4:00
1604.55,3,7/6/2021 5:00
1604.77,3,7/6/2021 6:00
1604.87,3,7/6/2021 7:00
1604.77,3,7/6/2021 8:00
1604.88,3,7/6/2021 9:00
1604.88,3,7/6/2021 10:00
1604.65,3,7/6/2021 11:00
1604.76,3,7/6/2021 12:00
1604.61,3,7/6/2021 13:00
1604.49,3,7/6/2021 14:00
1604.61,3,7/6/2021 15:00
1604.53,3,7/6/2021 16:00
1604.58,3,7/6/2021 17:00
1604.53,3,7/6/2021 18:00
1604.5,3,7/6/2021 19:00
1604.63,3,7/6/2021 20:00
1604.64,3,7/6/2021 21:00
1604.57,3,7/6/2021 22:00
1604.6,3,7/6/2021 23:00
1604.72,3,7/7/2021 0:00
1604.65,3,7/7/2021 1:00
1604.72,3,7/7/2021 2:00
1604.72,3,7/7/2021 3:00
1604.67,3,7/7/2021 4:00
1604.69,3,7/7/2021 5:00
1604.66,3,7/7/2021 6:00
1604.68,3,7/7/2021 7:00
1604.62,3,7/7/2021 8:00
1604.56,3,7/7/2021 9:00
1604.56,3,7/7/2021 10:00
1604.6,3,7/7/2021 11:00
1604.51,3,7/7/2021 12:00
1604.44,3,7/7/2021 13:00
1604.45,3,7/7/2021 14:00
1604.38,3,7/7/2021 15:00
1604.47,3,7/7/2021 16:00
1604.48,3,7/7/2021 17:00
1604.48,3,7/7/2021 18:00
1604.49,3,7/7/2021 19:00
1604.53,3,7/7/2021 20:00
1604.51,3,7/7/2021 21:00
1604.49,3,7/7/2021 22:00
1604.47,3,7/7/2021 23:00
1604.43,3,7/8/2021 0:00
1604.43,3,7/8/2021 1:00
1604.48,3,7/8/2021 2:00
1604.63,3,7/8/2021 3:00
1604.5,3,7/8/2021 4:00
1604.5,3,7/8/2021 5:00
1604.5,3,7/8/2021 6:00
1604.52,3,7/8/2021 7:00
1604.53,3,7/8/2021 8:00
1604.59,3,7/8/2021 9:00
1604.51,3,7/8/2021 10:00
1604.53,3,7/8/2021 11:00
1604.28,3,7/8/2021 12:00
1604.29,3,7/8/2021 13:00
1604.42,3,7/8/2021 14:00
1604.43,3,7/8/2021 15:00
1604.25,3,7/8/2021 16:00
1604.35,3,7/8/2021 17:00
1604.46,3,7/8/2021 18:00
1604.31,3,7/8/2021 19:00
1604.36,3,7/8/2021 20:00
1604.36,3,7/8/2021 21:00
1604.35,3,7/8/2021 22:00
1604.4,3,7/8/2021 23:00
1604.37,3,7/9/2021 0:00
1604.4,3,7/9/2021 1:00
1604.29,3,7/9/2021 2:00
1604.6,3,7/9/2021 3:00
1604.54,3,7/9/2021 4:00
1604.62,3,7/9/2021 5:00
1604.31,3,7/9/2021 6:00
1604.5,3,7/9/2021 7:00
1604.62,3,7/9/2021 8:00
1604.4,3,7/9/2021 9:00
1604.67,3,7/9/2021 10:00
1604.49,3,7/9/2021 11:00
1604.32,3,7/9/2021 12:00
1604.32,3,7/9/2021 13:00
1604.32,3,7/9/2021 14:00
1604.34,3,7/9/2021 15:00
1604.36,3,7/9/2021 16:00
1604.35,3,7/9/2021 17:00
1604.4,3,7/9/2021 18:00
1604.35,3,7/9/2021 19:00
1604.25,3,7/9/2021 20:00
1604.31,3,7/9/2021 21:00
1604.38,3,7/9/2021 22:00
1604.39,3,7/9/2021 23:00
1604.35,3,7/10/2021 0:00
1604.5,3,7/10/2021 1:00
1604.48,3,7/10/2021 2:00
1604.5,3,7/10/2021 3:00
1604.65,3,7/10/2021 4:00
1604.5,3,7/10/2021 5:00
1604.49,3,7/10/2021 6:00
1604.5,3,7/10/2021 7:00
1604.54,3,7/10/2021 8:00
1604.47,3,7/10/2021 9:00
1604.53,3,7/10/2021 10:00
1604.56,3,7/10/2021 11:00
1604.4,3,7/10/2021 12:00
1604.45,3,7/10/2021 13:00
1604.4,3,7/10/2021 14:00
1604.34,3,7/10/2021 15:00
1604.39,3,7/10/2021 16:00
1604.4,3,7/10/2021 17:00
1604.37,3,7/10/2021 18:00
1604.35,3,7/10/2021 19:00
1604.31,3,7/10/2021 20:00
1604.39,3,7/10/2021 21:00
1604.31,3,7/10/2021 22:00
1604.32,3,7/10/2021 23:00
1604.4,3,7/11/2021 0:00
1604.34,3,7/11/2021 1:00
1604.4,3,7/11/2021 2:00
1604.35,3,7/11/2021 3:00
1604.42,3,7/11/2021 4:00
1604.4,3,7/11/2021 5:00
1604.4,3,7/11/2021 6:00
1604.4,3,7/11/2021 7:00
1604.39,3,7/11/2021 8:00
1604.37,3,7/11/2021 9:00
1604.38,3,7/11/2021 10:00
1604.31,3,7/11/2021 11:00
1604.2,3,7/11/2021 12:00
1604.27,3,7/11/2021 13:00
1604.38,3,7/11/2021 14:00
1604.24,3,7/11/2021 15:00
1604.25,3,7/11/2021 16:00
1604.24,3,7/11/2021 17:00
1604.21,3,7/11/2021 18:00
1604.25,3,7/11/2021 19:00
1604.23,3,7/11/2021 20:00
1604.24,3,7/11/2021 21:00
1604.19,3,7/11/2021 22:00
1604.17,3,7/11/2021 23:00
1604.13,3,7/12/2021 0:00
1604.18,3,7/12/2021 1:00
1604.14,3,7/12/2021 2:00
1604.17,3,7/12/2021 3:00
1604.3,3,7/12/2021 4:00
1604.27,3,7/12/2021 5:00
1604.27,3,7/12/2021 6:00
1604.25,3,7/12/2021 7:00
1604.23,3,7/12/2021 8:00
1604.24,3,7/12/2021 9:00
1604.22,3,7/12/2021 10:00
1604.08,3,7/12/2021 11:00
1604.11,3,7/12/2021 12:00
1603.91,3,7/12/2021 13:00
1604.04,3,7/12/2021 14:00
1604,3,7/12/2021 15:00
1604,3,7/12/2021 16:00
1603.95,3,7/12/2021 17:00
1604.09,3,7/12/2021 18:00
1604.2,3,7/12/2021 19:00
1604.23,3,7/12/2021 20:00
1604.23,3,7/12/2021 21:00
1604.31,3,7/12/2021 22:00
1604.4,3,7/12/2021 23:00
1604.34,3,7/13/2021 0:00
1604.46,3,7/13/2021 1:00
1604.46,3,7/13/2021 2:00
1604.53,3,7/13/2021 3:00
1604.43,3,7/13/2021 4:00
1604.37,3,7/13/2021 5:00
1604.36,3,7/13/2021 6:00
1604.3,3,7/13/2021 7:00
1604.27,3,7/13/2021 8:00
1604.32,3,7/13/2021 9:00
1604.32,3,7/13/2021 10:00
1604.32,3,7/13/2021 11:00
1604.27,3,7/13/2021 12:00
1604.2,3,7/13/2021 13:00
1604.22,3,7/13/2021 14:00
1604.21,3,7/13/2021 15:00
1604.22,3,7/13/2021 16:00
1604.24,3,7/13/2021 17:00
1604.26,3,7/13/2021 18:00
1604.22,3,7/13/2021 19:00
1604.23,3,7/13/2021 20:00
1604.18,3,7/13/2021 21:00
1604.18,3,7/13/2021 22:00
1604.13,3,7/13/2021 23:00
1604.24,3,7/14/2021 0:00
1604.16,3,7/14/2021 1:00
1604.29,3,7/14/2021 2:00
1604.36,3,7/14/2021 3:00
1604.32,3,7/14/2021 4:00
1604.34,3,7/14/2021 5:00
1604.3,3,7/14/2021 6:00
1604.38,3,7/14/2021 7:00
1604.36,3,7/14/2021 8:00
1604.28,3,7/14/2021 9:00
1604.29,3,7/14/2021 10:00
1604.16,3,7/14/2021 11:00
1604.34,3,7/14/2021 12:00
1604.24,3,7/14/2021 13:00
1604.21,3,7/14/2021 14:00
1604.25,3,7/14/2021 15:00
1604.13,3,7/14/2021 16:00
1604.13,3,7/14/2021 17:00
1604.19,3,7/14/2021 18:00
1604.19,3,7/14/2021 19:00
1604.21,3,7/14/2021 20:00
1604.24,3,7/14/2021 21:00
1604.17,3,7/14/2021 22:00
1604.18,3,7/14/2021 23:00
1604.17,3,7/15/2021 0:00
1604.16,3,7/15/2021 1:00
1604.22,3,7/15/2021 2:00
1604.27,3,7/15/2021 3:00
1604.24,3,7/15/2021 4:00
1604.24,3,7/15/2021 5:00
1604.28,3,7/15/2021 6:00
1604.23,3,7/15/2021 7:00
1604.25,3,7/15/2021 8:00
1604.26,3,7/15/2021 9:00
1604.26,3,7/15/2021 10:00
1604.27,3,7/15/2021 11:00
1604.23,3,7/15/2021 12:00
1604.24,3,7/15/2021 13:00
1604.13,3,7/15/2021 14:00
1604.1,3,7/15/2021 15:00
1604.06,3,7/15/2021 16:00
1604.12,3,7/15/2021 17:00
1604.02,3,7/15/2021 18:00
1604,3,7/15/2021 19:00
1604,3,7/15/2021 20:00
1603.95,3,7/15/2021 21:00
1603.97,3,7/15/2021 22:00
1603.91,3,7/15/2021 23:00
1604.02,3,7/16/2021 0:00
1604.04,3,7/16/2021 1:00
1604.22,3,7/16/2021 2:00
1604.09,3,7/16/2021 3:00
1604.16,3,7/16/2021 4:00
1604.19,3,7/16/2021 5:00
1604.17,3,7/16/2021 6:00
1604.2,3,7/16/2021 7:00
1604.2,3,7/16/2021 8:00
1604.13,3,7/16/2021 9:00
1604.16,3,7/16/2021 10:00
1604.16,3,7/16/2021 11:00
1603.97,3,7/16/2021 12:00
1603.96,3,7/16/2021 13:00
1603.85,3,7/16/2021 14:00
1603.84,3,7/16/2021 15:00
1603.89,3,7/16/2021 16:00
1603.86,3,7/16/2021 17:00
1603.89,3,7/16/2021 18:00
1603.89,3,7/16/2021 19:00
1603.87,3,7/16/2021 20:00
1603.9,3,7/16/2021 21:00
1603.81,3,7/16/2021 22:00
1603.9,3,7/16/2021 23:00
1604,3,7/17/2021 0:00
1604.1,3,7/17/2021 1:00
1604.09,3,7/17/2021 2:00
1604.21,3,7/17/2021 3:00
1604.13,3,7/17/2021 4:00
1604.13,3,7/17/2021 5:00
1604.15,3,7/17/2021 6:00
1604.18,3,7/17/2021 7:00
1604.19,3,7/17/2021 8:00
1604.19,3,7/17/2021 9:00
1604.17,3,7/17/2021 10:00
1604.05,3,7/17/2021 11:00
1604.02,3,7/17/2021 12:00
1603.99,3,7/17/2021 13:00
1604.03,3,7/17/2021 14:00
1604,3,7/17/2021 15:00
1604,3,7/17/2021 16:00
1604.05,3,7/17/2021 17:00
1604.03,3,7/17/2021 18:00
1604,3,7/17/2021 19:00
1604.05,3,7/17/2021 20:00
1604.06,3,7/17/2021 21:00
1604.04,3,7/17/2021 22:00
1604.04,3,7/17/2021 23:00
1604.03,3,7/18/2021 0:00
1604.08,3,7/18/2021 1:00
1604.01,3,7/18/2021 2:00
1604.15,3,7/18/2021 3:00
1604.11,3,7/18/2021 4:00
1604.14,3,7/18/2021 5:00
1604.1,3,7/18/2021 6:00
1604.15,3,7/18/2021 7:00
1604.14,3,7/18/2021 8:00
1604.14,3,7/18/2021 9:00
1604.15,3,7/18/2021 10:00
1604.18,3,7/18/2021 11:00
1604.14,3,7/18/2021 12:00
1604.05,3,7/18/2021 13:00
1604.08,3,7/18/2021 14:00
1603.97,3,7/18/2021 15:00
1603.96,3,7/18/2021 16:00
1604.02,3,7/18/2021 17:00
1603.98,3,7/18/2021 18:00
1603.98,3,7/18/2021 19:00
1603.99,3,7/18/2021 20:00
1604,3,7/18/2021 21:00
1603.97,3,7/18/2021 22:00
1604.01,3,7/18/2021 23:00
1604.02,3,7/19/2021 0:00
1604.01,3,7/19/2021 1:00
1604.1,3,7/19/2021 2:00
1604.17,3,7/19/2021 3:00
1604.1,3,7/19/2021 4:00
1604.11,3,7/19/2021 5:00
1604.11,3,7/19/2021 6:00
1604.12,3,7/19/2021 7:00
1604.14,3,7/19/2021 8:00
1604.1,3,7/19/2021 9:00
1604.11,3,7/19/2021 10:00
1604.12,3,7/19/2021 11:00
1604.02,3,7/19/2021 12:00
1603.98,3,7/19/2021 13:00
1603.99,3,7/19/2021 14:00
1603.95,3,7/19/2021 15:00
1603.89,3,7/19/2021 16:00
1603.91,3,7/19/2021 17:00
1603.89,3,7/19/2021 18:00
1603.94,3,7/19/2021 19:00
1603.9,3,7/19/2021 20:00
1603.93,3,7/19/2021 21:00
1603.94,3,7/19/2021 22:00
1603.95,3,7/19/2021 23:00
1603.93,3,7/20/2021 0:00
1603.96,3,7/20/2021 1:00
1603.87,3,7/20/2021 2:00
1604.07,3,7/20/2021 3:00
1604.07,3,7/20/2021 4:00
1604.03,3,7/20/2021 5:00
1603.96,3,7/20/2021 6:00
1603.99,3,7/20/2021 7:00
1604.01,3,7/20/2021 8:00
1604.05,3,7/20/2021 9:00
1604.08,3,7/20/2021 10:00
1604.04,3,7/20/2021 11:00
1603.97,3,7/20/2021 12:00
1603.94,3,7/20/2021 13:00
1603.89,3,7/20/2021 14:00
1603.79,3,7/20/2021 15:00
1603.81,3,7/20/2021 16:00
1603.74,3,7/20/2021 17:00
1603.78,3,7/20/2021 18:00
1603.81,3,7/20/2021 19:00
1603.73,3,7/20/2021 20:00
1603.73,3,7/20/2021 21:00
1603.74,3,7/20/2021 22:00
1603.67,3,7/20/2021 23:00
1603.71,3,7/21/2021 0:00
1603.74,3,7/21/2021 1:00
1603.8,3,7/21/2021 2:00
1603.86,3,7/21/2021 3:00
1603.94,3,7/21/2021 4:00
1603.92,3,7/21/2021 5:00
1603.88,3,7/21/2021 6:00
1603.91,3,7/21/2021 7:00
1603.9,3,7/21/2021 8:00
1603.91,3,7/21/2021 9:00
1603.96,3,7/21/2021 10:00
1603.9,3,7/21/2021 11:00
1603.81,3,7/21/2021 12:00
1603.69,3,7/21/2021 13:00
1603.72,3,7/21/2021 14:00
1603.57,3,7/21/2021 15:00
1603.57,3,7/21/2021 16:00
1603.59,3,7/21/2021 17:00
1603.74,3,7/21/2021 18:00
1603.71,3,7/21/2021 19:00
1603.74,3,7/21/2021 20:00
1603.72,3,7/21/2021 21:00
1603.78,3,7/21/2021 22:00
1603.77,3,7/21/2021 23:00
1603.83,3,7/22/2021 0:00
1603.93,3,7/22/2021 1:00
1603.92,3,7/22/2021 2:00
1603.98,3,7/22/2021 3:00
1604,3,7/22/2021 4:00
1604,3,7/22/2021 5:00
1603.94,3,7/22/2021 6:00
1603.97,3,7/22/2021 7:00
1603.99,3,7/22/2021 8:00
1603.96,3,7/22/2021 9:00
1603.95,3,7/22/2021 10:00
1603.88,3,7/22/2021 11:00
1603.85,3,7/22/2021 12:00
1603.83,3,7/22/2021 13:00
1603.86,3,7/22/2021 14:00
1603.83,3,7/22/2021 15:00
1603.75,3,7/22/2021 16:00
1603.78,3,7/22/2021 17:00
1603.85,3,7/22/2021 18:00
1603.82,3,7/22/2021 19:00
1603.82,3,7/22/2021 20:00
1603.82,3,7/22/2021 21:00
1603.83,3,7/22/2021 22:00
1603.77,3,7/22/2021 23:00
1603.77,3,7/23/2021 0:00
1603.81,3,7/23/2021 1:00
1603.91,3,7/23/2021 2:00
1604.18,3,7/23/2021 3:00
1603.96,3,7/23/2021 4:00
1603.98,3,7/23/2021 5:00
1604.22,3,7/23/2021 6:00
1604.1,3,7/23/2021 7:00
1604.05,3,7/23/2021 8:00
1604.2,3,7/23/2021 9:00
1603.94,3,7/23/2021 10:00
1603.77,3,7/23/2021 11:00
1603.73,3,7/23/2021 12:00
1603.76,3,7/23/2021 13:00
1603.76,3,7/23/2021 14:00
1603.66,3,7/23/2021 15:00
1603.68,3,7/23/2021 16:00
1603.71,3,7/23/2021 17:00
1603.68,3,7/23/2021 18:00
1603.65,3,7/23/2021 19:00
1603.75,3,7/23/2021 20:00
1603.65,3,7/23/2021 21:00
1603.8,3,7/23/2021 22:00
1603.73,3,7/23/2021 23:00
1603.82,3,7/24/2021 0:00
1603.89,3,7/24/2021 1:00
1603.8,3,7/24/2021 2:00
1603.99,3,7/24/2021 3:00
1603.8,3,7/24/2021 4:00
1603.81,3,7/24/2021 5:00
1603.89,3,7/24/2021 6:00
1604.12,3,7/24/2021 7:00
1604.07,3,7/24/2021 8:00
1603.87,3,7/24/2021 9:00
1603.9,3,7/24/2021 10:00
1603.77,3,7/24/2021 11:00
1603.75,3,7/24/2021 12:00
1603.72,3,7/24/2021 13:00
1603.68,3,7/24/2021 14:00
1603.66,3,7/24/2021 15:00
1603.7,3,7/24/2021 16:00
1603.68,3,7/24/2021 17:00
1603.64,3,7/24/2021 18:00
1603.65,3,7/24/2021 19:00
1603.68,3,7/24/2021 20:00
1603.73,3,7/24/2021 21:00
1603.77,3,7/24/2021 22:00
1603.76,3,7/24/2021 23:00
1603.82,3,7/25/2021 0:00
1603.93,3,7/25/2021 1:00
1603.93,3,7/25/2021 2:00
1604,3,7/25/2021 3:00
1603.9,3,7/25/2021 4:00
1603.8,3,7/25/2021 5:00
1603.8,3,7/25/2021 6:00
1603.77,3,7/25/2021 7:00
1603.73,3,7/25/2021 8:00
1603.74,3,7/25/2021 9:00
1603.75,3,7/25/2021 10:00
1603.56,3,7/25/2021 11:00
1603.64,3,7/25/2021 12:00
1603.54,3,7/25/2021 13:00
1603.52,3,7/25/2021 14:00
1603.54,3,7/25/2021 15:00
1603.52,3,7/25/2021 16:00
1603.55,3,7/25/2021 17:00
1603.52,3,7/25/2021 18:00
1603.6,3,7/25/2021 19:00
1603.64,3,7/25/2021 20:00
1603.6,3,7/25/2021 21:00
1603.61,3,7/25/2021 22:00
1603.63,3,7/25/2021 23:00
1603.75,3,7/26/2021 0:00
1603.75,3,7/26/2021 1:00
1603.77,3,7/26/2021 2:00
1603.87,3,7/26/2021 3:00
1603.8,3,7/26/2021 4:00
1603.7,3,7/26/2021 5:00
1603.76,3,7/26/2021 6:00
1603.74,3,7/26/2021 7:00
1603.74,3,7/26/2021 8:00
1603.7,3,7/26/2021 9:00
1603.61,3,7/26/2021 10:00
1603.63,3,7/26/2021 11:00
1603.74,3,7/26/2021 12:00
1603.5,3,7/26/2021 13:00
1603.55,3,7/26/2021 14:00
1603.5,3,7/26/2021 15:00
1603.25,3,7/26/2021 16:00
1603.24,3,7/26/2021 17:00
1603.48,3,7/26/2021 18:00
1603.38,3,7/26/2021 19:00
1603.37,3,7/26/2021 20:00
1603.31,3,7/26/2021 21:00
1603.31,3,7/26/2021 22:00
1603.34,3,7/26/2021 23:00
1603.26,3,7/27/2021 0:00
1603.39,3,7/27/2021 1:00
1603.59,3,7/27/2021 2:00
1603.74,3,7/27/2021 3:00
1603.84,3,7/27/2021 4:00
1603.94,3,7/27/2021 5:00
1603.9,3,7/27/2021 6:00
1603.86,3,7/27/2021 7:00
1603.9,3,7/27/2021 8:00
1603.82,3,7/27/2021 9:00
1603.74,3,7/27/2021 10:00
1603.66,3,7/27/2021 11:00
1603.6,3,7/27/2021 12:00
1603.49,3,7/27/2021 13:00
1603.37,3,7/27/2021 14:00
1603.36,3,7/27/2021 15:00
1603.34,3,7/27/2021 16:00
1603.39,3,7/27/2021 17:00
1603.39,3,7/27/2021 18:00
1603.4,3,7/27/2021 19:00
1603.42,3,7/27/2021 20:00
1603.44,3,7/27/2021 21:00
1603.52,3,7/27/2021 22:00
1603.55,3,7/27/2021 23:00
1603.46,3,7/28/2021 0:00
1603.46,3,7/28/2021 1:00
1603.52,3,7/28/2021 2:00
1603.57,3,7/28/2021 3:00
1603.55,3,7/28/2021 4:00
1603.57,3,7/28/2021 5:00
1603.54,3,7/28/2021 6:00
1603.55,3,7/28/2021 7:00
1603.54,3,7/28/2021 8:00
1603.5,3,7/28/2021 9:00
1603.45,3,7/28/2021 10:00
1603.35,3,7/28/2021 11:00
1603.48,3,7/28/2021 12:00
1603.45,3,7/28/2021 13:00
1603.38,3,7/28/2021 14:00
1603.4,3,7/28/2021 15:00
1603.37,3,7/28/2021 16:00
1603.46,3,7/28/2021 17:00
1603.49,3,7/28/2021 18:00
1603.51,3,7/28/2021 19:00
1603.54,3,7/28/2021 20:00
1603.59,3,7/28/2021 21:00
1603.59,3,7/28/2021 22:00
1603.62,3,7/28/2021 23:00
1603.62,3,7/29/2021 0:00
1603.68,3,7/29/2021 1:00
1603.78,3,7/29/2021 2:00
1603.99,3,7/29/2021 3:00
1603.84,3,7/29/2021 4:00
1603.76,3,7/29/2021 5:00
1603.76,3,7/29/2021 6:00
1603.7,3,7/29/2021 7:00
1603.61,3,7/29/2021 8:00
1603.57,3,7/29/2021 9:00
1603.57,3,7/29/2021 10:00
1603.56,3,7/29/2021 11:00
1603.51,3,7/29/2021 12:00
1603.47,3,7/29/2021 13:00
1603.41,3,7/29/2021 14:00
1603.37,3,7/29/2021 15:00
1603.37,3,7/29/2021 16:00
1603.43,3,7/29/2021 17:00
1603.4,3,7/29/2021 18:00
1603.41,3,7/29/2021 19:00
1603.45,3,7/29/2021 20:00
1603.47,3,7/29/2021 21:00
1603.42,3,7/29/2021 22:00
1603.46,3,7/29/2021 23:00
1603.47,3,7/30/2021 0:00
1603.39,3,7/30/2021 1:00
1603.43,3,7/30/2021 2:00
1603.58,3,7/30/2021 3:00
1603.52,3,7/30/2021 4:00
1603.51,3,7/30/2021 5:00
1603.52,3,7/30/2021 6:00
1603.52,3,7/30/2021 7:00
1603.52,3,7/30/2021 8:00
1603.55,3,7/30/2021 9:00
1603.52,3,7/30/2021 10:00
1603.46,3,7/30/2021 11:00
1603.36,3,7/30/2021 12:00
1603.33,3,7/30/2021 13:00
1603.33,3,7/30/2021 14:00
1603.29,3,7/30/2021 15:00
1603.29,3,7/30/2021 16:00
1603.33,3,7/30/2021 17:00
1603.29,3,7/30/2021 18:00
1603.36,3,7/30/2021 19:00
1603.3,3,7/30/2021 20:00
1603.29,3,7/30/2021 21:00
1603.35,3,7/30/2021 22:00
1603.25,3,7/30/2021 23:00
1603.3,3,7/31/2021 0:00
1603.27,3,7/31/2021 1:00
1603.34,3,7/31/2021 2:00
1603.33,3,7/31/2021 3:00
1603.49,3,7/31/2021 4:00
1603.47,3,7/31/2021 5:00
1603.41,3,7/31/2021 6:00
1603.42,3,7/31/2021 7:00
1603.44,3,7/31/2021 8:00
1603.42,3,7/31/2021 9:00
1603.4,3,7/31/2021 10:00
1603.43,3,7/31/2021 11:00
1603.46,3,7/31/2021 12:00
1603.35,3,7/31/2021 13:00
1603.29,3,7/31/2021 14:00
1603.31,3,7/31/2021 15:00
1603.3,3,7/31/2021 16:00
1603.34,3,7/31/2021 17:00
1603.39,3,7/31/2021 18:00
1603.44,3,7/31/2021 19:00
1603.44,3,7/31/2021 20:00
1603.38,3,7/31/2021 21:00
1603.41,3,7/31/2021 22:00
1603.37,3,7/31/2021 23:00
1603.36,3,8/1/2021 0:00
1603.38,3,8/1/2021 1:00
1603.42,3,8/1/2021 2:00
1603.23,3,8/1/2021 3:00
1603.42,3,8/1/2021 4:00
1603.4,3,8/1/2021 5:00
1603.36,3,8/1/2021 6:00
1603.35,3,8/1/2021 7:00
1603.37,3,8/1/2021 8:00
1603.36,3,8/1/2021 9:00
1603.35,3,8/1/2021 10:00
1603.32,3,8/1/2021 11:00
1603.36,3,8/1/2021 12:00
1603.27,3,8/1/2021 13:00
1603.27,3,8/1/2021 14:00
1603.25,3,8/1/2021 15:00
1603.27,3,8/1/2021 16:00
1603.28,3,8/1/2021 17:00
1603.27,3,8/1/2021 18:00
1603.19,3,8/1/2021 19:00
1603.26,3,8/1/2021 20:00
1603.22,3,8/1/2021 21:00
1603.12,3,8/1/2021 22:00
1603.16,3,8/1/2021 23:00
1603.21,3,8/2/2021 0:00
1603.27,3,8/2/2021 1:00
1603.29,3,8/2/2021 2:00
1603.29,3,8/2/2021 3:00
1603.36,3,8/2/2021 4:00
1603.33,3,8/2/2021 5:00
1603.33,3,8/2/2021 6:00
1603.35,3,8/2/2021 7:00
1603.32,3,8/2/2021 8:00
1603.32,3,8/2/2021 9:00
1603.26,3,8/2/2021 10:00
1603.12,3,8/2/2021 11:00
1603.12,3,8/2/2021 12:00
1603.12,3,8/2/2021 13:00
1603.04,3,8/2/2021 14:00
1603.04,3,8/2/2021 15:00
1603.13,3,8/2/2021 16:00
1603.12,3,8/2/2021 17:00
1603.14,3,8/2/2021 18:00
1603.14,3,8/2/2021 19:00
1603.13,3,8/2/2021 20:00
1603.12,3,8/2/2021 21:00
1603.14,3,8/2/2021 22:00
1603.14,3,8/2/2021 23:00
1603.12,3,8/3/2021 0:00
1603.07,3,8/3/2021 1:00
1603.14,3,8/3/2021 2:00
1603.33,3,8/3/2021 3:00
1603.27,3,8/3/2021 4:00
1603.23,3,8/3/2021 5:00
1603.21,3,8/3/2021 6:00
1603.21,3,8/3/2021 7:00
1603.19,3,8/3/2021 8:00
1603.19,3,8/3/2021 9:00
1603.08,3,8/3/2021 10:00
1603.02,3,8/3/2021 11:00
1603,3,8/3/2021 12:00
1603.02,3,8/3/2021 13:00
1603.03,3,8/3/2021 14:00
1603,3,8/3/2021 15:00
1603.03,3,8/3/2021 16:00
1603.03,3,8/3/2021 17:00
1603.01,3,8/3/2021 18:00
1603.04,3,8/3/2021 19:00
1603.05,3,8/3/2021 20:00
1603.04,3,8/3/2021 21:00
1603.02,3,8/3/2021 22:00
1602.99,3,8/3/2021 23:00
